time_min,run_id,solar_irradiance_W_m2,ambient_temp_C,absorber_temp_C,food_temp_C,food_matrix,cooker_type,mass_kg,source_file,Unnamed: 10
0,2017-06_Stagnation,234.5,23.8,27.4,24,Chamber air (proxy),Parabolic dish solar cooker,0,https://data.mendeley.com/datasets/szp4hfdymy/1,
1,2017-06_Stagnation,235.295,23.865,28.17,24.235,Chamber air (proxy),Parabolic dish solar cooker,0,https://data.mendeley.com/datasets/szp4hfdymy/1,
2,2017-06_Stagnation,236.09,23.93,28.94,24.47,Chamber air (proxy),Parabolic dish solar cooker,0,https://data.mendeley.com/datasets/szp4hfdymy/1,
3,2017-06_Stagnation,236.885,23.995,29.71,24.705,Chamber air (proxy),Parabolic dish solar cooker,0,https://data.mendeley.com/datasets/szp4hfdymy/1,
4,2017-06_Stagnation,237.68,24.06,30.48,24.94,Chamber air (proxy),Parabolic dish solar cooker,0,https://data.mendeley.com/datasets/szp4hfdymy/1,
5,2017-06_Stagnation,238.475,24.125,31.25,25.175,Chamber air (proxy),Parabolic dish solar cooker,0,https://data.mendeley.com/datasets/szp4hfdymy/1,
6,2017-06_Stagnation,239.27,24.19,32.02,25.41,Chamber air (proxy),Parabolic dish solar cooker,0,https://data.mendeley.com/datasets/szp4hfdymy/1,
7,2017-06_Stagnation,240.065,24.255,32.79,25.645,Chamber air (proxy),Parabolic dish solar cooker,0,https://data.mendeley.com/datasets/szp4hfdymy/1,
8,2017-06_Stagnation,240.86,24.32,33.56,25.88,Chamber air (proxy),Parabolic dish solar cooker,0,https://data.mendeley.com/datasets/szp4hfdymy/1,
9,2017-06_Stagnation,241.655,24.385,34.33,26.115,Chamber air (proxy),Parabolic dish solar cooker,0,https://data.mendeley.com/datasets/szp4hfdymy/1,
10,2017-06_Stagnation,242.45,24.45,35.1,26.35,Chamber air (proxy),Parabolic dish solar cooker,0,https://data.mendeley.com/datasets/szp4hfdymy/1,
11,2017-06_Stagnation,243.245,24.515,35.87,26.585,Chamber air (proxy),Parabolic dish solar cooker,0,https://data.mendeley.com/datasets/szp4hfdymy/1,
12,2017-06_Stagnation,244.04,24.58,36.64,26.82,Chamber air (proxy),Parabolic dish solar cooker,0,https://data.mendeley.com/datasets/szp4hfdymy/1,
13,2017-06_Stagnation,244.835,24.645,37.41,27.055,Chamber air (proxy),Parabolic dish solar cooker,0,https://data.mendeley.com/datasets/szp4hfdymy/1,
14,2017-06_Stagnation,245.63,24.71,38.18,27.29,Chamber air (proxy),Parabolic dish solar cooker,0,https://data.mendeley.com/datasets/szp4hfdymy/1,
15,2017-06_Stagnation,246.425,24.775,38.95,27.525,Chamber air (proxy),Parabolic dish solar cooker,0,https://data.mendeley.com/datasets/szp4hfdymy/1,
16,2017-06_Stagnation,247.22,24.84,39.72,27.76,Chamber air (proxy),Parabolic dish solar cooker,0,https://data.mendeley.com/datasets/szp4hfdymy/1,
17,2017-06_Stagnation,248.015,24.905,40.49,27.995,Chamber air (proxy),Parabolic dish solar cooker,0,https://data.mendeley.com/datasets/szp4hfdymy/1,
18,2017-06_Stagnation,248.81,24.97,41.26,28.23,Chamber air (proxy),Parabolic dish solar cooker,0,https://data.mendeley.com/datasets/szp4hfdymy/1,
19,2017-06_Stagnation,249.605,25.035,42.03,28.465,Chamber air (proxy),Parabolic dish solar cooker,0,https://data.mendeley.com/datasets/szp4hfdymy/1,
20,2017-06_Stagnation,250.4,25.1,42.8,28.7,Chamber air (proxy),Parabolic dish solar cooker,0,https://data.mendeley.com/datasets/szp4hfdymy/1,
21,2017-06_Stagnation,252.66,25.13,43.36,29.265,Chamber air (proxy),Parabolic dish solar cooker,0,https://data.mendeley.com/datasets/szp4hfdymy/1,
22,2017-06_Stagnation,254.92,25.16,43.92,29.83,Chamber air (proxy),Parabolic dish solar cooker,0,https://data.mendeley.com/datasets/szp4hfdymy/1,
23,2017-06_Stagnation,257.18,25.19,44.48,30.395,Chamber air (proxy),Parabolic dish solar cooker,0,https://data.mendeley.com/datasets/szp4hfdymy/1,
24,2017-06_Stagnation,259.44,25.22,45.04,30.96,Chamber air (proxy),Parabolic dish solar cooker,0,https://data.mendeley.com/datasets/szp4hfdymy/1,
25,2017-06_Stagnation,261.7,25.25,45.6,31.525,Chamber air (proxy),Parabolic dish solar cooker,0,https://data.mendeley.com/datasets/szp4hfdymy/1,
26,2017-06_Stagnation,263.96,25.28,46.16,32.09,Chamber air (proxy),Parabolic dish solar cooker,0,https://data.mendeley.com/datasets/szp4hfdymy/1,
27,2017-06_Stagnation,266.22,25.31,46.72,32.655,Chamber air (proxy),Parabolic dish solar cooker,0,https://data.mendeley.com/datasets/szp4hfdymy/1,
28,2017-06_Stagnation,268.48,25.34,47.28,33.22,Chamber air (proxy),Parabolic dish solar cooker,0,https://data.mendeley.com/datasets/szp4hfdymy/1,
29,2017-06_Stagnation,270.74,25.37,47.84,33.785,Chamber air (proxy),Parabolic dish solar cooker,0,https://data.mendeley.com/datasets/szp4hfdymy/1,
30,2017-06_Stagnation,273,25.4,48.4,34.35,Chamber air (proxy),Parabolic dish solar cooker,0,https://data.mendeley.com/datasets/szp4hfdymy/1,
31,2017-06_Stagnation,275.26,25.43,48.96,34.915,Chamber air (proxy),Parabolic dish solar cooker,0,https://data.mendeley.com/datasets/szp4hfdymy/1,
32,2017-06_Stagnation,277.52,25.46,49.52,35.48,Chamber air (proxy),Parabolic dish solar cooker,0,https://data.mendeley.com/datasets/szp4hfdymy/1,
33,2017-06_Stagnation,279.78,25.49,50.08,36.045,Chamber air (proxy),Parabolic dish solar cooker,0,https://data.mendeley.com/datasets/szp4hfdymy/1,
34,2017-06_Stagnation,282.04,25.52,50.64,36.61,Chamber air (proxy),Parabolic dish solar cooker,0,https://data.mendeley.com/datasets/szp4hfdymy/1,
35,2017-06_Stagnation,284.3,25.55,51.2,37.175,Chamber air (proxy),Parabolic dish solar cooker,0,https://data.mendeley.com/datasets/szp4hfdymy/1,
36,2017-06_Stagnation,286.56,25.58,51.76,37.74,Chamber air (proxy),Parabolic dish solar cooker,0,https://data.mendeley.com/datasets/szp4hfdymy/1,
37,2017-06_Stagnation,288.82,25.61,52.32,38.305,Chamber air (proxy),Parabolic dish solar cooker,0,https://data.mendeley.com/datasets/szp4hfdymy/1,
38,2017-06_Stagnation,291.08,25.64,52.88,38.87,Chamber air (proxy),Parabolic dish solar cooker,0,https://data.mendeley.com/datasets/szp4hfdymy/1,
39,2017-06_Stagnation,293.34,25.67,53.44,39.435,Chamber air (proxy),Parabolic dish solar cooker,0,https://data.mendeley.com/datasets/szp4hfdymy/1,
40,2017-06_Stagnation,295.6,25.7,54,40,Chamber air (proxy),Parabolic dish solar cooker,0,https://data.mendeley.com/datasets/szp4hfdymy/1,
41,2017-06_Stagnation,296.615,25.695,54.25,40.6,Chamber air (proxy),Parabolic dish solar cooker,0,https://data.mendeley.com/datasets/szp4hfdymy/1,
42,2017-06_Stagnation,297.63,25.69,54.5,41.2,Chamber air (proxy),Parabolic dish solar cooker,0,https://data.mendeley.com/datasets/szp4hfdymy/1,
43,2017-06_Stagnation,298.645,25.685,54.75,41.8,Chamber air (proxy),Parabolic dish solar cooker,0,https://data.mendeley.com/datasets/szp4hfdymy/1,
44,2017-06_Stagnation,299.66,25.68,55,42.4,Chamber air (proxy),Parabolic dish solar cooker,0,https://data.mendeley.com/datasets/szp4hfdymy/1,
45,2017-06_Stagnation,300.675,25.675,55.25,43,Chamber air (proxy),Parabolic dish solar cooker,0,https://data.mendeley.com/datasets/szp4hfdymy/1,
46,2017-06_Stagnation,301.69,25.67,55.5,43.6,Chamber air (proxy),Parabolic dish solar cooker,0,https://data.mendeley.com/datasets/szp4hfdymy/1,
47,2017-06_Stagnation,302.705,25.665,55.75,44.2,Chamber air (proxy),Parabolic dish solar cooker,0,https://data.mendeley.com/datasets/szp4hfdymy/1,
48,2017-06_Stagnation,303.72,25.66,56,44.8,Chamber air (proxy),Parabolic dish solar cooker,0,https://data.mendeley.com/datasets/szp4hfdymy/1,
49,2017-06_Stagnation,304.735,25.655,56.25,45.4,Chamber air (proxy),Parabolic dish solar cooker,0,https://data.mendeley.com/datasets/szp4hfdymy/1,
50,2017-06_Stagnation,305.75,25.65,56.5,46,Chamber air (proxy),Parabolic dish solar cooker,0,https://data.mendeley.com/datasets/szp4hfdymy/1,
51,2017-06_Stagnation,306.765,25.645,56.75,46.6,Chamber air (proxy),Parabolic dish solar cooker,0,https://data.mendeley.com/datasets/szp4hfdymy/1,
52,2017-06_Stagnation,307.78,25.64,57,47.2,Chamber air (proxy),Parabolic dish solar cooker,0,https://data.mendeley.com/datasets/szp4hfdymy/1,
53,2017-06_Stagnation,308.795,25.635,57.25,47.8,Chamber air (proxy),Parabolic dish solar cooker,0,https://data.mendeley.com/datasets/szp4hfdymy/1,
54,2017-06_Stagnation,309.81,25.63,57.5,48.4,Chamber air (proxy),Parabolic dish solar cooker,0,https://data.mendeley.com/datasets/szp4hfdymy/1,
55,2017-06_Stagnation,310.825,25.625,57.75,49,Chamber air (proxy),Parabolic dish solar cooker,0,https://data.mendeley.com/datasets/szp4hfdymy/1,
56,2017-06_Stagnation,311.84,25.62,58,49.6,Chamber air (proxy),Parabolic dish solar cooker,0,https://data.mendeley.com/datasets/szp4hfdymy/1,
57,2017-06_Stagnation,312.855,25.615,58.25,50.2,Chamber air (proxy),Parabolic dish solar cooker,0,https://data.mendeley.com/datasets/szp4hfdymy/1,
58,2017-06_Stagnation,313.87,25.61,58.5,50.8,Chamber air (proxy),Parabolic dish solar cooker,0,https://data.mendeley.com/datasets/szp4hfdymy/1,
59,2017-06_Stagnation,314.885,25.605,58.75,51.4,Chamber air (proxy),Parabolic dish solar cooker,0,https://data.mendeley.com/datasets/szp4hfdymy/1,
60,2017-06_Stagnation,315.9,25.6,59,52,Chamber air (proxy),Parabolic dish solar cooker,0,https://data.mendeley.com/datasets/szp4hfdymy/1,
61,2017-06_Stagnation,322.315,25.585,59.55,52.825,Chamber air (proxy),Parabolic dish solar cooker,0,https://data.mendeley.com/datasets/szp4hfdymy/1,
62,2017-06_Stagnation,328.73,25.57,60.1,53.65,Chamber air (proxy),Parabolic dish solar cooker,0,https://data.mendeley.com/datasets/szp4hfdymy/1,
63,2017-06_Stagnation,335.145,25.555,60.65,54.475,Chamber air (proxy),Parabolic dish solar cooker,0,https://data.mendeley.com/datasets/szp4hfdymy/1,
64,2017-06_Stagnation,341.56,25.54,61.2,55.3,Chamber air (proxy),Parabolic dish solar cooker,0,https://data.mendeley.com/datasets/szp4hfdymy/1,
65,2017-06_Stagnation,347.975,25.525,61.75,56.125,Chamber air (proxy),Parabolic dish solar cooker,0,https://data.mendeley.com/datasets/szp4hfdymy/1,
66,2017-06_Stagnation,354.39,25.51,62.3,56.95,Chamber air (proxy),Parabolic dish solar cooker,0,https://data.mendeley.com/datasets/szp4hfdymy/1,
67,2017-06_Stagnation,360.805,25.495,62.85,57.775,Chamber air (proxy),Parabolic dish solar cooker,0,https://data.mendeley.com/datasets/szp4hfdymy/1,
68,2017-06_Stagnation,367.22,25.48,63.4,58.6,Chamber air (proxy),Parabolic dish solar cooker,0,https://data.mendeley.com/datasets/szp4hfdymy/1,
69,2017-06_Stagnation,373.635,25.465,63.95,59.425,Chamber air (proxy),Parabolic dish solar cooker,0,https://data.mendeley.com/datasets/szp4hfdymy/1,
70,2017-06_Stagnation,380.05,25.45,64.5,60.25,Chamber air (proxy),Parabolic dish solar cooker,0,https://data.mendeley.com/datasets/szp4hfdymy/1,
71,2017-06_Stagnation,386.465,25.435,65.05,61.075,Chamber air (proxy),Parabolic dish solar cooker,0,https://data.mendeley.com/datasets/szp4hfdymy/1,
72,2017-06_Stagnation,392.88,25.42,65.6,61.9,Chamber air (proxy),Parabolic dish solar cooker,0,https://data.mendeley.com/datasets/szp4hfdymy/1,
73,2017-06_Stagnation,399.295,25.405,66.15,62.725,Chamber air (proxy),Parabolic dish solar cooker,0,https://data.mendeley.com/datasets/szp4hfdymy/1,
74,2017-06_Stagnation,405.71,25.39,66.7,63.55,Chamber air (proxy),Parabolic dish solar cooker,0,https://data.mendeley.com/datasets/szp4hfdymy/1,
75,2017-06_Stagnation,412.125,25.375,67.25,64.375,Chamber air (proxy),Parabolic dish solar cooker,0,https://data.mendeley.com/datasets/szp4hfdymy/1,
76,2017-06_Stagnation,418.54,25.36,67.8,65.2,Chamber air (proxy),Parabolic dish solar cooker,0,https://data.mendeley.com/datasets/szp4hfdymy/1,
77,2017-06_Stagnation,424.955,25.345,68.35,66.025,Chamber air (proxy),Parabolic dish solar cooker,0,https://data.mendeley.com/datasets/szp4hfdymy/1,
78,2017-06_Stagnation,431.37,25.33,68.9,66.85,Chamber air (proxy),Parabolic dish solar cooker,0,https://data.mendeley.com/datasets/szp4hfdymy/1,
79,2017-06_Stagnation,437.785,25.315,69.45,67.675,Chamber air (proxy),Parabolic dish solar cooker,0,https://data.mendeley.com/datasets/szp4hfdymy/1,
80,2017-06_Stagnation,444.2,25.3,70,68.5,Chamber air (proxy),Parabolic dish solar cooker,0,https://data.mendeley.com/datasets/szp4hfdymy/1,
81,2017-06_Stagnation,448.02,25.355,70.575,68.825,Chamber air (proxy),Parabolic dish solar cooker,0,https://data.mendeley.com/datasets/szp4hfdymy/1,
82,2017-06_Stagnation,451.84,25.41,71.15,69.15,Chamber air (proxy),Parabolic dish solar cooker,0,https://data.mendeley.com/datasets/szp4hfdymy/1,
83,2017-06_Stagnation,455.66,25.465,71.725,69.475,Chamber air (proxy),Parabolic dish solar cooker,0,https://data.mendeley.com/datasets/szp4hfdymy/1,
84,2017-06_Stagnation,459.48,25.52,72.3,69.8,Chamber air (proxy),Parabolic dish solar cooker,0,https://data.mendeley.com/datasets/szp4hfdymy/1,
85,2017-06_Stagnation,463.3,25.575,72.875,70.125,Chamber air (proxy),Parabolic dish solar cooker,0,https://data.mendeley.com/datasets/szp4hfdymy/1,
86,2017-06_Stagnation,467.12,25.63,73.45,70.45,Chamber air (proxy),Parabolic dish solar cooker,0,https://data.mendeley.com/datasets/szp4hfdymy/1,
87,2017-06_Stagnation,470.94,25.685,74.025,70.775,Chamber air (proxy),Parabolic dish solar cooker,0,https://data.mendeley.com/datasets/szp4hfdymy/1,
88,2017-06_Stagnation,474.76,25.74,74.6,71.1,Chamber air (proxy),Parabolic dish solar cooker,0,https://data.mendeley.com/datasets/szp4hfdymy/1,
89,2017-06_Stagnation,478.58,25.795,75.175,71.425,Chamber air (proxy),Parabolic dish solar cooker,0,https://data.mendeley.com/datasets/szp4hfdymy/1,
90,2017-06_Stagnation,482.4,25.85,75.75,71.75,Chamber air (proxy),Parabolic dish solar cooker,0,https://data.mendeley.com/datasets/szp4hfdymy/1,
91,2017-06_Stagnation,486.22,25.905,76.325,72.075,Chamber air (proxy),Parabolic dish solar cooker,0,https://data.mendeley.com/datasets/szp4hfdymy/1,
92,2017-06_Stagnation,490.04,25.96,76.9,72.4,Chamber air (proxy),Parabolic dish solar cooker,0,https://data.mendeley.com/datasets/szp4hfdymy/1,
93,2017-06_Stagnation,493.86,26.015,77.475,72.725,Chamber air (proxy),Parabolic dish solar cooker,0,https://data.mendeley.com/datasets/szp4hfdymy/1,
94,2017-06_Stagnation,497.68,26.07,78.05,73.05,Chamber air (proxy),Parabolic dish solar cooker,0,https://data.mendeley.com/datasets/szp4hfdymy/1,
95,2017-06_Stagnation,501.5,26.125,78.625,73.375,Chamber air (proxy),Parabolic dish solar cooker,0,https://data.mendeley.com/datasets/szp4hfdymy/1,
96,2017-06_Stagnation,505.32,26.18,79.2,73.7,Chamber air (proxy),Parabolic dish solar cooker,0,https://data.mendeley.com/datasets/szp4hfdymy/1,
97,2017-06_Stagnation,509.14,26.235,79.775,74.025,Chamber air (proxy),Parabolic dish solar cooker,0,https://data.mendeley.com/datasets/szp4hfdymy/1,
98,2017-06_Stagnation,512.96,26.29,80.35,74.35,Chamber air (proxy),Parabolic dish solar cooker,0,https://data.mendeley.com/datasets/szp4hfdymy/1,
99,2017-06_Stagnation,516.78,26.345,80.925,74.675,Chamber air (proxy),Parabolic dish solar cooker,0,https://data.mendeley.com/datasets/szp4hfdymy/1,
100,2017-06_Stagnation,520.6,26.4,81.5,75,Chamber air (proxy),Parabolic dish solar cooker,0,https://data.mendeley.com/datasets/szp4hfdymy/1,
101,2017-06_Stagnation,527.385,26.46,81.86,75.35,Chamber air (proxy),Parabolic dish solar cooker,0,https://data.mendeley.com/datasets/szp4hfdymy/1,
102,2017-06_Stagnation,534.17,26.52,82.22,75.7,Chamber air (proxy),Parabolic dish solar cooker,0,https://data.mendeley.com/datasets/szp4hfdymy/1,
103,2017-06_Stagnation,540.955,26.58,82.58,76.05,Chamber air (proxy),Parabolic dish solar cooker,0,https://data.mendeley.com/datasets/szp4hfdymy/1,
104,2017-06_Stagnation,547.74,26.64,82.94,76.4,Chamber air (proxy),Parabolic dish solar cooker,0,https://data.mendeley.com/datasets/szp4hfdymy/1,
105,2017-06_Stagnation,554.525,26.7,83.3,76.75,Chamber air (proxy),Parabolic dish solar cooker,0,https://data.mendeley.com/datasets/szp4hfdymy/1,
106,2017-06_Stagnation,561.31,26.76,83.66,77.1,Chamber air (proxy),Parabolic dish solar cooker,0,https://data.mendeley.com/datasets/szp4hfdymy/1,
107,2017-06_Stagnation,568.095,26.82,84.02,77.45,Chamber air (proxy),Parabolic dish solar cooker,0,https://data.mendeley.com/datasets/szp4hfdymy/1,
108,2017-06_Stagnation,574.88,26.88,84.38,77.8,Chamber air (proxy),Parabolic dish solar cooker,0,https://data.mendeley.com/datasets/szp4hfdymy/1,
109,2017-06_Stagnation,581.665,26.94,84.74,78.15,Chamber air (proxy),Parabolic dish solar cooker,0,https://data.mendeley.com/datasets/szp4hfdymy/1,
110,2017-06_Stagnation,588.45,27,85.1,78.5,Chamber air (proxy),Parabolic dish solar cooker,0,https://data.mendeley.com/datasets/szp4hfdymy/1,
111,2017-06_Stagnation,595.235,27.06,85.46,78.85,Chamber air (proxy),Parabolic dish solar cooker,0,https://data.mendeley.com/datasets/szp4hfdymy/1,
112,2017-06_Stagnation,602.02,27.12,85.82,79.2,Chamber air (proxy),Parabolic dish solar cooker,0,https://data.mendeley.com/datasets/szp4hfdymy/1,
113,2017-06_Stagnation,608.805,27.18,86.18,79.55,Chamber air (proxy),Parabolic dish solar cooker,0,https://data.mendeley.com/datasets/szp4hfdymy/1,
114,2017-06_Stagnation,615.59,27.24,86.54,79.9,Chamber air (proxy),Parabolic dish solar cooker,0,https://data.mendeley.com/datasets/szp4hfdymy/1,
115,2017-06_Stagnation,622.375,27.3,86.9,80.25,Chamber air (proxy),Parabolic dish solar cooker,0,https://data.mendeley.com/datasets/szp4hfdymy/1,
116,2017-06_Stagnation,629.16,27.36,87.26,80.6,Chamber air (proxy),Parabolic dish solar cooker,0,https://data.mendeley.com/datasets/szp4hfdymy/1,
117,2017-06_Stagnation,635.945,27.42,87.62,80.95,Chamber air (proxy),Parabolic dish solar cooker,0,https://data.mendeley.com/datasets/szp4hfdymy/1,
118,2017-06_Stagnation,642.73,27.48,87.98,81.3,Chamber air (proxy),Parabolic dish solar cooker,0,https://data.mendeley.com/datasets/szp4hfdymy/1,
119,2017-06_Stagnation,649.515,27.54,88.34,81.65,Chamber air (proxy),Parabolic dish solar cooker,0,https://data.mendeley.com/datasets/szp4hfdymy/1,
120,2017-06_Stagnation,656.3,27.6,88.7,82,Chamber air (proxy),Parabolic dish solar cooker,0,https://data.mendeley.com/datasets/szp4hfdymy/1,
121,2017-06_Stagnation,657.225,27.645,89.155,82.3,Chamber air (proxy),Parabolic dish solar cooker,0,https://data.mendeley.com/datasets/szp4hfdymy/1,
122,2017-06_Stagnation,658.15,27.69,89.61,82.6,Chamber air (proxy),Parabolic dish solar cooker,0,https://data.mendeley.com/datasets/szp4hfdymy/1,
123,2017-06_Stagnation,659.075,27.735,90.065,82.9,Chamber air (proxy),Parabolic dish solar cooker,0,https://data.mendeley.com/datasets/szp4hfdymy/1,
124,2017-06_Stagnation,660,27.78,90.52,83.2,Chamber air (proxy),Parabolic dish solar cooker,0,https://data.mendeley.com/datasets/szp4hfdymy/1,
125,2017-06_Stagnation,660.925,27.825,90.975,83.5,Chamber air (proxy),Parabolic dish solar cooker,0,https://data.mendeley.com/datasets/szp4hfdymy/1,
126,2017-06_Stagnation,661.85,27.87,91.43,83.8,Chamber air (proxy),Parabolic dish solar cooker,0,https://data.mendeley.com/datasets/szp4hfdymy/1,
127,2017-06_Stagnation,662.775,27.915,91.885,84.1,Chamber air (proxy),Parabolic dish solar cooker,0,https://data.mendeley.com/datasets/szp4hfdymy/1,
128,2017-06_Stagnation,663.7,27.96,92.34,84.4,Chamber air (proxy),Parabolic dish solar cooker,0,https://data.mendeley.com/datasets/szp4hfdymy/1,
129,2017-06_Stagnation,664.625,28.005,92.795,84.7,Chamber air (proxy),Parabolic dish solar cooker,0,https://data.mendeley.com/datasets/szp4hfdymy/1,
130,2017-06_Stagnation,665.55,28.05,93.25,85,Chamber air (proxy),Parabolic dish solar cooker,0,https://data.mendeley.com/datasets/szp4hfdymy/1,
131,2017-06_Stagnation,666.475,28.095,93.705,85.3,Chamber air (proxy),Parabolic dish solar cooker,0,https://data.mendeley.com/datasets/szp4hfdymy/1,
132,2017-06_Stagnation,667.4,28.14,94.16,85.6,Chamber air (proxy),Parabolic dish solar cooker,0,https://data.mendeley.com/datasets/szp4hfdymy/1,
133,2017-06_Stagnation,668.325,28.185,94.615,85.9,Chamber air (proxy),Parabolic dish solar cooker,0,https://data.mendeley.com/datasets/szp4hfdymy/1,
134,2017-06_Stagnation,669.25,28.23,95.07,86.2,Chamber air (proxy),Parabolic dish solar cooker,0,https://data.mendeley.com/datasets/szp4hfdymy/1,
135,2017-06_Stagnation,670.175,28.275,95.525,86.5,Chamber air (proxy),Parabolic dish solar cooker,0,https://data.mendeley.com/datasets/szp4hfdymy/1,
136,2017-06_Stagnation,671.1,28.32,95.98,86.8,Chamber air (proxy),Parabolic dish solar cooker,0,https://data.mendeley.com/datasets/szp4hfdymy/1,
137,2017-06_Stagnation,672.025,28.365,96.435,87.1,Chamber air (proxy),Parabolic dish solar cooker,0,https://data.mendeley.com/datasets/szp4hfdymy/1,
138,2017-06_Stagnation,672.95,28.41,96.89,87.4,Chamber air (proxy),Parabolic dish solar cooker,0,https://data.mendeley.com/datasets/szp4hfdymy/1,
139,2017-06_Stagnation,673.875,28.455,97.345,87.7,Chamber air (proxy),Parabolic dish solar cooker,0,https://data.mendeley.com/datasets/szp4hfdymy/1,
140,2017-06_Stagnation,674.8,28.5,97.8,88,Chamber air (proxy),Parabolic dish solar cooker,0,https://data.mendeley.com/datasets/szp4hfdymy/1,
141,2017-06_Stagnation,674.09,28.61,98.19,88.4,Chamber air (proxy),Parabolic dish solar cooker,0,https://data.mendeley.com/datasets/szp4hfdymy/1,
142,2017-06_Stagnation,673.38,28.72,98.58,88.8,Chamber air (proxy),Parabolic dish solar cooker,0,https://data.mendeley.com/datasets/szp4hfdymy/1,
143,2017-06_Stagnation,672.67,28.83,98.97,89.2,Chamber air (proxy),Parabolic dish solar cooker,0,https://data.mendeley.com/datasets/szp4hfdymy/1,
144,2017-06_Stagnation,671.96,28.94,99.36,89.6,Chamber air (proxy),Parabolic dish solar cooker,0,https://data.mendeley.com/datasets/szp4hfdymy/1,
145,2017-06_Stagnation,671.25,29.05,99.75,90,Chamber air (proxy),Parabolic dish solar cooker,0,https://data.mendeley.com/datasets/szp4hfdymy/1,
146,2017-06_Stagnation,670.54,29.16,100.14,90.4,Chamber air (proxy),Parabolic dish solar cooker,0,https://data.mendeley.com/datasets/szp4hfdymy/1,
147,2017-06_Stagnation,669.83,29.27,100.53,90.8,Chamber air (proxy),Parabolic dish solar cooker,0,https://data.mendeley.com/datasets/szp4hfdymy/1,
148,2017-06_Stagnation,669.12,29.38,100.92,91.2,Chamber air (proxy),Parabolic dish solar cooker,0,https://data.mendeley.com/datasets/szp4hfdymy/1,
149,2017-06_Stagnation,668.41,29.49,101.31,91.6,Chamber air (proxy),Parabolic dish solar cooker,0,https://data.mendeley.com/datasets/szp4hfdymy/1,
150,2017-06_Stagnation,667.7,29.6,101.7,92,Chamber air (proxy),Parabolic dish solar cooker,0,https://data.mendeley.com/datasets/szp4hfdymy/1,
151,2017-06_Stagnation,666.99,29.71,102.09,92.4,Chamber air (proxy),Parabolic dish solar cooker,0,https://data.mendeley.com/datasets/szp4hfdymy/1,
152,2017-06_Stagnation,666.28,29.82,102.48,92.8,Chamber air (proxy),Parabolic dish solar cooker,0,https://data.mendeley.com/datasets/szp4hfdymy/1,
153,2017-06_Stagnation,665.57,29.93,102.87,93.2,Chamber air (proxy),Parabolic dish solar cooker,0,https://data.mendeley.com/datasets/szp4hfdymy/1,
154,2017-06_Stagnation,664.86,30.04,103.26,93.6,Chamber air (proxy),Parabolic dish solar cooker,0,https://data.mendeley.com/datasets/szp4hfdymy/1,
155,2017-06_Stagnation,664.15,30.15,103.65,94,Chamber air (proxy),Parabolic dish solar cooker,0,https://data.mendeley.com/datasets/szp4hfdymy/1,
156,2017-06_Stagnation,663.44,30.26,104.04,94.4,Chamber air (proxy),Parabolic dish solar cooker,0,https://data.mendeley.com/datasets/szp4hfdymy/1,
157,2017-06_Stagnation,662.73,30.37,104.43,94.8,Chamber air (proxy),Parabolic dish solar cooker,0,https://data.mendeley.com/datasets/szp4hfdymy/1,
158,2017-06_Stagnation,662.02,30.48,104.82,95.2,Chamber air (proxy),Parabolic dish solar cooker,0,https://data.mendeley.com/datasets/szp4hfdymy/1,
159,2017-06_Stagnation,661.31,30.59,105.21,95.6,Chamber air (proxy),Parabolic dish solar cooker,0,https://data.mendeley.com/datasets/szp4hfdymy/1,
160,2017-06_Stagnation,660.6,30.7,105.6,96,Chamber air (proxy),Parabolic dish solar cooker,0,https://data.mendeley.com/datasets/szp4hfdymy/1,
161,2017-06_Stagnation,666.545,30.745,105.815,96.165,Chamber air (proxy),Parabolic dish solar cooker,0,https://data.mendeley.com/datasets/szp4hfdymy/1,
162,2017-06_Stagnation,672.49,30.79,106.03,96.33,Chamber air (proxy),Parabolic dish solar cooker,0,https://data.mendeley.com/datasets/szp4hfdymy/1,
163,2017-06_Stagnation,678.435,30.835,106.245,96.495,Chamber air (proxy),Parabolic dish solar cooker,0,https://data.mendeley.com/datasets/szp4hfdymy/1,
164,2017-06_Stagnation,684.38,30.88,106.46,96.66,Chamber air (proxy),Parabolic dish solar cooker,0,https://data.mendeley.com/datasets/szp4hfdymy/1,
165,2017-06_Stagnation,690.325,30.925,106.675,96.825,Chamber air (proxy),Parabolic dish solar cooker,0,https://data.mendeley.com/datasets/szp4hfdymy/1,
166,2017-06_Stagnation,696.27,30.97,106.89,96.99,Chamber air (proxy),Parabolic dish solar cooker,0,https://data.mendeley.com/datasets/szp4hfdymy/1,
167,2017-06_Stagnation,702.215,31.015,107.105,97.155,Chamber air (proxy),Parabolic dish solar cooker,0,https://data.mendeley.com/datasets/szp4hfdymy/1,
168,2017-06_Stagnation,708.16,31.06,107.32,97.32,Chamber air (proxy),Parabolic dish solar cooker,0,https://data.mendeley.com/datasets/szp4hfdymy/1,
169,2017-06_Stagnation,714.105,31.105,107.535,97.485,Chamber air (proxy),Parabolic dish solar cooker,0,https://data.mendeley.com/datasets/szp4hfdymy/1,
170,2017-06_Stagnation,720.05,31.15,107.75,97.65,Chamber air (proxy),Parabolic dish solar cooker,0,https://data.mendeley.com/datasets/szp4hfdymy/1,
171,2017-06_Stagnation,725.995,31.195,107.965,97.815,Chamber air (proxy),Parabolic dish solar cooker,0,https://data.mendeley.com/datasets/szp4hfdymy/1,
172,2017-06_Stagnation,731.94,31.24,108.18,97.98,Chamber air (proxy),Parabolic dish solar cooker,0,https://data.mendeley.com/datasets/szp4hfdymy/1,
173,2017-06_Stagnation,737.885,31.285,108.395,98.145,Chamber air (proxy),Parabolic dish solar cooker,0,https://data.mendeley.com/datasets/szp4hfdymy/1,
174,2017-06_Stagnation,743.83,31.33,108.61,98.31,Chamber air (proxy),Parabolic dish solar cooker,0,https://data.mendeley.com/datasets/szp4hfdymy/1,
175,2017-06_Stagnation,749.775,31.375,108.825,98.475,Chamber air (proxy),Parabolic dish solar cooker,0,https://data.mendeley.com/datasets/szp4hfdymy/1,
176,2017-06_Stagnation,755.72,31.42,109.04,98.64,Chamber air (proxy),Parabolic dish solar cooker,0,https://data.mendeley.com/datasets/szp4hfdymy/1,
177,2017-06_Stagnation,761.665,31.465,109.255,98.805,Chamber air (proxy),Parabolic dish solar cooker,0,https://data.mendeley.com/datasets/szp4hfdymy/1,
178,2017-06_Stagnation,767.61,31.51,109.47,98.97,Chamber air (proxy),Parabolic dish solar cooker,0,https://data.mendeley.com/datasets/szp4hfdymy/1,
179,2017-06_Stagnation,773.555,31.555,109.685,99.135,Chamber air (proxy),Parabolic dish solar cooker,0,https://data.mendeley.com/datasets/szp4hfdymy/1,
180,2017-06_Stagnation,779.5,31.6,109.9,99.3,Chamber air (proxy),Parabolic dish solar cooker,0,https://data.mendeley.com/datasets/szp4hfdymy/1,
181,2017-06_Stagnation,785.02,31.695,110.12,99.315,Chamber air (proxy),Parabolic dish solar cooker,0,https://data.mendeley.com/datasets/szp4hfdymy/1,
182,2017-06_Stagnation,790.54,31.79,110.34,99.33,Chamber air (proxy),Parabolic dish solar cooker,0,https://data.mendeley.com/datasets/szp4hfdymy/1,
183,2017-06_Stagnation,796.06,31.885,110.56,99.345,Chamber air (proxy),Parabolic dish solar cooker,0,https://data.mendeley.com/datasets/szp4hfdymy/1,
184,2017-06_Stagnation,801.58,31.98,110.78,99.36,Chamber air (proxy),Parabolic dish solar cooker,0,https://data.mendeley.com/datasets/szp4hfdymy/1,
185,2017-06_Stagnation,807.1,32.075,111,99.375,Chamber air (proxy),Parabolic dish solar cooker,0,https://data.mendeley.com/datasets/szp4hfdymy/1,
186,2017-06_Stagnation,812.62,32.17,111.22,99.39,Chamber air (proxy),Parabolic dish solar cooker,0,https://data.mendeley.com/datasets/szp4hfdymy/1,
187,2017-06_Stagnation,818.14,32.265,111.44,99.405,Chamber air (proxy),Parabolic dish solar cooker,0,https://data.mendeley.com/datasets/szp4hfdymy/1,
188,2017-06_Stagnation,823.66,32.36,111.66,99.42,Chamber air (proxy),Parabolic dish solar cooker,0,https://data.mendeley.com/datasets/szp4hfdymy/1,
189,2017-06_Stagnation,829.18,32.455,111.88,99.435,Chamber air (proxy),Parabolic dish solar cooker,0,https://data.mendeley.com/datasets/szp4hfdymy/1,
190,2017-06_Stagnation,834.7,32.55,112.1,99.45,Chamber air (proxy),Parabolic dish solar cooker,0,https://data.mendeley.com/datasets/szp4hfdymy/1,
191,2017-06_Stagnation,840.22,32.645,112.32,99.465,Chamber air (proxy),Parabolic dish solar cooker,0,https://data.mendeley.com/datasets/szp4hfdymy/1,
192,2017-06_Stagnation,845.74,32.74,112.54,99.48,Chamber air (proxy),Parabolic dish solar cooker,0,https://data.mendeley.com/datasets/szp4hfdymy/1,
193,2017-06_Stagnation,851.26,32.835,112.76,99.495,Chamber air (proxy),Parabolic dish solar cooker,0,https://data.mendeley.com/datasets/szp4hfdymy/1,
194,2017-06_Stagnation,856.78,32.93,112.98,99.51,Chamber air (proxy),Parabolic dish solar cooker,0,https://data.mendeley.com/datasets/szp4hfdymy/1,
195,2017-06_Stagnation,862.3,33.025,113.2,99.525,Chamber air (proxy),Parabolic dish solar cooker,0,https://data.mendeley.com/datasets/szp4hfdymy/1,
196,2017-06_Stagnation,867.82,33.12,113.42,99.54,Chamber air (proxy),Parabolic dish solar cooker,0,https://data.mendeley.com/datasets/szp4hfdymy/1,
197,2017-06_Stagnation,873.34,33.215,113.64,99.555,Chamber air (proxy),Parabolic dish solar cooker,0,https://data.mendeley.com/datasets/szp4hfdymy/1,
198,2017-06_Stagnation,878.86,33.31,113.86,99.57,Chamber air (proxy),Parabolic dish solar cooker,0,https://data.mendeley.com/datasets/szp4hfdymy/1,
199,2017-06_Stagnation,884.38,33.405,114.08,99.585,Chamber air (proxy),Parabolic dish solar cooker,0,https://data.mendeley.com/datasets/szp4hfdymy/1,
200,2017-06_Stagnation,889.9,33.5,114.3,99.6,Chamber air (proxy),Parabolic dish solar cooker,0,https://data.mendeley.com/datasets/szp4hfdymy/1,
201,2017-06_Stagnation,885.94,33.35,114.335,99.545,Chamber air (proxy),Parabolic dish solar cooker,0,https://data.mendeley.com/datasets/szp4hfdymy/1,
202,2017-06_Stagnation,881.98,33.2,114.37,99.49,Chamber air (proxy),Parabolic dish solar cooker,0,https://data.mendeley.com/datasets/szp4hfdymy/1,
203,2017-06_Stagnation,878.02,33.05,114.405,99.435,Chamber air (proxy),Parabolic dish solar cooker,0,https://data.mendeley.com/datasets/szp4hfdymy/1,
204,2017-06_Stagnation,874.06,32.9,114.44,99.38,Chamber air (proxy),Parabolic dish solar cooker,0,https://data.mendeley.com/datasets/szp4hfdymy/1,
205,2017-06_Stagnation,870.1,32.75,114.475,99.325,Chamber air (proxy),Parabolic dish solar cooker,0,https://data.mendeley.com/datasets/szp4hfdymy/1,
206,2017-06_Stagnation,866.14,32.6,114.51,99.27,Chamber air (proxy),Parabolic dish solar cooker,0,https://data.mendeley.com/datasets/szp4hfdymy/1,
207,2017-06_Stagnation,862.18,32.45,114.545,99.215,Chamber air (proxy),Parabolic dish solar cooker,0,https://data.mendeley.com/datasets/szp4hfdymy/1,
208,2017-06_Stagnation,858.22,32.3,114.58,99.16,Chamber air (proxy),Parabolic dish solar cooker,0,https://data.mendeley.com/datasets/szp4hfdymy/1,
209,2017-06_Stagnation,854.26,32.15,114.615,99.105,Chamber air (proxy),Parabolic dish solar cooker,0,https://data.mendeley.com/datasets/szp4hfdymy/1,
210,2017-06_Stagnation,850.3,32,114.65,99.05,Chamber air (proxy),Parabolic dish solar cooker,0,https://data.mendeley.com/datasets/szp4hfdymy/1,
211,2017-06_Stagnation,846.34,31.85,114.685,98.995,Chamber air (proxy),Parabolic dish solar cooker,0,https://data.mendeley.com/datasets/szp4hfdymy/1,
212,2017-06_Stagnation,842.38,31.7,114.72,98.94,Chamber air (proxy),Parabolic dish solar cooker,0,https://data.mendeley.com/datasets/szp4hfdymy/1,
213,2017-06_Stagnation,838.42,31.55,114.755,98.885,Chamber air (proxy),Parabolic dish solar cooker,0,https://data.mendeley.com/datasets/szp4hfdymy/1,
214,2017-06_Stagnation,834.46,31.4,114.79,98.83,Chamber air (proxy),Parabolic dish solar cooker,0,https://data.mendeley.com/datasets/szp4hfdymy/1,
215,2017-06_Stagnation,830.5,31.25,114.825,98.775,Chamber air (proxy),Parabolic dish solar cooker,0,https://data.mendeley.com/datasets/szp4hfdymy/1,
216,2017-06_Stagnation,826.54,31.1,114.86,98.72,Chamber air (proxy),Parabolic dish solar cooker,0,https://data.mendeley.com/datasets/szp4hfdymy/1,
217,2017-06_Stagnation,822.58,30.95,114.895,98.665,Chamber air (proxy),Parabolic dish solar cooker,0,https://data.mendeley.com/datasets/szp4hfdymy/1,
218,2017-06_Stagnation,818.62,30.8,114.93,98.61,Chamber air (proxy),Parabolic dish solar cooker,0,https://data.mendeley.com/datasets/szp4hfdymy/1,
219,2017-06_Stagnation,814.66,30.65,114.965,98.555,Chamber air (proxy),Parabolic dish solar cooker,0,https://data.mendeley.com/datasets/szp4hfdymy/1,
220,2017-06_Stagnation,810.7,30.5,115,98.5,Chamber air (proxy),Parabolic dish solar cooker,0,https://data.mendeley.com/datasets/szp4hfdymy/1,
221,2017-06_Stagnation,809.77,30.535,114.95,98.43,Chamber air (proxy),Parabolic dish solar cooker,0,https://data.mendeley.com/datasets/szp4hfdymy/1,
222,2017-06_Stagnation,808.84,30.57,114.9,98.36,Chamber air (proxy),Parabolic dish solar cooker,0,https://data.mendeley.com/datasets/szp4hfdymy/1,
223,2017-06_Stagnation,807.91,30.605,114.85,98.29,Chamber air (proxy),Parabolic dish solar cooker,0,https://data.mendeley.com/datasets/szp4hfdymy/1,
224,2017-06_Stagnation,806.98,30.64,114.8,98.22,Chamber air (proxy),Parabolic dish solar cooker,0,https://data.mendeley.com/datasets/szp4hfdymy/1,
225,2017-06_Stagnation,806.05,30.675,114.75,98.15,Chamber air (proxy),Parabolic dish solar cooker,0,https://data.mendeley.com/datasets/szp4hfdymy/1,
226,2017-06_Stagnation,805.12,30.71,114.7,98.08,Chamber air (proxy),Parabolic dish solar cooker,0,https://data.mendeley.com/datasets/szp4hfdymy/1,
227,2017-06_Stagnation,804.19,30.745,114.65,98.01,Chamber air (proxy),Parabolic dish solar cooker,0,https://data.mendeley.com/datasets/szp4hfdymy/1,
228,2017-06_Stagnation,803.26,30.78,114.6,97.94,Chamber air (proxy),Parabolic dish solar cooker,0,https://data.mendeley.com/datasets/szp4hfdymy/1,
229,2017-06_Stagnation,802.33,30.815,114.55,97.87,Chamber air (proxy),Parabolic dish solar cooker,0,https://data.mendeley.com/datasets/szp4hfdymy/1,
230,2017-06_Stagnation,801.4,30.85,114.5,97.8,Chamber air (proxy),Parabolic dish solar cooker,0,https://data.mendeley.com/datasets/szp4hfdymy/1,
231,2017-06_Stagnation,800.47,30.885,114.45,97.73,Chamber air (proxy),Parabolic dish solar cooker,0,https://data.mendeley.com/datasets/szp4hfdymy/1,
232,2017-06_Stagnation,799.54,30.92,114.4,97.66,Chamber air (proxy),Parabolic dish solar cooker,0,https://data.mendeley.com/datasets/szp4hfdymy/1,
233,2017-06_Stagnation,798.61,30.955,114.35,97.59,Chamber air (proxy),Parabolic dish solar cooker,0,https://data.mendeley.com/datasets/szp4hfdymy/1,
234,2017-06_Stagnation,797.68,30.99,114.3,97.52,Chamber air (proxy),Parabolic dish solar cooker,0,https://data.mendeley.com/datasets/szp4hfdymy/1,
235,2017-06_Stagnation,796.75,31.025,114.25,97.45,Chamber air (proxy),Parabolic dish solar cooker,0,https://data.mendeley.com/datasets/szp4hfdymy/1,
236,2017-06_Stagnation,795.82,31.06,114.2,97.38,Chamber air (proxy),Parabolic dish solar cooker,0,https://data.mendeley.com/datasets/szp4hfdymy/1,
237,2017-06_Stagnation,794.89,31.095,114.15,97.31,Chamber air (proxy),Parabolic dish solar cooker,0,https://data.mendeley.com/datasets/szp4hfdymy/1,
238,2017-06_Stagnation,793.96,31.13,114.1,97.24,Chamber air (proxy),Parabolic dish solar cooker,0,https://data.mendeley.com/datasets/szp4hfdymy/1,
239,2017-06_Stagnation,793.03,31.165,114.05,97.17,Chamber air (proxy),Parabolic dish solar cooker,0,https://data.mendeley.com/datasets/szp4hfdymy/1,
240,2017-06_Stagnation,792.1,31.2,114,97.1,Chamber air (proxy),Parabolic dish solar cooker,0,https://data.mendeley.com/datasets/szp4hfdymy/1,
241,2017-06_Stagnation,792.255,31.17,113.95,97.145,Chamber air (proxy),Parabolic dish solar cooker,0,https://data.mendeley.com/datasets/szp4hfdymy/1,
242,2017-06_Stagnation,792.41,31.14,113.9,97.19,Chamber air (proxy),Parabolic dish solar cooker,0,https://data.mendeley.com/datasets/szp4hfdymy/1,
243,2017-06_Stagnation,792.565,31.11,113.85,97.235,Chamber air (proxy),Parabolic dish solar cooker,0,https://data.mendeley.com/datasets/szp4hfdymy/1,
244,2017-06_Stagnation,792.72,31.08,113.8,97.28,Chamber air (proxy),Parabolic dish solar cooker,0,https://data.mendeley.com/datasets/szp4hfdymy/1,
245,2017-06_Stagnation,792.875,31.05,113.75,97.325,Chamber air (proxy),Parabolic dish solar cooker,0,https://data.mendeley.com/datasets/szp4hfdymy/1,
246,2017-06_Stagnation,793.03,31.02,113.7,97.37,Chamber air (proxy),Parabolic dish solar cooker,0,https://data.mendeley.com/datasets/szp4hfdymy/1,
247,2017-06_Stagnation,793.185,30.99,113.65,97.415,Chamber air (proxy),Parabolic dish solar cooker,0,https://data.mendeley.com/datasets/szp4hfdymy/1,
248,2017-06_Stagnation,793.34,30.96,113.6,97.46,Chamber air (proxy),Parabolic dish solar cooker,0,https://data.mendeley.com/datasets/szp4hfdymy/1,
249,2017-06_Stagnation,793.495,30.93,113.55,97.505,Chamber air (proxy),Parabolic dish solar cooker,0,https://data.mendeley.com/datasets/szp4hfdymy/1,
250,2017-06_Stagnation,793.65,30.9,113.5,97.55,Chamber air (proxy),Parabolic dish solar cooker,0,https://data.mendeley.com/datasets/szp4hfdymy/1,
251,2017-06_Stagnation,793.805,30.87,113.45,97.595,Chamber air (proxy),Parabolic dish solar cooker,0,https://data.mendeley.com/datasets/szp4hfdymy/1,
252,2017-06_Stagnation,793.96,30.84,113.4,97.64,Chamber air (proxy),Parabolic dish solar cooker,0,https://data.mendeley.com/datasets/szp4hfdymy/1,
253,2017-06_Stagnation,794.115,30.81,113.35,97.685,Chamber air (proxy),Parabolic dish solar cooker,0,https://data.mendeley.com/datasets/szp4hfdymy/1,
254,2017-06_Stagnation,794.27,30.78,113.3,97.73,Chamber air (proxy),Parabolic dish solar cooker,0,https://data.mendeley.com/datasets/szp4hfdymy/1,
255,2017-06_Stagnation,794.425,30.75,113.25,97.775,Chamber air (proxy),Parabolic dish solar cooker,0,https://data.mendeley.com/datasets/szp4hfdymy/1,
256,2017-06_Stagnation,794.58,30.72,113.2,97.82,Chamber air (proxy),Parabolic dish solar cooker,0,https://data.mendeley.com/datasets/szp4hfdymy/1,
257,2017-06_Stagnation,794.735,30.69,113.15,97.865,Chamber air (proxy),Parabolic dish solar cooker,0,https://data.mendeley.com/datasets/szp4hfdymy/1,
258,2017-06_Stagnation,794.89,30.66,113.1,97.91,Chamber air (proxy),Parabolic dish solar cooker,0,https://data.mendeley.com/datasets/szp4hfdymy/1,
259,2017-06_Stagnation,795.045,30.63,113.05,97.955,Chamber air (proxy),Parabolic dish solar cooker,0,https://data.mendeley.com/datasets/szp4hfdymy/1,
260,2017-06_Stagnation,795.2,30.6,113,98,Chamber air (proxy),Parabolic dish solar cooker,0,https://data.mendeley.com/datasets/szp4hfdymy/1,
261,2017-06_Stagnation,793.155,30.47,113.065,98.075,Chamber air (proxy),Parabolic dish solar cooker,0,https://data.mendeley.com/datasets/szp4hfdymy/1,
262,2017-06_Stagnation,791.11,30.34,113.13,98.15,Chamber air (proxy),Parabolic dish solar cooker,0,https://data.mendeley.com/datasets/szp4hfdymy/1,
263,2017-06_Stagnation,789.065,30.21,113.195,98.225,Chamber air (proxy),Parabolic dish solar cooker,0,https://data.mendeley.com/datasets/szp4hfdymy/1,
264,2017-06_Stagnation,787.02,30.08,113.26,98.3,Chamber air (proxy),Parabolic dish solar cooker,0,https://data.mendeley.com/datasets/szp4hfdymy/1,
265,2017-06_Stagnation,784.975,29.95,113.325,98.375,Chamber air (proxy),Parabolic dish solar cooker,0,https://data.mendeley.com/datasets/szp4hfdymy/1,
266,2017-06_Stagnation,782.93,29.82,113.39,98.45,Chamber air (proxy),Parabolic dish solar cooker,0,https://data.mendeley.com/datasets/szp4hfdymy/1,
267,2017-06_Stagnation,780.885,29.69,113.455,98.525,Chamber air (proxy),Parabolic dish solar cooker,0,https://data.mendeley.com/datasets/szp4hfdymy/1,
268,2017-06_Stagnation,778.84,29.56,113.52,98.6,Chamber air (proxy),Parabolic dish solar cooker,0,https://data.mendeley.com/datasets/szp4hfdymy/1,
269,2017-06_Stagnation,776.795,29.43,113.585,98.675,Chamber air (proxy),Parabolic dish solar cooker,0,https://data.mendeley.com/datasets/szp4hfdymy/1,
270,2017-06_Stagnation,774.75,29.3,113.65,98.75,Chamber air (proxy),Parabolic dish solar cooker,0,https://data.mendeley.com/datasets/szp4hfdymy/1,
271,2017-06_Stagnation,772.705,29.17,113.715,98.825,Chamber air (proxy),Parabolic dish solar cooker,0,https://data.mendeley.com/datasets/szp4hfdymy/1,
272,2017-06_Stagnation,770.66,29.04,113.78,98.9,Chamber air (proxy),Parabolic dish solar cooker,0,https://data.mendeley.com/datasets/szp4hfdymy/1,
273,2017-06_Stagnation,768.615,28.91,113.845,98.975,Chamber air (proxy),Parabolic dish solar cooker,0,https://data.mendeley.com/datasets/szp4hfdymy/1,
274,2017-06_Stagnation,766.57,28.78,113.91,99.05,Chamber air (proxy),Parabolic dish solar cooker,0,https://data.mendeley.com/datasets/szp4hfdymy/1,
275,2017-06_Stagnation,764.525,28.65,113.975,99.125,Chamber air (proxy),Parabolic dish solar cooker,0,https://data.mendeley.com/datasets/szp4hfdymy/1,
276,2017-06_Stagnation,762.48,28.52,114.04,99.2,Chamber air (proxy),Parabolic dish solar cooker,0,https://data.mendeley.com/datasets/szp4hfdymy/1,
277,2017-06_Stagnation,760.435,28.39,114.105,99.275,Chamber air (proxy),Parabolic dish solar cooker,0,https://data.mendeley.com/datasets/szp4hfdymy/1,
278,2017-06_Stagnation,758.39,28.26,114.17,99.35,Chamber air (proxy),Parabolic dish solar cooker,0,https://data.mendeley.com/datasets/szp4hfdymy/1,
279,2017-06_Stagnation,756.345,28.13,114.235,99.425,Chamber air (proxy),Parabolic dish solar cooker,0,https://data.mendeley.com/datasets/szp4hfdymy/1,
280,2017-06_Stagnation,754.3,28,114.3,99.5,Chamber air (proxy),Parabolic dish solar cooker,0,https://data.mendeley.com/datasets/szp4hfdymy/1,
281,2017-06_Stagnation,751.605,27.98,114.185,99.565,Chamber air (proxy),Parabolic dish solar cooker,0,https://data.mendeley.com/datasets/szp4hfdymy/1,
282,2017-06_Stagnation,748.91,27.96,114.07,99.63,Chamber air (proxy),Parabolic dish solar cooker,0,https://data.mendeley.com/datasets/szp4hfdymy/1,
283,2017-06_Stagnation,746.215,27.94,113.955,99.695,Chamber air (proxy),Parabolic dish solar cooker,0,https://data.mendeley.com/datasets/szp4hfdymy/1,
284,2017-06_Stagnation,743.52,27.92,113.84,99.76,Chamber air (proxy),Parabolic dish solar cooker,0,https://data.mendeley.com/datasets/szp4hfdymy/1,
285,2017-06_Stagnation,740.825,27.9,113.725,99.825,Chamber air (proxy),Parabolic dish solar cooker,0,https://data.mendeley.com/datasets/szp4hfdymy/1,
286,2017-06_Stagnation,738.13,27.88,113.61,99.89,Chamber air (proxy),Parabolic dish solar cooker,0,https://data.mendeley.com/datasets/szp4hfdymy/1,
287,2017-06_Stagnation,735.435,27.86,113.495,99.955,Chamber air (proxy),Parabolic dish solar cooker,0,https://data.mendeley.com/datasets/szp4hfdymy/1,
288,2017-06_Stagnation,732.74,27.84,113.38,100.02,Chamber air (proxy),Parabolic dish solar cooker,0,https://data.mendeley.com/datasets/szp4hfdymy/1,
289,2017-06_Stagnation,730.045,27.82,113.265,100.085,Chamber air (proxy),Parabolic dish solar cooker,0,https://data.mendeley.com/datasets/szp4hfdymy/1,
290,2017-06_Stagnation,727.35,27.8,113.15,100.15,Chamber air (proxy),Parabolic dish solar cooker,0,https://data.mendeley.com/datasets/szp4hfdymy/1,
291,2017-06_Stagnation,724.655,27.78,113.035,100.215,Chamber air (proxy),Parabolic dish solar cooker,0,https://data.mendeley.com/datasets/szp4hfdymy/1,
292,2017-06_Stagnation,721.96,27.76,112.92,100.28,Chamber air (proxy),Parabolic dish solar cooker,0,https://data.mendeley.com/datasets/szp4hfdymy/1,
293,2017-06_Stagnation,719.265,27.74,112.805,100.345,Chamber air (proxy),Parabolic dish solar cooker,0,https://data.mendeley.com/datasets/szp4hfdymy/1,
294,2017-06_Stagnation,716.57,27.72,112.69,100.41,Chamber air (proxy),Parabolic dish solar cooker,0,https://data.mendeley.com/datasets/szp4hfdymy/1,
295,2017-06_Stagnation,713.875,27.7,112.575,100.475,Chamber air (proxy),Parabolic dish solar cooker,0,https://data.mendeley.com/datasets/szp4hfdymy/1,
296,2017-06_Stagnation,711.18,27.68,112.46,100.54,Chamber air (proxy),Parabolic dish solar cooker,0,https://data.mendeley.com/datasets/szp4hfdymy/1,
297,2017-06_Stagnation,708.485,27.66,112.345,100.605,Chamber air (proxy),Parabolic dish solar cooker,0,https://data.mendeley.com/datasets/szp4hfdymy/1,
298,2017-06_Stagnation,705.79,27.64,112.23,100.67,Chamber air (proxy),Parabolic dish solar cooker,0,https://data.mendeley.com/datasets/szp4hfdymy/1,
299,2017-06_Stagnation,703.095,27.62,112.115,100.735,Chamber air (proxy),Parabolic dish solar cooker,0,https://data.mendeley.com/datasets/szp4hfdymy/1,
300,2017-06_Stagnation,700.4,27.6,112,100.8,Chamber air (proxy),Parabolic dish solar cooker,0,https://data.mendeley.com/datasets/szp4hfdymy/1,
301,2017-06_Stagnation,698.91,27.635,111.975,100.76,Chamber air (proxy),Parabolic dish solar cooker,0,https://data.mendeley.com/datasets/szp4hfdymy/1,
302,2017-06_Stagnation,697.42,27.67,111.95,100.72,Chamber air (proxy),Parabolic dish solar cooker,0,https://data.mendeley.com/datasets/szp4hfdymy/1,
303,2017-06_Stagnation,695.93,27.705,111.925,100.68,Chamber air (proxy),Parabolic dish solar cooker,0,https://data.mendeley.com/datasets/szp4hfdymy/1,
304,2017-06_Stagnation,694.44,27.74,111.9,100.64,Chamber air (proxy),Parabolic dish solar cooker,0,https://data.mendeley.com/datasets/szp4hfdymy/1,
305,2017-06_Stagnation,692.95,27.775,111.875,100.6,Chamber air (proxy),Parabolic dish solar cooker,0,https://data.mendeley.com/datasets/szp4hfdymy/1,
306,2017-06_Stagnation,691.46,27.81,111.85,100.56,Chamber air (proxy),Parabolic dish solar cooker,0,https://data.mendeley.com/datasets/szp4hfdymy/1,
307,2017-06_Stagnation,689.97,27.845,111.825,100.52,Chamber air (proxy),Parabolic dish solar cooker,0,https://data.mendeley.com/datasets/szp4hfdymy/1,
308,2017-06_Stagnation,688.48,27.88,111.8,100.48,Chamber air (proxy),Parabolic dish solar cooker,0,https://data.mendeley.com/datasets/szp4hfdymy/1,
309,2017-06_Stagnation,686.99,27.915,111.775,100.44,Chamber air (proxy),Parabolic dish solar cooker,0,https://data.mendeley.com/datasets/szp4hfdymy/1,
310,2017-06_Stagnation,685.5,27.95,111.75,100.4,Chamber air (proxy),Parabolic dish solar cooker,0,https://data.mendeley.com/datasets/szp4hfdymy/1,
311,2017-06_Stagnation,684.01,27.985,111.725,100.36,Chamber air (proxy),Parabolic dish solar cooker,0,https://data.mendeley.com/datasets/szp4hfdymy/1,
312,2017-06_Stagnation,682.52,28.02,111.7,100.32,Chamber air (proxy),Parabolic dish solar cooker,0,https://data.mendeley.com/datasets/szp4hfdymy/1,
313,2017-06_Stagnation,681.03,28.055,111.675,100.28,Chamber air (proxy),Parabolic dish solar cooker,0,https://data.mendeley.com/datasets/szp4hfdymy/1,
314,2017-06_Stagnation,679.54,28.09,111.65,100.24,Chamber air (proxy),Parabolic dish solar cooker,0,https://data.mendeley.com/datasets/szp4hfdymy/1,
315,2017-06_Stagnation,678.05,28.125,111.625,100.2,Chamber air (proxy),Parabolic dish solar cooker,0,https://data.mendeley.com/datasets/szp4hfdymy/1,
316,2017-06_Stagnation,676.56,28.16,111.6,100.16,Chamber air (proxy),Parabolic dish solar cooker,0,https://data.mendeley.com/datasets/szp4hfdymy/1,
317,2017-06_Stagnation,675.07,28.195,111.575,100.12,Chamber air (proxy),Parabolic dish solar cooker,0,https://data.mendeley.com/datasets/szp4hfdymy/1,
318,2017-06_Stagnation,673.58,28.23,111.55,100.08,Chamber air (proxy),Parabolic dish solar cooker,0,https://data.mendeley.com/datasets/szp4hfdymy/1,
319,2017-06_Stagnation,672.09,28.265,111.525,100.04,Chamber air (proxy),Parabolic dish solar cooker,0,https://data.mendeley.com/datasets/szp4hfdymy/1,
320,2017-06_Stagnation,670.6,28.3,111.5,100,Chamber air (proxy),Parabolic dish solar cooker,0,https://data.mendeley.com/datasets/szp4hfdymy/1,
321,2017-06_Stagnation,664.5,28.28,111.675,99.97,Chamber air (proxy),Parabolic dish solar cooker,0,https://data.mendeley.com/datasets/szp4hfdymy/1,
322,2017-06_Stagnation,658.4,28.26,111.85,99.94,Chamber air (proxy),Parabolic dish solar cooker,0,https://data.mendeley.com/datasets/szp4hfdymy/1,
323,2017-06_Stagnation,652.3,28.24,112.025,99.91,Chamber air (proxy),Parabolic dish solar cooker,0,https://data.mendeley.com/datasets/szp4hfdymy/1,
324,2017-06_Stagnation,646.2,28.22,112.2,99.88,Chamber air (proxy),Parabolic dish solar cooker,0,https://data.mendeley.com/datasets/szp4hfdymy/1,
325,2017-06_Stagnation,640.1,28.2,112.375,99.85,Chamber air (proxy),Parabolic dish solar cooker,0,https://data.mendeley.com/datasets/szp4hfdymy/1,
326,2017-06_Stagnation,634,28.18,112.55,99.82,Chamber air (proxy),Parabolic dish solar cooker,0,https://data.mendeley.com/datasets/szp4hfdymy/1,
327,2017-06_Stagnation,627.9,28.16,112.725,99.79,Chamber air (proxy),Parabolic dish solar cooker,0,https://data.mendeley.com/datasets/szp4hfdymy/1,
328,2017-06_Stagnation,621.8,28.14,112.9,99.76,Chamber air (proxy),Parabolic dish solar cooker,0,https://data.mendeley.com/datasets/szp4hfdymy/1,
329,2017-06_Stagnation,615.7,28.12,113.075,99.73,Chamber air (proxy),Parabolic dish solar cooker,0,https://data.mendeley.com/datasets/szp4hfdymy/1,
330,2017-06_Stagnation,609.6,28.1,113.25,99.7,Chamber air (proxy),Parabolic dish solar cooker,0,https://data.mendeley.com/datasets/szp4hfdymy/1,
331,2017-06_Stagnation,603.5,28.08,113.425,99.67,Chamber air (proxy),Parabolic dish solar cooker,0,https://data.mendeley.com/datasets/szp4hfdymy/1,
332,2017-06_Stagnation,597.4,28.06,113.6,99.64,Chamber air (proxy),Parabolic dish solar cooker,0,https://data.mendeley.com/datasets/szp4hfdymy/1,
333,2017-06_Stagnation,591.3,28.04,113.775,99.61,Chamber air (proxy),Parabolic dish solar cooker,0,https://data.mendeley.com/datasets/szp4hfdymy/1,
334,2017-06_Stagnation,585.2,28.02,113.95,99.58,Chamber air (proxy),Parabolic dish solar cooker,0,https://data.mendeley.com/datasets/szp4hfdymy/1,
335,2017-06_Stagnation,579.1,28,114.125,99.55,Chamber air (proxy),Parabolic dish solar cooker,0,https://data.mendeley.com/datasets/szp4hfdymy/1,
336,2017-06_Stagnation,573,27.98,114.3,99.52,Chamber air (proxy),Parabolic dish solar cooker,0,https://data.mendeley.com/datasets/szp4hfdymy/1,
337,2017-06_Stagnation,566.9,27.96,114.475,99.49,Chamber air (proxy),Parabolic dish solar cooker,0,https://data.mendeley.com/datasets/szp4hfdymy/1,
338,2017-06_Stagnation,560.8,27.94,114.65,99.46,Chamber air (proxy),Parabolic dish solar cooker,0,https://data.mendeley.com/datasets/szp4hfdymy/1,
339,2017-06_Stagnation,554.7,27.92,114.825,99.43,Chamber air (proxy),Parabolic dish solar cooker,0,https://data.mendeley.com/datasets/szp4hfdymy/1,
340,2017-06_Stagnation,548.6,27.9,115,99.4,Chamber air (proxy),Parabolic dish solar cooker,0,https://data.mendeley.com/datasets/szp4hfdymy/1,
341,2017-06_Stagnation,545.46,27.875,114.5,98.98,Chamber air (proxy),Parabolic dish solar cooker,0,https://data.mendeley.com/datasets/szp4hfdymy/1,
342,2017-06_Stagnation,542.32,27.85,114,98.56,Chamber air (proxy),Parabolic dish solar cooker,0,https://data.mendeley.com/datasets/szp4hfdymy/1,
343,2017-06_Stagnation,539.18,27.825,113.5,98.14,Chamber air (proxy),Parabolic dish solar cooker,0,https://data.mendeley.com/datasets/szp4hfdymy/1,
344,2017-06_Stagnation,536.04,27.8,113,97.72,Chamber air (proxy),Parabolic dish solar cooker,0,https://data.mendeley.com/datasets/szp4hfdymy/1,
345,2017-06_Stagnation,532.9,27.775,112.5,97.3,Chamber air (proxy),Parabolic dish solar cooker,0,https://data.mendeley.com/datasets/szp4hfdymy/1,
346,2017-06_Stagnation,529.76,27.75,112,96.88,Chamber air (proxy),Parabolic dish solar cooker,0,https://data.mendeley.com/datasets/szp4hfdymy/1,
347,2017-06_Stagnation,526.62,27.725,111.5,96.46,Chamber air (proxy),Parabolic dish solar cooker,0,https://data.mendeley.com/datasets/szp4hfdymy/1,
348,2017-06_Stagnation,523.48,27.7,111,96.04,Chamber air (proxy),Parabolic dish solar cooker,0,https://data.mendeley.com/datasets/szp4hfdymy/1,
349,2017-06_Stagnation,520.34,27.675,110.5,95.62,Chamber air (proxy),Parabolic dish solar cooker,0,https://data.mendeley.com/datasets/szp4hfdymy/1,
350,2017-06_Stagnation,517.2,27.65,110,95.2,Chamber air (proxy),Parabolic dish solar cooker,0,https://data.mendeley.com/datasets/szp4hfdymy/1,
351,2017-06_Stagnation,514.06,27.625,109.5,94.78,Chamber air (proxy),Parabolic dish solar cooker,0,https://data.mendeley.com/datasets/szp4hfdymy/1,
352,2017-06_Stagnation,510.92,27.6,109,94.36,Chamber air (proxy),Parabolic dish solar cooker,0,https://data.mendeley.com/datasets/szp4hfdymy/1,
353,2017-06_Stagnation,507.78,27.575,108.5,93.94,Chamber air (proxy),Parabolic dish solar cooker,0,https://data.mendeley.com/datasets/szp4hfdymy/1,
354,2017-06_Stagnation,504.64,27.55,108,93.52,Chamber air (proxy),Parabolic dish solar cooker,0,https://data.mendeley.com/datasets/szp4hfdymy/1,
355,2017-06_Stagnation,501.5,27.525,107.5,93.1,Chamber air (proxy),Parabolic dish solar cooker,0,https://data.mendeley.com/datasets/szp4hfdymy/1,
356,2017-06_Stagnation,498.36,27.5,107,92.68,Chamber air (proxy),Parabolic dish solar cooker,0,https://data.mendeley.com/datasets/szp4hfdymy/1,
357,2017-06_Stagnation,495.22,27.475,106.5,92.26,Chamber air (proxy),Parabolic dish solar cooker,0,https://data.mendeley.com/datasets/szp4hfdymy/1,
358,2017-06_Stagnation,492.08,27.45,106,91.84,Chamber air (proxy),Parabolic dish solar cooker,0,https://data.mendeley.com/datasets/szp4hfdymy/1,
359,2017-06_Stagnation,488.94,27.425,105.5,91.42,Chamber air (proxy),Parabolic dish solar cooker,0,https://data.mendeley.com/datasets/szp4hfdymy/1,
360,2017-06_Stagnation,485.8,27.4,105,91,Chamber air (proxy),Parabolic dish solar cooker,0,https://data.mendeley.com/datasets/szp4hfdymy/1,
361,2017-06_Stagnation,485.175,27.365,104.15,90.4,Chamber air (proxy),Parabolic dish solar cooker,0,https://data.mendeley.com/datasets/szp4hfdymy/1,
362,2017-06_Stagnation,484.55,27.33,103.3,89.8,Chamber air (proxy),Parabolic dish solar cooker,0,https://data.mendeley.com/datasets/szp4hfdymy/1,
363,2017-06_Stagnation,483.925,27.295,102.45,89.2,Chamber air (proxy),Parabolic dish solar cooker,0,https://data.mendeley.com/datasets/szp4hfdymy/1,
364,2017-06_Stagnation,483.3,27.26,101.6,88.6,Chamber air (proxy),Parabolic dish solar cooker,0,https://data.mendeley.com/datasets/szp4hfdymy/1,
365,2017-06_Stagnation,482.675,27.225,100.75,88,Chamber air (proxy),Parabolic dish solar cooker,0,https://data.mendeley.com/datasets/szp4hfdymy/1,
366,2017-06_Stagnation,482.05,27.19,99.9,87.4,Chamber air (proxy),Parabolic dish solar cooker,0,https://data.mendeley.com/datasets/szp4hfdymy/1,
367,2017-06_Stagnation,481.425,27.155,99.05,86.8,Chamber air (proxy),Parabolic dish solar cooker,0,https://data.mendeley.com/datasets/szp4hfdymy/1,
368,2017-06_Stagnation,480.8,27.12,98.2,86.2,Chamber air (proxy),Parabolic dish solar cooker,0,https://data.mendeley.com/datasets/szp4hfdymy/1,
369,2017-06_Stagnation,480.175,27.085,97.35,85.6,Chamber air (proxy),Parabolic dish solar cooker,0,https://data.mendeley.com/datasets/szp4hfdymy/1,
370,2017-06_Stagnation,479.55,27.05,96.5,85,Chamber air (proxy),Parabolic dish solar cooker,0,https://data.mendeley.com/datasets/szp4hfdymy/1,
371,2017-06_Stagnation,478.925,27.015,95.65,84.4,Chamber air (proxy),Parabolic dish solar cooker,0,https://data.mendeley.com/datasets/szp4hfdymy/1,
372,2017-06_Stagnation,478.3,26.98,94.8,83.8,Chamber air (proxy),Parabolic dish solar cooker,0,https://data.mendeley.com/datasets/szp4hfdymy/1,
373,2017-06_Stagnation,477.675,26.945,93.95,83.2,Chamber air (proxy),Parabolic dish solar cooker,0,https://data.mendeley.com/datasets/szp4hfdymy/1,
374,2017-06_Stagnation,477.05,26.91,93.1,82.6,Chamber air (proxy),Parabolic dish solar cooker,0,https://data.mendeley.com/datasets/szp4hfdymy/1,
375,2017-06_Stagnation,476.425,26.875,92.25,82,Chamber air (proxy),Parabolic dish solar cooker,0,https://data.mendeley.com/datasets/szp4hfdymy/1,
376,2017-06_Stagnation,475.8,26.84,91.4,81.4,Chamber air (proxy),Parabolic dish solar cooker,0,https://data.mendeley.com/datasets/szp4hfdymy/1,
377,2017-06_Stagnation,475.175,26.805,90.55,80.8,Chamber air (proxy),Parabolic dish solar cooker,0,https://data.mendeley.com/datasets/szp4hfdymy/1,
378,2017-06_Stagnation,474.55,26.77,89.7,80.2,Chamber air (proxy),Parabolic dish solar cooker,0,https://data.mendeley.com/datasets/szp4hfdymy/1,
379,2017-06_Stagnation,473.925,26.735,88.85,79.6,Chamber air (proxy),Parabolic dish solar cooker,0,https://data.mendeley.com/datasets/szp4hfdymy/1,
380,2017-06_Stagnation,473.3,26.7,88,79,Chamber air (proxy),Parabolic dish solar cooker,0,https://data.mendeley.com/datasets/szp4hfdymy/1,
381,2017-06_Stagnation,471.12,26.65,87.15,78.7,Chamber air (proxy),Parabolic dish solar cooker,0,https://data.mendeley.com/datasets/szp4hfdymy/1,
382,2017-06_Stagnation,468.94,26.6,86.3,78.4,Chamber air (proxy),Parabolic dish solar cooker,0,https://data.mendeley.com/datasets/szp4hfdymy/1,
383,2017-06_Stagnation,466.76,26.55,85.45,78.1,Chamber air (proxy),Parabolic dish solar cooker,0,https://data.mendeley.com/datasets/szp4hfdymy/1,
384,2017-06_Stagnation,464.58,26.5,84.6,77.8,Chamber air (proxy),Parabolic dish solar cooker,0,https://data.mendeley.com/datasets/szp4hfdymy/1,
385,2017-06_Stagnation,462.4,26.45,83.75,77.5,Chamber air (proxy),Parabolic dish solar cooker,0,https://data.mendeley.com/datasets/szp4hfdymy/1,
386,2017-06_Stagnation,460.22,26.4,82.9,77.2,Chamber air (proxy),Parabolic dish solar cooker,0,https://data.mendeley.com/datasets/szp4hfdymy/1,
387,2017-06_Stagnation,458.04,26.35,82.05,76.9,Chamber air (proxy),Parabolic dish solar cooker,0,https://data.mendeley.com/datasets/szp4hfdymy/1,
388,2017-06_Stagnation,455.86,26.3,81.2,76.6,Chamber air (proxy),Parabolic dish solar cooker,0,https://data.mendeley.com/datasets/szp4hfdymy/1,
389,2017-06_Stagnation,453.68,26.25,80.35,76.3,Chamber air (proxy),Parabolic dish solar cooker,0,https://data.mendeley.com/datasets/szp4hfdymy/1,
390,2017-06_Stagnation,451.5,26.2,79.5,76,Chamber air (proxy),Parabolic dish solar cooker,0,https://data.mendeley.com/datasets/szp4hfdymy/1,
391,2017-06_Stagnation,449.32,26.15,78.65,75.7,Chamber air (proxy),Parabolic dish solar cooker,0,https://data.mendeley.com/datasets/szp4hfdymy/1,
392,2017-06_Stagnation,447.14,26.1,77.8,75.4,Chamber air (proxy),Parabolic dish solar cooker,0,https://data.mendeley.com/datasets/szp4hfdymy/1,
393,2017-06_Stagnation,444.96,26.05,76.95,75.1,Chamber air (proxy),Parabolic dish solar cooker,0,https://data.mendeley.com/datasets/szp4hfdymy/1,
394,2017-06_Stagnation,442.78,26,76.1,74.8,Chamber air (proxy),Parabolic dish solar cooker,0,https://data.mendeley.com/datasets/szp4hfdymy/1,
395,2017-06_Stagnation,440.6,25.95,75.25,74.5,Chamber air (proxy),Parabolic dish solar cooker,0,https://data.mendeley.com/datasets/szp4hfdymy/1,
396,2017-06_Stagnation,438.42,25.9,74.4,74.2,Chamber air (proxy),Parabolic dish solar cooker,0,https://data.mendeley.com/datasets/szp4hfdymy/1,
397,2017-06_Stagnation,436.24,25.85,73.55,73.9,Chamber air (proxy),Parabolic dish solar cooker,0,https://data.mendeley.com/datasets/szp4hfdymy/1,
398,2017-06_Stagnation,434.06,25.8,72.7,73.6,Chamber air (proxy),Parabolic dish solar cooker,0,https://data.mendeley.com/datasets/szp4hfdymy/1,
399,2017-06_Stagnation,431.88,25.75,71.85,73.3,Chamber air (proxy),Parabolic dish solar cooker,0,https://data.mendeley.com/datasets/szp4hfdymy/1,
400,2017-06_Stagnation,429.7,25.7,71,73,Chamber air (proxy),Parabolic dish solar cooker,0,https://data.mendeley.com/datasets/szp4hfdymy/1,
401,2017-06_Stagnation,427.39,25.67,70.35,72.35,Chamber air (proxy),Parabolic dish solar cooker,0,https://data.mendeley.com/datasets/szp4hfdymy/1,
402,2017-06_Stagnation,425.08,25.64,69.7,71.7,Chamber air (proxy),Parabolic dish solar cooker,0,https://data.mendeley.com/datasets/szp4hfdymy/1,
403,2017-06_Stagnation,422.77,25.61,69.05,71.05,Chamber air (proxy),Parabolic dish solar cooker,0,https://data.mendeley.com/datasets/szp4hfdymy/1,
404,2017-06_Stagnation,420.46,25.58,68.4,70.4,Chamber air (proxy),Parabolic dish solar cooker,0,https://data.mendeley.com/datasets/szp4hfdymy/1,
405,2017-06_Stagnation,418.15,25.55,67.75,69.75,Chamber air (proxy),Parabolic dish solar cooker,0,https://data.mendeley.com/datasets/szp4hfdymy/1,
406,2017-06_Stagnation,415.84,25.52,67.1,69.1,Chamber air (proxy),Parabolic dish solar cooker,0,https://data.mendeley.com/datasets/szp4hfdymy/1,
407,2017-06_Stagnation,413.53,25.49,66.45,68.45,Chamber air (proxy),Parabolic dish solar cooker,0,https://data.mendeley.com/datasets/szp4hfdymy/1,
408,2017-06_Stagnation,411.22,25.46,65.8,67.8,Chamber air (proxy),Parabolic dish solar cooker,0,https://data.mendeley.com/datasets/szp4hfdymy/1,
409,2017-06_Stagnation,408.91,25.43,65.15,67.15,Chamber air (proxy),Parabolic dish solar cooker,0,https://data.mendeley.com/datasets/szp4hfdymy/1,
410,2017-06_Stagnation,406.6,25.4,64.5,66.5,Chamber air (proxy),Parabolic dish solar cooker,0,https://data.mendeley.com/datasets/szp4hfdymy/1,
411,2017-06_Stagnation,404.29,25.37,63.85,65.85,Chamber air (proxy),Parabolic dish solar cooker,0,https://data.mendeley.com/datasets/szp4hfdymy/1,
412,2017-06_Stagnation,401.98,25.34,63.2,65.2,Chamber air (proxy),Parabolic dish solar cooker,0,https://data.mendeley.com/datasets/szp4hfdymy/1,
413,2017-06_Stagnation,399.67,25.31,62.55,64.55,Chamber air (proxy),Parabolic dish solar cooker,0,https://data.mendeley.com/datasets/szp4hfdymy/1,
414,2017-06_Stagnation,397.36,25.28,61.9,63.9,Chamber air (proxy),Parabolic dish solar cooker,0,https://data.mendeley.com/datasets/szp4hfdymy/1,
415,2017-06_Stagnation,395.05,25.25,61.25,63.25,Chamber air (proxy),Parabolic dish solar cooker,0,https://data.mendeley.com/datasets/szp4hfdymy/1,
416,2017-06_Stagnation,392.74,25.22,60.6,62.6,Chamber air (proxy),Parabolic dish solar cooker,0,https://data.mendeley.com/datasets/szp4hfdymy/1,
417,2017-06_Stagnation,390.43,25.19,59.95,61.95,Chamber air (proxy),Parabolic dish solar cooker,0,https://data.mendeley.com/datasets/szp4hfdymy/1,
418,2017-06_Stagnation,388.12,25.16,59.3,61.3,Chamber air (proxy),Parabolic dish solar cooker,0,https://data.mendeley.com/datasets/szp4hfdymy/1,
419,2017-06_Stagnation,385.81,25.13,58.65,60.65,Chamber air (proxy),Parabolic dish solar cooker,0,https://data.mendeley.com/datasets/szp4hfdymy/1,
420,2017-06_Stagnation,383.5,25.1,58,60,Chamber air (proxy),Parabolic dish solar cooker,0,https://data.mendeley.com/datasets/szp4hfdymy/1,
0,2017-07_Sensible,336.1,23.3,30,27.8,Water,Parabolic dish solar cooker,0.5,https://data.mendeley.com/datasets/szp4hfdymy/1,
1,2017-07_Sensible,340.075,23.375,30.565,28.215,Water,Parabolic dish solar cooker,0.5,https://data.mendeley.com/datasets/szp4hfdymy/1,
2,2017-07_Sensible,344.05,23.45,31.13,28.63,Water,Parabolic dish solar cooker,0.5,https://data.mendeley.com/datasets/szp4hfdymy/1,
3,2017-07_Sensible,348.025,23.525,31.695,29.045,Water,Parabolic dish solar cooker,0.5,https://data.mendeley.com/datasets/szp4hfdymy/1,
4,2017-07_Sensible,352,23.6,32.26,29.46,Water,Parabolic dish solar cooker,0.5,https://data.mendeley.com/datasets/szp4hfdymy/1,
5,2017-07_Sensible,355.975,23.675,32.825,29.875,Water,Parabolic dish solar cooker,0.5,https://data.mendeley.com/datasets/szp4hfdymy/1,
6,2017-07_Sensible,359.95,23.75,33.39,30.29,Water,Parabolic dish solar cooker,0.5,https://data.mendeley.com/datasets/szp4hfdymy/1,
7,2017-07_Sensible,363.925,23.825,33.955,30.705,Water,Parabolic dish solar cooker,0.5,https://data.mendeley.com/datasets/szp4hfdymy/1,
8,2017-07_Sensible,367.9,23.9,34.52,31.12,Water,Parabolic dish solar cooker,0.5,https://data.mendeley.com/datasets/szp4hfdymy/1,
9,2017-07_Sensible,371.875,23.975,35.085,31.535,Water,Parabolic dish solar cooker,0.5,https://data.mendeley.com/datasets/szp4hfdymy/1,
10,2017-07_Sensible,375.85,24.05,35.65,31.95,Water,Parabolic dish solar cooker,0.5,https://data.mendeley.com/datasets/szp4hfdymy/1,
11,2017-07_Sensible,379.825,24.125,36.215,32.365,Water,Parabolic dish solar cooker,0.5,https://data.mendeley.com/datasets/szp4hfdymy/1,
12,2017-07_Sensible,383.8,24.2,36.78,32.78,Water,Parabolic dish solar cooker,0.5,https://data.mendeley.com/datasets/szp4hfdymy/1,
13,2017-07_Sensible,387.775,24.275,37.345,33.195,Water,Parabolic dish solar cooker,0.5,https://data.mendeley.com/datasets/szp4hfdymy/1,
14,2017-07_Sensible,391.75,24.35,37.91,33.61,Water,Parabolic dish solar cooker,0.5,https://data.mendeley.com/datasets/szp4hfdymy/1,
15,2017-07_Sensible,395.725,24.425,38.475,34.025,Water,Parabolic dish solar cooker,0.5,https://data.mendeley.com/datasets/szp4hfdymy/1,
16,2017-07_Sensible,399.7,24.5,39.04,34.44,Water,Parabolic dish solar cooker,0.5,https://data.mendeley.com/datasets/szp4hfdymy/1,
17,2017-07_Sensible,403.675,24.575,39.605,34.855,Water,Parabolic dish solar cooker,0.5,https://data.mendeley.com/datasets/szp4hfdymy/1,
18,2017-07_Sensible,407.65,24.65,40.17,35.27,Water,Parabolic dish solar cooker,0.5,https://data.mendeley.com/datasets/szp4hfdymy/1,
19,2017-07_Sensible,411.625,24.725,40.735,35.685,Water,Parabolic dish solar cooker,0.5,https://data.mendeley.com/datasets/szp4hfdymy/1,
20,2017-07_Sensible,415.6,24.8,41.3,36.1,Water,Parabolic dish solar cooker,0.5,https://data.mendeley.com/datasets/szp4hfdymy/1,
21,2017-07_Sensible,418.34,24.835,41.81,36.56,Water,Parabolic dish solar cooker,0.5,https://data.mendeley.com/datasets/szp4hfdymy/1,
22,2017-07_Sensible,421.08,24.87,42.32,37.02,Water,Parabolic dish solar cooker,0.5,https://data.mendeley.com/datasets/szp4hfdymy/1,
23,2017-07_Sensible,423.82,24.905,42.83,37.48,Water,Parabolic dish solar cooker,0.5,https://data.mendeley.com/datasets/szp4hfdymy/1,
24,2017-07_Sensible,426.56,24.94,43.34,37.94,Water,Parabolic dish solar cooker,0.5,https://data.mendeley.com/datasets/szp4hfdymy/1,
25,2017-07_Sensible,429.3,24.975,43.85,38.4,Water,Parabolic dish solar cooker,0.5,https://data.mendeley.com/datasets/szp4hfdymy/1,
26,2017-07_Sensible,432.04,25.01,44.36,38.86,Water,Parabolic dish solar cooker,0.5,https://data.mendeley.com/datasets/szp4hfdymy/1,
27,2017-07_Sensible,434.78,25.045,44.87,39.32,Water,Parabolic dish solar cooker,0.5,https://data.mendeley.com/datasets/szp4hfdymy/1,
28,2017-07_Sensible,437.52,25.08,45.38,39.78,Water,Parabolic dish solar cooker,0.5,https://data.mendeley.com/datasets/szp4hfdymy/1,
29,2017-07_Sensible,440.26,25.115,45.89,40.24,Water,Parabolic dish solar cooker,0.5,https://data.mendeley.com/datasets/szp4hfdymy/1,
30,2017-07_Sensible,443,25.15,46.4,40.7,Water,Parabolic dish solar cooker,0.5,https://data.mendeley.com/datasets/szp4hfdymy/1,
31,2017-07_Sensible,445.74,25.185,46.91,41.16,Water,Parabolic dish solar cooker,0.5,https://data.mendeley.com/datasets/szp4hfdymy/1,
32,2017-07_Sensible,448.48,25.22,47.42,41.62,Water,Parabolic dish solar cooker,0.5,https://data.mendeley.com/datasets/szp4hfdymy/1,
33,2017-07_Sensible,451.22,25.255,47.93,42.08,Water,Parabolic dish solar cooker,0.5,https://data.mendeley.com/datasets/szp4hfdymy/1,
34,2017-07_Sensible,453.96,25.29,48.44,42.54,Water,Parabolic dish solar cooker,0.5,https://data.mendeley.com/datasets/szp4hfdymy/1,
35,2017-07_Sensible,456.7,25.325,48.95,43,Water,Parabolic dish solar cooker,0.5,https://data.mendeley.com/datasets/szp4hfdymy/1,
36,2017-07_Sensible,459.44,25.36,49.46,43.46,Water,Parabolic dish solar cooker,0.5,https://data.mendeley.com/datasets/szp4hfdymy/1,
37,2017-07_Sensible,462.18,25.395,49.97,43.92,Water,Parabolic dish solar cooker,0.5,https://data.mendeley.com/datasets/szp4hfdymy/1,
38,2017-07_Sensible,464.92,25.43,50.48,44.38,Water,Parabolic dish solar cooker,0.5,https://data.mendeley.com/datasets/szp4hfdymy/1,
39,2017-07_Sensible,467.66,25.465,50.99,44.84,Water,Parabolic dish solar cooker,0.5,https://data.mendeley.com/datasets/szp4hfdymy/1,
40,2017-07_Sensible,470.4,25.5,51.5,45.3,Water,Parabolic dish solar cooker,0.5,https://data.mendeley.com/datasets/szp4hfdymy/1,
41,2017-07_Sensible,476.15,25.485,52.16,46.075,Water,Parabolic dish solar cooker,0.5,https://data.mendeley.com/datasets/szp4hfdymy/1,
42,2017-07_Sensible,481.9,25.47,52.82,46.85,Water,Parabolic dish solar cooker,0.5,https://data.mendeley.com/datasets/szp4hfdymy/1,
43,2017-07_Sensible,487.65,25.455,53.48,47.625,Water,Parabolic dish solar cooker,0.5,https://data.mendeley.com/datasets/szp4hfdymy/1,
44,2017-07_Sensible,493.4,25.44,54.14,48.4,Water,Parabolic dish solar cooker,0.5,https://data.mendeley.com/datasets/szp4hfdymy/1,
45,2017-07_Sensible,499.15,25.425,54.8,49.175,Water,Parabolic dish solar cooker,0.5,https://data.mendeley.com/datasets/szp4hfdymy/1,
46,2017-07_Sensible,504.9,25.41,55.46,49.95,Water,Parabolic dish solar cooker,0.5,https://data.mendeley.com/datasets/szp4hfdymy/1,
47,2017-07_Sensible,510.65,25.395,56.12,50.725,Water,Parabolic dish solar cooker,0.5,https://data.mendeley.com/datasets/szp4hfdymy/1,
48,2017-07_Sensible,516.4,25.38,56.78,51.5,Water,Parabolic dish solar cooker,0.5,https://data.mendeley.com/datasets/szp4hfdymy/1,
49,2017-07_Sensible,522.15,25.365,57.44,52.275,Water,Parabolic dish solar cooker,0.5,https://data.mendeley.com/datasets/szp4hfdymy/1,
50,2017-07_Sensible,527.9,25.35,58.1,53.05,Water,Parabolic dish solar cooker,0.5,https://data.mendeley.com/datasets/szp4hfdymy/1,
51,2017-07_Sensible,533.65,25.335,58.76,53.825,Water,Parabolic dish solar cooker,0.5,https://data.mendeley.com/datasets/szp4hfdymy/1,
52,2017-07_Sensible,539.4,25.32,59.42,54.6,Water,Parabolic dish solar cooker,0.5,https://data.mendeley.com/datasets/szp4hfdymy/1,
53,2017-07_Sensible,545.15,25.305,60.08,55.375,Water,Parabolic dish solar cooker,0.5,https://data.mendeley.com/datasets/szp4hfdymy/1,
54,2017-07_Sensible,550.9,25.29,60.74,56.15,Water,Parabolic dish solar cooker,0.5,https://data.mendeley.com/datasets/szp4hfdymy/1,
55,2017-07_Sensible,556.65,25.275,61.4,56.925,Water,Parabolic dish solar cooker,0.5,https://data.mendeley.com/datasets/szp4hfdymy/1,
56,2017-07_Sensible,562.4,25.26,62.06,57.7,Water,Parabolic dish solar cooker,0.5,https://data.mendeley.com/datasets/szp4hfdymy/1,
57,2017-07_Sensible,568.15,25.245,62.72,58.475,Water,Parabolic dish solar cooker,0.5,https://data.mendeley.com/datasets/szp4hfdymy/1,
58,2017-07_Sensible,573.9,25.23,63.38,59.25,Water,Parabolic dish solar cooker,0.5,https://data.mendeley.com/datasets/szp4hfdymy/1,
59,2017-07_Sensible,579.65,25.215,64.04,60.025,Water,Parabolic dish solar cooker,0.5,https://data.mendeley.com/datasets/szp4hfdymy/1,
60,2017-07_Sensible,585.4,25.2,64.7,60.8,Water,Parabolic dish solar cooker,0.5,https://data.mendeley.com/datasets/szp4hfdymy/1,
61,2017-07_Sensible,583.49,25.195,65.145,61.26,Water,Parabolic dish solar cooker,0.5,https://data.mendeley.com/datasets/szp4hfdymy/1,
62,2017-07_Sensible,581.58,25.19,65.59,61.72,Water,Parabolic dish solar cooker,0.5,https://data.mendeley.com/datasets/szp4hfdymy/1,
63,2017-07_Sensible,579.67,25.185,66.035,62.18,Water,Parabolic dish solar cooker,0.5,https://data.mendeley.com/datasets/szp4hfdymy/1,
64,2017-07_Sensible,577.76,25.18,66.48,62.64,Water,Parabolic dish solar cooker,0.5,https://data.mendeley.com/datasets/szp4hfdymy/1,
65,2017-07_Sensible,575.85,25.175,66.925,63.1,Water,Parabolic dish solar cooker,0.5,https://data.mendeley.com/datasets/szp4hfdymy/1,
66,2017-07_Sensible,573.94,25.17,67.37,63.56,Water,Parabolic dish solar cooker,0.5,https://data.mendeley.com/datasets/szp4hfdymy/1,
67,2017-07_Sensible,572.03,25.165,67.815,64.02,Water,Parabolic dish solar cooker,0.5,https://data.mendeley.com/datasets/szp4hfdymy/1,
68,2017-07_Sensible,570.12,25.16,68.26,64.48,Water,Parabolic dish solar cooker,0.5,https://data.mendeley.com/datasets/szp4hfdymy/1,
69,2017-07_Sensible,568.21,25.155,68.705,64.94,Water,Parabolic dish solar cooker,0.5,https://data.mendeley.com/datasets/szp4hfdymy/1,
70,2017-07_Sensible,566.3,25.15,69.15,65.4,Water,Parabolic dish solar cooker,0.5,https://data.mendeley.com/datasets/szp4hfdymy/1,
71,2017-07_Sensible,564.39,25.145,69.595,65.86,Water,Parabolic dish solar cooker,0.5,https://data.mendeley.com/datasets/szp4hfdymy/1,
72,2017-07_Sensible,562.48,25.14,70.04,66.32,Water,Parabolic dish solar cooker,0.5,https://data.mendeley.com/datasets/szp4hfdymy/1,
73,2017-07_Sensible,560.57,25.135,70.485,66.78,Water,Parabolic dish solar cooker,0.5,https://data.mendeley.com/datasets/szp4hfdymy/1,
74,2017-07_Sensible,558.66,25.13,70.93,67.24,Water,Parabolic dish solar cooker,0.5,https://data.mendeley.com/datasets/szp4hfdymy/1,
75,2017-07_Sensible,556.75,25.125,71.375,67.7,Water,Parabolic dish solar cooker,0.5,https://data.mendeley.com/datasets/szp4hfdymy/1,
76,2017-07_Sensible,554.84,25.12,71.82,68.16,Water,Parabolic dish solar cooker,0.5,https://data.mendeley.com/datasets/szp4hfdymy/1,
77,2017-07_Sensible,552.93,25.115,72.265,68.62,Water,Parabolic dish solar cooker,0.5,https://data.mendeley.com/datasets/szp4hfdymy/1,
78,2017-07_Sensible,551.02,25.11,72.71,69.08,Water,Parabolic dish solar cooker,0.5,https://data.mendeley.com/datasets/szp4hfdymy/1,
79,2017-07_Sensible,549.11,25.105,73.155,69.54,Water,Parabolic dish solar cooker,0.5,https://data.mendeley.com/datasets/szp4hfdymy/1,
80,2017-07_Sensible,547.2,25.1,73.6,70,Water,Parabolic dish solar cooker,0.5,https://data.mendeley.com/datasets/szp4hfdymy/1,
81,2017-07_Sensible,547.555,25.165,74.205,70.62,Water,Parabolic dish solar cooker,0.5,https://data.mendeley.com/datasets/szp4hfdymy/1,
82,2017-07_Sensible,547.91,25.23,74.81,71.24,Water,Parabolic dish solar cooker,0.5,https://data.mendeley.com/datasets/szp4hfdymy/1,
83,2017-07_Sensible,548.265,25.295,75.415,71.86,Water,Parabolic dish solar cooker,0.5,https://data.mendeley.com/datasets/szp4hfdymy/1,
84,2017-07_Sensible,548.62,25.36,76.02,72.48,Water,Parabolic dish solar cooker,0.5,https://data.mendeley.com/datasets/szp4hfdymy/1,
85,2017-07_Sensible,548.975,25.425,76.625,73.1,Water,Parabolic dish solar cooker,0.5,https://data.mendeley.com/datasets/szp4hfdymy/1,
86,2017-07_Sensible,549.33,25.49,77.23,73.72,Water,Parabolic dish solar cooker,0.5,https://data.mendeley.com/datasets/szp4hfdymy/1,
87,2017-07_Sensible,549.685,25.555,77.835,74.34,Water,Parabolic dish solar cooker,0.5,https://data.mendeley.com/datasets/szp4hfdymy/1,
88,2017-07_Sensible,550.04,25.62,78.44,74.96,Water,Parabolic dish solar cooker,0.5,https://data.mendeley.com/datasets/szp4hfdymy/1,
89,2017-07_Sensible,550.395,25.685,79.045,75.58,Water,Parabolic dish solar cooker,0.5,https://data.mendeley.com/datasets/szp4hfdymy/1,
90,2017-07_Sensible,550.75,25.75,79.65,76.2,Water,Parabolic dish solar cooker,0.5,https://data.mendeley.com/datasets/szp4hfdymy/1,
91,2017-07_Sensible,551.105,25.815,80.255,76.82,Water,Parabolic dish solar cooker,0.5,https://data.mendeley.com/datasets/szp4hfdymy/1,
92,2017-07_Sensible,551.46,25.88,80.86,77.44,Water,Parabolic dish solar cooker,0.5,https://data.mendeley.com/datasets/szp4hfdymy/1,
93,2017-07_Sensible,551.815,25.945,81.465,78.06,Water,Parabolic dish solar cooker,0.5,https://data.mendeley.com/datasets/szp4hfdymy/1,
94,2017-07_Sensible,552.17,26.01,82.07,78.68,Water,Parabolic dish solar cooker,0.5,https://data.mendeley.com/datasets/szp4hfdymy/1,
95,2017-07_Sensible,552.525,26.075,82.675,79.3,Water,Parabolic dish solar cooker,0.5,https://data.mendeley.com/datasets/szp4hfdymy/1,
96,2017-07_Sensible,552.88,26.14,83.28,79.92,Water,Parabolic dish solar cooker,0.5,https://data.mendeley.com/datasets/szp4hfdymy/1,
97,2017-07_Sensible,553.235,26.205,83.885,80.54,Water,Parabolic dish solar cooker,0.5,https://data.mendeley.com/datasets/szp4hfdymy/1,
98,2017-07_Sensible,553.59,26.27,84.49,81.16,Water,Parabolic dish solar cooker,0.5,https://data.mendeley.com/datasets/szp4hfdymy/1,
99,2017-07_Sensible,553.945,26.335,85.095,81.78,Water,Parabolic dish solar cooker,0.5,https://data.mendeley.com/datasets/szp4hfdymy/1,
100,2017-07_Sensible,554.3,26.4,85.7,82.4,Water,Parabolic dish solar cooker,0.5,https://data.mendeley.com/datasets/szp4hfdymy/1,
101,2017-07_Sensible,556.605,26.445,86.305,83.015,Water,Parabolic dish solar cooker,0.5,https://data.mendeley.com/datasets/szp4hfdymy/1,
102,2017-07_Sensible,558.91,26.49,86.91,83.63,Water,Parabolic dish solar cooker,0.5,https://data.mendeley.com/datasets/szp4hfdymy/1,
103,2017-07_Sensible,561.215,26.535,87.515,84.245,Water,Parabolic dish solar cooker,0.5,https://data.mendeley.com/datasets/szp4hfdymy/1,
104,2017-07_Sensible,563.52,26.58,88.12,84.86,Water,Parabolic dish solar cooker,0.5,https://data.mendeley.com/datasets/szp4hfdymy/1,
105,2017-07_Sensible,565.825,26.625,88.725,85.475,Water,Parabolic dish solar cooker,0.5,https://data.mendeley.com/datasets/szp4hfdymy/1,
106,2017-07_Sensible,568.13,26.67,89.33,86.09,Water,Parabolic dish solar cooker,0.5,https://data.mendeley.com/datasets/szp4hfdymy/1,
107,2017-07_Sensible,570.435,26.715,89.935,86.705,Water,Parabolic dish solar cooker,0.5,https://data.mendeley.com/datasets/szp4hfdymy/1,
108,2017-07_Sensible,572.74,26.76,90.54,87.32,Water,Parabolic dish solar cooker,0.5,https://data.mendeley.com/datasets/szp4hfdymy/1,
109,2017-07_Sensible,575.045,26.805,91.145,87.935,Water,Parabolic dish solar cooker,0.5,https://data.mendeley.com/datasets/szp4hfdymy/1,
110,2017-07_Sensible,577.35,26.85,91.75,88.55,Water,Parabolic dish solar cooker,0.5,https://data.mendeley.com/datasets/szp4hfdymy/1,
111,2017-07_Sensible,579.655,26.895,92.355,89.165,Water,Parabolic dish solar cooker,0.5,https://data.mendeley.com/datasets/szp4hfdymy/1,
112,2017-07_Sensible,581.96,26.94,92.96,89.78,Water,Parabolic dish solar cooker,0.5,https://data.mendeley.com/datasets/szp4hfdymy/1,
113,2017-07_Sensible,584.265,26.985,93.565,90.395,Water,Parabolic dish solar cooker,0.5,https://data.mendeley.com/datasets/szp4hfdymy/1,
114,2017-07_Sensible,586.57,27.03,94.17,91.01,Water,Parabolic dish solar cooker,0.5,https://data.mendeley.com/datasets/szp4hfdymy/1,
115,2017-07_Sensible,588.875,27.075,94.775,91.625,Water,Parabolic dish solar cooker,0.5,https://data.mendeley.com/datasets/szp4hfdymy/1,
116,2017-07_Sensible,591.18,27.12,95.38,92.24,Water,Parabolic dish solar cooker,0.5,https://data.mendeley.com/datasets/szp4hfdymy/1,
117,2017-07_Sensible,593.485,27.165,95.985,92.855,Water,Parabolic dish solar cooker,0.5,https://data.mendeley.com/datasets/szp4hfdymy/1,
118,2017-07_Sensible,595.79,27.21,96.59,93.47,Water,Parabolic dish solar cooker,0.5,https://data.mendeley.com/datasets/szp4hfdymy/1,
119,2017-07_Sensible,598.095,27.255,97.195,94.085,Water,Parabolic dish solar cooker,0.5,https://data.mendeley.com/datasets/szp4hfdymy/1,
120,2017-07_Sensible,600.4,27.3,97.8,94.7,Water,Parabolic dish solar cooker,0.5,https://data.mendeley.com/datasets/szp4hfdymy/1,
121,2017-07_Sensible,602.54,27.365,98.16,94.93,Water,Parabolic dish solar cooker,0.5,https://data.mendeley.com/datasets/szp4hfdymy/1,
122,2017-07_Sensible,604.68,27.43,98.52,95.16,Water,Parabolic dish solar cooker,0.5,https://data.mendeley.com/datasets/szp4hfdymy/1,
123,2017-07_Sensible,606.82,27.495,98.88,95.39,Water,Parabolic dish solar cooker,0.5,https://data.mendeley.com/datasets/szp4hfdymy/1,
124,2017-07_Sensible,608.96,27.56,99.24,95.62,Water,Parabolic dish solar cooker,0.5,https://data.mendeley.com/datasets/szp4hfdymy/1,
125,2017-07_Sensible,611.1,27.625,99.6,95.85,Water,Parabolic dish solar cooker,0.5,https://data.mendeley.com/datasets/szp4hfdymy/1,
126,2017-07_Sensible,613.24,27.69,99.96,96.08,Water,Parabolic dish solar cooker,0.5,https://data.mendeley.com/datasets/szp4hfdymy/1,
127,2017-07_Sensible,615.38,27.755,100.32,96.31,Water,Parabolic dish solar cooker,0.5,https://data.mendeley.com/datasets/szp4hfdymy/1,
128,2017-07_Sensible,617.52,27.82,100.68,96.54,Water,Parabolic dish solar cooker,0.5,https://data.mendeley.com/datasets/szp4hfdymy/1,
129,2017-07_Sensible,619.66,27.885,101.04,96.77,Water,Parabolic dish solar cooker,0.5,https://data.mendeley.com/datasets/szp4hfdymy/1,
130,2017-07_Sensible,621.8,27.95,101.4,97,Water,Parabolic dish solar cooker,0.5,https://data.mendeley.com/datasets/szp4hfdymy/1,
131,2017-07_Sensible,623.94,28.015,101.76,97.23,Water,Parabolic dish solar cooker,0.5,https://data.mendeley.com/datasets/szp4hfdymy/1,
132,2017-07_Sensible,626.08,28.08,102.12,97.46,Water,Parabolic dish solar cooker,0.5,https://data.mendeley.com/datasets/szp4hfdymy/1,
133,2017-07_Sensible,628.22,28.145,102.48,97.69,Water,Parabolic dish solar cooker,0.5,https://data.mendeley.com/datasets/szp4hfdymy/1,
134,2017-07_Sensible,630.36,28.21,102.84,97.92,Water,Parabolic dish solar cooker,0.5,https://data.mendeley.com/datasets/szp4hfdymy/1,
135,2017-07_Sensible,632.5,28.275,103.2,98.15,Water,Parabolic dish solar cooker,0.5,https://data.mendeley.com/datasets/szp4hfdymy/1,
136,2017-07_Sensible,634.64,28.34,103.56,98.38,Water,Parabolic dish solar cooker,0.5,https://data.mendeley.com/datasets/szp4hfdymy/1,
137,2017-07_Sensible,636.78,28.405,103.92,98.61,Water,Parabolic dish solar cooker,0.5,https://data.mendeley.com/datasets/szp4hfdymy/1,
138,2017-07_Sensible,638.92,28.47,104.28,98.84,Water,Parabolic dish solar cooker,0.5,https://data.mendeley.com/datasets/szp4hfdymy/1,
139,2017-07_Sensible,641.06,28.535,104.64,99.07,Water,Parabolic dish solar cooker,0.5,https://data.mendeley.com/datasets/szp4hfdymy/1,
140,2017-07_Sensible,643.2,28.6,105,99.3,Water,Parabolic dish solar cooker,0.5,https://data.mendeley.com/datasets/szp4hfdymy/1,
141,2017-07_Sensible,644.155,28.69,105.12,99.325,Water,Parabolic dish solar cooker,0.5,https://data.mendeley.com/datasets/szp4hfdymy/1,
142,2017-07_Sensible,645.11,28.78,105.24,99.35,Water,Parabolic dish solar cooker,0.5,https://data.mendeley.com/datasets/szp4hfdymy/1,
143,2017-07_Sensible,646.065,28.87,105.36,99.375,Water,Parabolic dish solar cooker,0.5,https://data.mendeley.com/datasets/szp4hfdymy/1,
144,2017-07_Sensible,647.02,28.96,105.48,99.4,Water,Parabolic dish solar cooker,0.5,https://data.mendeley.com/datasets/szp4hfdymy/1,
145,2017-07_Sensible,647.975,29.05,105.6,99.425,Water,Parabolic dish solar cooker,0.5,https://data.mendeley.com/datasets/szp4hfdymy/1,
146,2017-07_Sensible,648.93,29.14,105.72,99.45,Water,Parabolic dish solar cooker,0.5,https://data.mendeley.com/datasets/szp4hfdymy/1,
147,2017-07_Sensible,649.885,29.23,105.84,99.475,Water,Parabolic dish solar cooker,0.5,https://data.mendeley.com/datasets/szp4hfdymy/1,
148,2017-07_Sensible,650.84,29.32,105.96,99.5,Water,Parabolic dish solar cooker,0.5,https://data.mendeley.com/datasets/szp4hfdymy/1,
149,2017-07_Sensible,651.795,29.41,106.08,99.525,Water,Parabolic dish solar cooker,0.5,https://data.mendeley.com/datasets/szp4hfdymy/1,
150,2017-07_Sensible,652.75,29.5,106.2,99.55,Water,Parabolic dish solar cooker,0.5,https://data.mendeley.com/datasets/szp4hfdymy/1,
151,2017-07_Sensible,653.705,29.59,106.32,99.575,Water,Parabolic dish solar cooker,0.5,https://data.mendeley.com/datasets/szp4hfdymy/1,
152,2017-07_Sensible,654.66,29.68,106.44,99.6,Water,Parabolic dish solar cooker,0.5,https://data.mendeley.com/datasets/szp4hfdymy/1,
153,2017-07_Sensible,655.615,29.77,106.56,99.625,Water,Parabolic dish solar cooker,0.5,https://data.mendeley.com/datasets/szp4hfdymy/1,
154,2017-07_Sensible,656.57,29.86,106.68,99.65,Water,Parabolic dish solar cooker,0.5,https://data.mendeley.com/datasets/szp4hfdymy/1,
155,2017-07_Sensible,657.525,29.95,106.8,99.675,Water,Parabolic dish solar cooker,0.5,https://data.mendeley.com/datasets/szp4hfdymy/1,
156,2017-07_Sensible,658.48,30.04,106.92,99.7,Water,Parabolic dish solar cooker,0.5,https://data.mendeley.com/datasets/szp4hfdymy/1,
157,2017-07_Sensible,659.435,30.13,107.04,99.725,Water,Parabolic dish solar cooker,0.5,https://data.mendeley.com/datasets/szp4hfdymy/1,
158,2017-07_Sensible,660.39,30.22,107.16,99.75,Water,Parabolic dish solar cooker,0.5,https://data.mendeley.com/datasets/szp4hfdymy/1,
159,2017-07_Sensible,661.345,30.31,107.28,99.775,Water,Parabolic dish solar cooker,0.5,https://data.mendeley.com/datasets/szp4hfdymy/1,
160,2017-07_Sensible,662.3,30.4,107.4,99.8,Water,Parabolic dish solar cooker,0.5,https://data.mendeley.com/datasets/szp4hfdymy/1,
161,2017-07_Sensible,663.41,30.45,107.77,99.8,Water,Parabolic dish solar cooker,0.5,https://data.mendeley.com/datasets/szp4hfdymy/1,
162,2017-07_Sensible,664.52,30.5,108.14,99.8,Water,Parabolic dish solar cooker,0.5,https://data.mendeley.com/datasets/szp4hfdymy/1,
163,2017-07_Sensible,665.63,30.55,108.51,99.8,Water,Parabolic dish solar cooker,0.5,https://data.mendeley.com/datasets/szp4hfdymy/1,
164,2017-07_Sensible,666.74,30.6,108.88,99.8,Water,Parabolic dish solar cooker,0.5,https://data.mendeley.com/datasets/szp4hfdymy/1,
165,2017-07_Sensible,667.85,30.65,109.25,99.8,Water,Parabolic dish solar cooker,0.5,https://data.mendeley.com/datasets/szp4hfdymy/1,
166,2017-07_Sensible,668.96,30.7,109.62,99.8,Water,Parabolic dish solar cooker,0.5,https://data.mendeley.com/datasets/szp4hfdymy/1,
167,2017-07_Sensible,670.07,30.75,109.99,99.8,Water,Parabolic dish solar cooker,0.5,https://data.mendeley.com/datasets/szp4hfdymy/1,
168,2017-07_Sensible,671.18,30.8,110.36,99.8,Water,Parabolic dish solar cooker,0.5,https://data.mendeley.com/datasets/szp4hfdymy/1,
169,2017-07_Sensible,672.29,30.85,110.73,99.8,Water,Parabolic dish solar cooker,0.5,https://data.mendeley.com/datasets/szp4hfdymy/1,
170,2017-07_Sensible,673.4,30.9,111.1,99.8,Water,Parabolic dish solar cooker,0.5,https://data.mendeley.com/datasets/szp4hfdymy/1,
171,2017-07_Sensible,674.51,30.95,111.47,99.8,Water,Parabolic dish solar cooker,0.5,https://data.mendeley.com/datasets/szp4hfdymy/1,
172,2017-07_Sensible,675.62,31,111.84,99.8,Water,Parabolic dish solar cooker,0.5,https://data.mendeley.com/datasets/szp4hfdymy/1,
173,2017-07_Sensible,676.73,31.05,112.21,99.8,Water,Parabolic dish solar cooker,0.5,https://data.mendeley.com/datasets/szp4hfdymy/1,
174,2017-07_Sensible,677.84,31.1,112.58,99.8,Water,Parabolic dish solar cooker,0.5,https://data.mendeley.com/datasets/szp4hfdymy/1,
175,2017-07_Sensible,678.95,31.15,112.95,99.8,Water,Parabolic dish solar cooker,0.5,https://data.mendeley.com/datasets/szp4hfdymy/1,
176,2017-07_Sensible,680.06,31.2,113.32,99.8,Water,Parabolic dish solar cooker,0.5,https://data.mendeley.com/datasets/szp4hfdymy/1,
177,2017-07_Sensible,681.17,31.25,113.69,99.8,Water,Parabolic dish solar cooker,0.5,https://data.mendeley.com/datasets/szp4hfdymy/1,
178,2017-07_Sensible,682.28,31.3,114.06,99.8,Water,Parabolic dish solar cooker,0.5,https://data.mendeley.com/datasets/szp4hfdymy/1,
179,2017-07_Sensible,683.39,31.35,114.43,99.8,Water,Parabolic dish solar cooker,0.5,https://data.mendeley.com/datasets/szp4hfdymy/1,
180,2017-07_Sensible,684.5,31.4,114.8,99.8,Water,Parabolic dish solar cooker,0.5,https://data.mendeley.com/datasets/szp4hfdymy/1,
181,2017-07_Sensible,684.99,31.485,114.825,99.81,Water,Parabolic dish solar cooker,0.5,https://data.mendeley.com/datasets/szp4hfdymy/1,
182,2017-07_Sensible,685.48,31.57,114.85,99.82,Water,Parabolic dish solar cooker,0.5,https://data.mendeley.com/datasets/szp4hfdymy/1,
183,2017-07_Sensible,685.97,31.655,114.875,99.83,Water,Parabolic dish solar cooker,0.5,https://data.mendeley.com/datasets/szp4hfdymy/1,
184,2017-07_Sensible,686.46,31.74,114.9,99.84,Water,Parabolic dish solar cooker,0.5,https://data.mendeley.com/datasets/szp4hfdymy/1,
185,2017-07_Sensible,686.95,31.825,114.925,99.85,Water,Parabolic dish solar cooker,0.5,https://data.mendeley.com/datasets/szp4hfdymy/1,
186,2017-07_Sensible,687.44,31.91,114.95,99.86,Water,Parabolic dish solar cooker,0.5,https://data.mendeley.com/datasets/szp4hfdymy/1,
187,2017-07_Sensible,687.93,31.995,114.975,99.87,Water,Parabolic dish solar cooker,0.5,https://data.mendeley.com/datasets/szp4hfdymy/1,
188,2017-07_Sensible,688.42,32.08,115,99.88,Water,Parabolic dish solar cooker,0.5,https://data.mendeley.com/datasets/szp4hfdymy/1,
189,2017-07_Sensible,688.91,32.165,115.025,99.89,Water,Parabolic dish solar cooker,0.5,https://data.mendeley.com/datasets/szp4hfdymy/1,
190,2017-07_Sensible,689.4,32.25,115.05,99.9,Water,Parabolic dish solar cooker,0.5,https://data.mendeley.com/datasets/szp4hfdymy/1,
191,2017-07_Sensible,689.89,32.335,115.075,99.91,Water,Parabolic dish solar cooker,0.5,https://data.mendeley.com/datasets/szp4hfdymy/1,
192,2017-07_Sensible,690.38,32.42,115.1,99.92,Water,Parabolic dish solar cooker,0.5,https://data.mendeley.com/datasets/szp4hfdymy/1,
193,2017-07_Sensible,690.87,32.505,115.125,99.93,Water,Parabolic dish solar cooker,0.5,https://data.mendeley.com/datasets/szp4hfdymy/1,
194,2017-07_Sensible,691.36,32.59,115.15,99.94,Water,Parabolic dish solar cooker,0.5,https://data.mendeley.com/datasets/szp4hfdymy/1,
195,2017-07_Sensible,691.85,32.675,115.175,99.95,Water,Parabolic dish solar cooker,0.5,https://data.mendeley.com/datasets/szp4hfdymy/1,
196,2017-07_Sensible,692.34,32.76,115.2,99.96,Water,Parabolic dish solar cooker,0.5,https://data.mendeley.com/datasets/szp4hfdymy/1,
197,2017-07_Sensible,692.83,32.845,115.225,99.97,Water,Parabolic dish solar cooker,0.5,https://data.mendeley.com/datasets/szp4hfdymy/1,
198,2017-07_Sensible,693.32,32.93,115.25,99.98,Water,Parabolic dish solar cooker,0.5,https://data.mendeley.com/datasets/szp4hfdymy/1,
199,2017-07_Sensible,693.81,33.015,115.275,99.99,Water,Parabolic dish solar cooker,0.5,https://data.mendeley.com/datasets/szp4hfdymy/1,
200,2017-07_Sensible,694.3,33.1,115.3,100,Water,Parabolic dish solar cooker,0.5,https://data.mendeley.com/datasets/szp4hfdymy/1,
201,2017-07_Sensible,694.6,33.09,114.72,99.98,Water,Parabolic dish solar cooker,0.5,https://data.mendeley.com/datasets/szp4hfdymy/1,
202,2017-07_Sensible,694.9,33.08,114.14,99.96,Water,Parabolic dish solar cooker,0.5,https://data.mendeley.com/datasets/szp4hfdymy/1,
203,2017-07_Sensible,695.2,33.07,113.56,99.94,Water,Parabolic dish solar cooker,0.5,https://data.mendeley.com/datasets/szp4hfdymy/1,
204,2017-07_Sensible,695.5,33.06,112.98,99.92,Water,Parabolic dish solar cooker,0.5,https://data.mendeley.com/datasets/szp4hfdymy/1,
205,2017-07_Sensible,695.8,33.05,112.4,99.9,Water,Parabolic dish solar cooker,0.5,https://data.mendeley.com/datasets/szp4hfdymy/1,
206,2017-07_Sensible,696.1,33.04,111.82,99.88,Water,Parabolic dish solar cooker,0.5,https://data.mendeley.com/datasets/szp4hfdymy/1,
207,2017-07_Sensible,696.4,33.03,111.24,99.86,Water,Parabolic dish solar cooker,0.5,https://data.mendeley.com/datasets/szp4hfdymy/1,
208,2017-07_Sensible,696.7,33.02,110.66,99.84,Water,Parabolic dish solar cooker,0.5,https://data.mendeley.com/datasets/szp4hfdymy/1,
209,2017-07_Sensible,697,33.01,110.08,99.82,Water,Parabolic dish solar cooker,0.5,https://data.mendeley.com/datasets/szp4hfdymy/1,
210,2017-07_Sensible,697.3,33,109.5,99.8,Water,Parabolic dish solar cooker,0.5,https://data.mendeley.com/datasets/szp4hfdymy/1,
211,2017-07_Sensible,697.6,32.99,108.92,99.78,Water,Parabolic dish solar cooker,0.5,https://data.mendeley.com/datasets/szp4hfdymy/1,
212,2017-07_Sensible,697.9,32.98,108.34,99.76,Water,Parabolic dish solar cooker,0.5,https://data.mendeley.com/datasets/szp4hfdymy/1,
213,2017-07_Sensible,698.2,32.97,107.76,99.74,Water,Parabolic dish solar cooker,0.5,https://data.mendeley.com/datasets/szp4hfdymy/1,
214,2017-07_Sensible,698.5,32.96,107.18,99.72,Water,Parabolic dish solar cooker,0.5,https://data.mendeley.com/datasets/szp4hfdymy/1,
215,2017-07_Sensible,698.8,32.95,106.6,99.7,Water,Parabolic dish solar cooker,0.5,https://data.mendeley.com/datasets/szp4hfdymy/1,
216,2017-07_Sensible,699.1,32.94,106.02,99.68,Water,Parabolic dish solar cooker,0.5,https://data.mendeley.com/datasets/szp4hfdymy/1,
217,2017-07_Sensible,699.4,32.93,105.44,99.66,Water,Parabolic dish solar cooker,0.5,https://data.mendeley.com/datasets/szp4hfdymy/1,
218,2017-07_Sensible,699.7,32.92,104.86,99.64,Water,Parabolic dish solar cooker,0.5,https://data.mendeley.com/datasets/szp4hfdymy/1,
219,2017-07_Sensible,700,32.91,104.28,99.62,Water,Parabolic dish solar cooker,0.5,https://data.mendeley.com/datasets/szp4hfdymy/1,
220,2017-07_Sensible,700.3,32.9,103.7,99.6,Water,Parabolic dish solar cooker,0.5,https://data.mendeley.com/datasets/szp4hfdymy/1,
221,2017-07_Sensible,700.25,32.885,103.635,99.565,Water,Parabolic dish solar cooker,0.5,https://data.mendeley.com/datasets/szp4hfdymy/1,
222,2017-07_Sensible,700.2,32.87,103.57,99.53,Water,Parabolic dish solar cooker,0.5,https://data.mendeley.com/datasets/szp4hfdymy/1,
223,2017-07_Sensible,700.15,32.855,103.505,99.495,Water,Parabolic dish solar cooker,0.5,https://data.mendeley.com/datasets/szp4hfdymy/1,
224,2017-07_Sensible,700.1,32.84,103.44,99.46,Water,Parabolic dish solar cooker,0.5,https://data.mendeley.com/datasets/szp4hfdymy/1,
225,2017-07_Sensible,700.05,32.825,103.375,99.425,Water,Parabolic dish solar cooker,0.5,https://data.mendeley.com/datasets/szp4hfdymy/1,
226,2017-07_Sensible,700,32.81,103.31,99.39,Water,Parabolic dish solar cooker,0.5,https://data.mendeley.com/datasets/szp4hfdymy/1,
227,2017-07_Sensible,699.95,32.795,103.245,99.355,Water,Parabolic dish solar cooker,0.5,https://data.mendeley.com/datasets/szp4hfdymy/1,
228,2017-07_Sensible,699.9,32.78,103.18,99.32,Water,Parabolic dish solar cooker,0.5,https://data.mendeley.com/datasets/szp4hfdymy/1,
229,2017-07_Sensible,699.85,32.765,103.115,99.285,Water,Parabolic dish solar cooker,0.5,https://data.mendeley.com/datasets/szp4hfdymy/1,
230,2017-07_Sensible,699.8,32.75,103.05,99.25,Water,Parabolic dish solar cooker,0.5,https://data.mendeley.com/datasets/szp4hfdymy/1,
231,2017-07_Sensible,699.75,32.735,102.985,99.215,Water,Parabolic dish solar cooker,0.5,https://data.mendeley.com/datasets/szp4hfdymy/1,
232,2017-07_Sensible,699.7,32.72,102.92,99.18,Water,Parabolic dish solar cooker,0.5,https://data.mendeley.com/datasets/szp4hfdymy/1,
233,2017-07_Sensible,699.65,32.705,102.855,99.145,Water,Parabolic dish solar cooker,0.5,https://data.mendeley.com/datasets/szp4hfdymy/1,
234,2017-07_Sensible,699.6,32.69,102.79,99.11,Water,Parabolic dish solar cooker,0.5,https://data.mendeley.com/datasets/szp4hfdymy/1,
235,2017-07_Sensible,699.55,32.675,102.725,99.075,Water,Parabolic dish solar cooker,0.5,https://data.mendeley.com/datasets/szp4hfdymy/1,
236,2017-07_Sensible,699.5,32.66,102.66,99.04,Water,Parabolic dish solar cooker,0.5,https://data.mendeley.com/datasets/szp4hfdymy/1,
237,2017-07_Sensible,699.45,32.645,102.595,99.005,Water,Parabolic dish solar cooker,0.5,https://data.mendeley.com/datasets/szp4hfdymy/1,
238,2017-07_Sensible,699.4,32.63,102.53,98.97,Water,Parabolic dish solar cooker,0.5,https://data.mendeley.com/datasets/szp4hfdymy/1,
239,2017-07_Sensible,699.35,32.615,102.465,98.935,Water,Parabolic dish solar cooker,0.5,https://data.mendeley.com/datasets/szp4hfdymy/1,
240,2017-07_Sensible,699.3,32.6,102.4,98.9,Water,Parabolic dish solar cooker,0.5,https://data.mendeley.com/datasets/szp4hfdymy/1,
241,2017-07_Sensible,698.67,32.665,102.87,98.955,Water,Parabolic dish solar cooker,0.5,https://data.mendeley.com/datasets/szp4hfdymy/1,
242,2017-07_Sensible,698.04,32.73,103.34,99.01,Water,Parabolic dish solar cooker,0.5,https://data.mendeley.com/datasets/szp4hfdymy/1,
243,2017-07_Sensible,697.41,32.795,103.81,99.065,Water,Parabolic dish solar cooker,0.5,https://data.mendeley.com/datasets/szp4hfdymy/1,
244,2017-07_Sensible,696.78,32.86,104.28,99.12,Water,Parabolic dish solar cooker,0.5,https://data.mendeley.com/datasets/szp4hfdymy/1,
245,2017-07_Sensible,696.15,32.925,104.75,99.175,Water,Parabolic dish solar cooker,0.5,https://data.mendeley.com/datasets/szp4hfdymy/1,
246,2017-07_Sensible,695.52,32.99,105.22,99.23,Water,Parabolic dish solar cooker,0.5,https://data.mendeley.com/datasets/szp4hfdymy/1,
247,2017-07_Sensible,694.89,33.055,105.69,99.285,Water,Parabolic dish solar cooker,0.5,https://data.mendeley.com/datasets/szp4hfdymy/1,
248,2017-07_Sensible,694.26,33.12,106.16,99.34,Water,Parabolic dish solar cooker,0.5,https://data.mendeley.com/datasets/szp4hfdymy/1,
249,2017-07_Sensible,693.63,33.185,106.63,99.395,Water,Parabolic dish solar cooker,0.5,https://data.mendeley.com/datasets/szp4hfdymy/1,
250,2017-07_Sensible,693,33.25,107.1,99.45,Water,Parabolic dish solar cooker,0.5,https://data.mendeley.com/datasets/szp4hfdymy/1,
251,2017-07_Sensible,692.37,33.315,107.57,99.505,Water,Parabolic dish solar cooker,0.5,https://data.mendeley.com/datasets/szp4hfdymy/1,
252,2017-07_Sensible,691.74,33.38,108.04,99.56,Water,Parabolic dish solar cooker,0.5,https://data.mendeley.com/datasets/szp4hfdymy/1,
253,2017-07_Sensible,691.11,33.445,108.51,99.615,Water,Parabolic dish solar cooker,0.5,https://data.mendeley.com/datasets/szp4hfdymy/1,
254,2017-07_Sensible,690.48,33.51,108.98,99.67,Water,Parabolic dish solar cooker,0.5,https://data.mendeley.com/datasets/szp4hfdymy/1,
255,2017-07_Sensible,689.85,33.575,109.45,99.725,Water,Parabolic dish solar cooker,0.5,https://data.mendeley.com/datasets/szp4hfdymy/1,
256,2017-07_Sensible,689.22,33.64,109.92,99.78,Water,Parabolic dish solar cooker,0.5,https://data.mendeley.com/datasets/szp4hfdymy/1,
257,2017-07_Sensible,688.59,33.705,110.39,99.835,Water,Parabolic dish solar cooker,0.5,https://data.mendeley.com/datasets/szp4hfdymy/1,
258,2017-07_Sensible,687.96,33.77,110.86,99.89,Water,Parabolic dish solar cooker,0.5,https://data.mendeley.com/datasets/szp4hfdymy/1,
259,2017-07_Sensible,687.33,33.835,111.33,99.945,Water,Parabolic dish solar cooker,0.5,https://data.mendeley.com/datasets/szp4hfdymy/1,
260,2017-07_Sensible,686.7,33.9,111.8,100,Water,Parabolic dish solar cooker,0.5,https://data.mendeley.com/datasets/szp4hfdymy/1,
261,2017-07_Sensible,685.37,33.855,111.21,99.85,Water,Parabolic dish solar cooker,0.5,https://data.mendeley.com/datasets/szp4hfdymy/1,
262,2017-07_Sensible,684.04,33.81,110.62,99.7,Water,Parabolic dish solar cooker,0.5,https://data.mendeley.com/datasets/szp4hfdymy/1,
263,2017-07_Sensible,682.71,33.765,110.03,99.55,Water,Parabolic dish solar cooker,0.5,https://data.mendeley.com/datasets/szp4hfdymy/1,
264,2017-07_Sensible,681.38,33.72,109.44,99.4,Water,Parabolic dish solar cooker,0.5,https://data.mendeley.com/datasets/szp4hfdymy/1,
265,2017-07_Sensible,680.05,33.675,108.85,99.25,Water,Parabolic dish solar cooker,0.5,https://data.mendeley.com/datasets/szp4hfdymy/1,
266,2017-07_Sensible,678.72,33.63,108.26,99.1,Water,Parabolic dish solar cooker,0.5,https://data.mendeley.com/datasets/szp4hfdymy/1,
267,2017-07_Sensible,677.39,33.585,107.67,98.95,Water,Parabolic dish solar cooker,0.5,https://data.mendeley.com/datasets/szp4hfdymy/1,
268,2017-07_Sensible,676.06,33.54,107.08,98.8,Water,Parabolic dish solar cooker,0.5,https://data.mendeley.com/datasets/szp4hfdymy/1,
269,2017-07_Sensible,674.73,33.495,106.49,98.65,Water,Parabolic dish solar cooker,0.5,https://data.mendeley.com/datasets/szp4hfdymy/1,
270,2017-07_Sensible,673.4,33.45,105.9,98.5,Water,Parabolic dish solar cooker,0.5,https://data.mendeley.com/datasets/szp4hfdymy/1,
271,2017-07_Sensible,672.07,33.405,105.31,98.35,Water,Parabolic dish solar cooker,0.5,https://data.mendeley.com/datasets/szp4hfdymy/1,
272,2017-07_Sensible,670.74,33.36,104.72,98.2,Water,Parabolic dish solar cooker,0.5,https://data.mendeley.com/datasets/szp4hfdymy/1,
273,2017-07_Sensible,669.41,33.315,104.13,98.05,Water,Parabolic dish solar cooker,0.5,https://data.mendeley.com/datasets/szp4hfdymy/1,
274,2017-07_Sensible,668.08,33.27,103.54,97.9,Water,Parabolic dish solar cooker,0.5,https://data.mendeley.com/datasets/szp4hfdymy/1,
275,2017-07_Sensible,666.75,33.225,102.95,97.75,Water,Parabolic dish solar cooker,0.5,https://data.mendeley.com/datasets/szp4hfdymy/1,
276,2017-07_Sensible,665.42,33.18,102.36,97.6,Water,Parabolic dish solar cooker,0.5,https://data.mendeley.com/datasets/szp4hfdymy/1,
277,2017-07_Sensible,664.09,33.135,101.77,97.45,Water,Parabolic dish solar cooker,0.5,https://data.mendeley.com/datasets/szp4hfdymy/1,
278,2017-07_Sensible,662.76,33.09,101.18,97.3,Water,Parabolic dish solar cooker,0.5,https://data.mendeley.com/datasets/szp4hfdymy/1,
279,2017-07_Sensible,661.43,33.045,100.59,97.15,Water,Parabolic dish solar cooker,0.5,https://data.mendeley.com/datasets/szp4hfdymy/1,
280,2017-07_Sensible,660.1,33,100,97,Water,Parabolic dish solar cooker,0.5,https://data.mendeley.com/datasets/szp4hfdymy/1,
281,2017-07_Sensible,658.935,32.935,99.73,96.75,Water,Parabolic dish solar cooker,0.5,https://data.mendeley.com/datasets/szp4hfdymy/1,
282,2017-07_Sensible,657.77,32.87,99.46,96.5,Water,Parabolic dish solar cooker,0.5,https://data.mendeley.com/datasets/szp4hfdymy/1,
283,2017-07_Sensible,656.605,32.805,99.19,96.25,Water,Parabolic dish solar cooker,0.5,https://data.mendeley.com/datasets/szp4hfdymy/1,
284,2017-07_Sensible,655.44,32.74,98.92,96,Water,Parabolic dish solar cooker,0.5,https://data.mendeley.com/datasets/szp4hfdymy/1,
285,2017-07_Sensible,654.275,32.675,98.65,95.75,Water,Parabolic dish solar cooker,0.5,https://data.mendeley.com/datasets/szp4hfdymy/1,
286,2017-07_Sensible,653.11,32.61,98.38,95.5,Water,Parabolic dish solar cooker,0.5,https://data.mendeley.com/datasets/szp4hfdymy/1,
287,2017-07_Sensible,651.945,32.545,98.11,95.25,Water,Parabolic dish solar cooker,0.5,https://data.mendeley.com/datasets/szp4hfdymy/1,
288,2017-07_Sensible,650.78,32.48,97.84,95,Water,Parabolic dish solar cooker,0.5,https://data.mendeley.com/datasets/szp4hfdymy/1,
289,2017-07_Sensible,649.615,32.415,97.57,94.75,Water,Parabolic dish solar cooker,0.5,https://data.mendeley.com/datasets/szp4hfdymy/1,
290,2017-07_Sensible,648.45,32.35,97.3,94.5,Water,Parabolic dish solar cooker,0.5,https://data.mendeley.com/datasets/szp4hfdymy/1,
291,2017-07_Sensible,647.285,32.285,97.03,94.25,Water,Parabolic dish solar cooker,0.5,https://data.mendeley.com/datasets/szp4hfdymy/1,
292,2017-07_Sensible,646.12,32.22,96.76,94,Water,Parabolic dish solar cooker,0.5,https://data.mendeley.com/datasets/szp4hfdymy/1,
293,2017-07_Sensible,644.955,32.155,96.49,93.75,Water,Parabolic dish solar cooker,0.5,https://data.mendeley.com/datasets/szp4hfdymy/1,
294,2017-07_Sensible,643.79,32.09,96.22,93.5,Water,Parabolic dish solar cooker,0.5,https://data.mendeley.com/datasets/szp4hfdymy/1,
295,2017-07_Sensible,642.625,32.025,95.95,93.25,Water,Parabolic dish solar cooker,0.5,https://data.mendeley.com/datasets/szp4hfdymy/1,
296,2017-07_Sensible,641.46,31.96,95.68,93,Water,Parabolic dish solar cooker,0.5,https://data.mendeley.com/datasets/szp4hfdymy/1,
297,2017-07_Sensible,640.295,31.895,95.41,92.75,Water,Parabolic dish solar cooker,0.5,https://data.mendeley.com/datasets/szp4hfdymy/1,
298,2017-07_Sensible,639.13,31.83,95.14,92.5,Water,Parabolic dish solar cooker,0.5,https://data.mendeley.com/datasets/szp4hfdymy/1,
299,2017-07_Sensible,637.965,31.765,94.87,92.25,Water,Parabolic dish solar cooker,0.5,https://data.mendeley.com/datasets/szp4hfdymy/1,
300,2017-07_Sensible,636.8,31.7,94.6,92,Water,Parabolic dish solar cooker,0.5,https://data.mendeley.com/datasets/szp4hfdymy/1,
301,2017-07_Sensible,634.74,31.625,93.89,91.2,Water,Parabolic dish solar cooker,0.5,https://data.mendeley.com/datasets/szp4hfdymy/1,
302,2017-07_Sensible,632.68,31.55,93.18,90.4,Water,Parabolic dish solar cooker,0.5,https://data.mendeley.com/datasets/szp4hfdymy/1,
303,2017-07_Sensible,630.62,31.475,92.47,89.6,Water,Parabolic dish solar cooker,0.5,https://data.mendeley.com/datasets/szp4hfdymy/1,
304,2017-07_Sensible,628.56,31.4,91.76,88.8,Water,Parabolic dish solar cooker,0.5,https://data.mendeley.com/datasets/szp4hfdymy/1,
305,2017-07_Sensible,626.5,31.325,91.05,88,Water,Parabolic dish solar cooker,0.5,https://data.mendeley.com/datasets/szp4hfdymy/1,
306,2017-07_Sensible,624.44,31.25,90.34,87.2,Water,Parabolic dish solar cooker,0.5,https://data.mendeley.com/datasets/szp4hfdymy/1,
307,2017-07_Sensible,622.38,31.175,89.63,86.4,Water,Parabolic dish solar cooker,0.5,https://data.mendeley.com/datasets/szp4hfdymy/1,
308,2017-07_Sensible,620.32,31.1,88.92,85.6,Water,Parabolic dish solar cooker,0.5,https://data.mendeley.com/datasets/szp4hfdymy/1,
309,2017-07_Sensible,618.26,31.025,88.21,84.8,Water,Parabolic dish solar cooker,0.5,https://data.mendeley.com/datasets/szp4hfdymy/1,
310,2017-07_Sensible,616.2,30.95,87.5,84,Water,Parabolic dish solar cooker,0.5,https://data.mendeley.com/datasets/szp4hfdymy/1,
311,2017-07_Sensible,614.14,30.875,86.79,83.2,Water,Parabolic dish solar cooker,0.5,https://data.mendeley.com/datasets/szp4hfdymy/1,
312,2017-07_Sensible,612.08,30.8,86.08,82.4,Water,Parabolic dish solar cooker,0.5,https://data.mendeley.com/datasets/szp4hfdymy/1,
313,2017-07_Sensible,610.02,30.725,85.37,81.6,Water,Parabolic dish solar cooker,0.5,https://data.mendeley.com/datasets/szp4hfdymy/1,
314,2017-07_Sensible,607.96,30.65,84.66,80.8,Water,Parabolic dish solar cooker,0.5,https://data.mendeley.com/datasets/szp4hfdymy/1,
315,2017-07_Sensible,605.9,30.575,83.95,80,Water,Parabolic dish solar cooker,0.5,https://data.mendeley.com/datasets/szp4hfdymy/1,
316,2017-07_Sensible,603.84,30.5,83.24,79.2,Water,Parabolic dish solar cooker,0.5,https://data.mendeley.com/datasets/szp4hfdymy/1,
317,2017-07_Sensible,601.78,30.425,82.53,78.4,Water,Parabolic dish solar cooker,0.5,https://data.mendeley.com/datasets/szp4hfdymy/1,
318,2017-07_Sensible,599.72,30.35,81.82,77.6,Water,Parabolic dish solar cooker,0.5,https://data.mendeley.com/datasets/szp4hfdymy/1,
319,2017-07_Sensible,597.66,30.275,81.11,76.8,Water,Parabolic dish solar cooker,0.5,https://data.mendeley.com/datasets/szp4hfdymy/1,
320,2017-07_Sensible,595.6,30.2,80.4,76,Water,Parabolic dish solar cooker,0.5,https://data.mendeley.com/datasets/szp4hfdymy/1,
321,2017-07_Sensible,593.575,30.085,79.68,75.5,Water,Parabolic dish solar cooker,0.5,https://data.mendeley.com/datasets/szp4hfdymy/1,
322,2017-07_Sensible,591.55,29.97,78.96,75,Water,Parabolic dish solar cooker,0.5,https://data.mendeley.com/datasets/szp4hfdymy/1,
323,2017-07_Sensible,589.525,29.855,78.24,74.5,Water,Parabolic dish solar cooker,0.5,https://data.mendeley.com/datasets/szp4hfdymy/1,
324,2017-07_Sensible,587.5,29.74,77.52,74,Water,Parabolic dish solar cooker,0.5,https://data.mendeley.com/datasets/szp4hfdymy/1,
325,2017-07_Sensible,585.475,29.625,76.8,73.5,Water,Parabolic dish solar cooker,0.5,https://data.mendeley.com/datasets/szp4hfdymy/1,
326,2017-07_Sensible,583.45,29.51,76.08,73,Water,Parabolic dish solar cooker,0.5,https://data.mendeley.com/datasets/szp4hfdymy/1,
327,2017-07_Sensible,581.425,29.395,75.36,72.5,Water,Parabolic dish solar cooker,0.5,https://data.mendeley.com/datasets/szp4hfdymy/1,
328,2017-07_Sensible,579.4,29.28,74.64,72,Water,Parabolic dish solar cooker,0.5,https://data.mendeley.com/datasets/szp4hfdymy/1,
329,2017-07_Sensible,577.375,29.165,73.92,71.5,Water,Parabolic dish solar cooker,0.5,https://data.mendeley.com/datasets/szp4hfdymy/1,
330,2017-07_Sensible,575.35,29.05,73.2,71,Water,Parabolic dish solar cooker,0.5,https://data.mendeley.com/datasets/szp4hfdymy/1,
331,2017-07_Sensible,573.325,28.935,72.48,70.5,Water,Parabolic dish solar cooker,0.5,https://data.mendeley.com/datasets/szp4hfdymy/1,
332,2017-07_Sensible,571.3,28.82,71.76,70,Water,Parabolic dish solar cooker,0.5,https://data.mendeley.com/datasets/szp4hfdymy/1,
333,2017-07_Sensible,569.275,28.705,71.04,69.5,Water,Parabolic dish solar cooker,0.5,https://data.mendeley.com/datasets/szp4hfdymy/1,
334,2017-07_Sensible,567.25,28.59,70.32,69,Water,Parabolic dish solar cooker,0.5,https://data.mendeley.com/datasets/szp4hfdymy/1,
335,2017-07_Sensible,565.225,28.475,69.6,68.5,Water,Parabolic dish solar cooker,0.5,https://data.mendeley.com/datasets/szp4hfdymy/1,
336,2017-07_Sensible,563.2,28.36,68.88,68,Water,Parabolic dish solar cooker,0.5,https://data.mendeley.com/datasets/szp4hfdymy/1,
337,2017-07_Sensible,561.175,28.245,68.16,67.5,Water,Parabolic dish solar cooker,0.5,https://data.mendeley.com/datasets/szp4hfdymy/1,
338,2017-07_Sensible,559.15,28.13,67.44,67,Water,Parabolic dish solar cooker,0.5,https://data.mendeley.com/datasets/szp4hfdymy/1,
339,2017-07_Sensible,557.125,28.015,66.72,66.5,Water,Parabolic dish solar cooker,0.5,https://data.mendeley.com/datasets/szp4hfdymy/1,
340,2017-07_Sensible,555.1,27.9,66,66,Water,Parabolic dish solar cooker,0.5,https://data.mendeley.com/datasets/szp4hfdymy/1,
341,2017-07_Sensible,553.315,27.895,65.685,65.785,Water,Parabolic dish solar cooker,0.5,https://data.mendeley.com/datasets/szp4hfdymy/1,
342,2017-07_Sensible,551.53,27.89,65.37,65.57,Water,Parabolic dish solar cooker,0.5,https://data.mendeley.com/datasets/szp4hfdymy/1,
343,2017-07_Sensible,549.745,27.885,65.055,65.355,Water,Parabolic dish solar cooker,0.5,https://data.mendeley.com/datasets/szp4hfdymy/1,
344,2017-07_Sensible,547.96,27.88,64.74,65.14,Water,Parabolic dish solar cooker,0.5,https://data.mendeley.com/datasets/szp4hfdymy/1,
345,2017-07_Sensible,546.175,27.875,64.425,64.925,Water,Parabolic dish solar cooker,0.5,https://data.mendeley.com/datasets/szp4hfdymy/1,
346,2017-07_Sensible,544.39,27.87,64.11,64.71,Water,Parabolic dish solar cooker,0.5,https://data.mendeley.com/datasets/szp4hfdymy/1,
347,2017-07_Sensible,542.605,27.865,63.795,64.495,Water,Parabolic dish solar cooker,0.5,https://data.mendeley.com/datasets/szp4hfdymy/1,
348,2017-07_Sensible,540.82,27.86,63.48,64.28,Water,Parabolic dish solar cooker,0.5,https://data.mendeley.com/datasets/szp4hfdymy/1,
349,2017-07_Sensible,539.035,27.855,63.165,64.065,Water,Parabolic dish solar cooker,0.5,https://data.mendeley.com/datasets/szp4hfdymy/1,
350,2017-07_Sensible,537.25,27.85,62.85,63.85,Water,Parabolic dish solar cooker,0.5,https://data.mendeley.com/datasets/szp4hfdymy/1,
351,2017-07_Sensible,535.465,27.845,62.535,63.635,Water,Parabolic dish solar cooker,0.5,https://data.mendeley.com/datasets/szp4hfdymy/1,
352,2017-07_Sensible,533.68,27.84,62.22,63.42,Water,Parabolic dish solar cooker,0.5,https://data.mendeley.com/datasets/szp4hfdymy/1,
353,2017-07_Sensible,531.895,27.835,61.905,63.205,Water,Parabolic dish solar cooker,0.5,https://data.mendeley.com/datasets/szp4hfdymy/1,
354,2017-07_Sensible,530.11,27.83,61.59,62.99,Water,Parabolic dish solar cooker,0.5,https://data.mendeley.com/datasets/szp4hfdymy/1,
355,2017-07_Sensible,528.325,27.825,61.275,62.775,Water,Parabolic dish solar cooker,0.5,https://data.mendeley.com/datasets/szp4hfdymy/1,
356,2017-07_Sensible,526.54,27.82,60.96,62.56,Water,Parabolic dish solar cooker,0.5,https://data.mendeley.com/datasets/szp4hfdymy/1,
357,2017-07_Sensible,524.755,27.815,60.645,62.345,Water,Parabolic dish solar cooker,0.5,https://data.mendeley.com/datasets/szp4hfdymy/1,
358,2017-07_Sensible,522.97,27.81,60.33,62.13,Water,Parabolic dish solar cooker,0.5,https://data.mendeley.com/datasets/szp4hfdymy/1,
359,2017-07_Sensible,521.185,27.805,60.015,61.915,Water,Parabolic dish solar cooker,0.5,https://data.mendeley.com/datasets/szp4hfdymy/1,
360,2017-07_Sensible,519.4,27.8,59.7,61.7,Water,Parabolic dish solar cooker,0.5,https://data.mendeley.com/datasets/szp4hfdymy/1,
361,2017-07_Sensible,516.8,27.75,59.215,61.51,Water,Parabolic dish solar cooker,0.5,https://data.mendeley.com/datasets/szp4hfdymy/1,
362,2017-07_Sensible,514.2,27.7,58.73,61.32,Water,Parabolic dish solar cooker,0.5,https://data.mendeley.com/datasets/szp4hfdymy/1,
363,2017-07_Sensible,511.6,27.65,58.245,61.13,Water,Parabolic dish solar cooker,0.5,https://data.mendeley.com/datasets/szp4hfdymy/1,
364,2017-07_Sensible,509,27.6,57.76,60.94,Water,Parabolic dish solar cooker,0.5,https://data.mendeley.com/datasets/szp4hfdymy/1,
365,2017-07_Sensible,506.4,27.55,57.275,60.75,Water,Parabolic dish solar cooker,0.5,https://data.mendeley.com/datasets/szp4hfdymy/1,
366,2017-07_Sensible,503.8,27.5,56.79,60.56,Water,Parabolic dish solar cooker,0.5,https://data.mendeley.com/datasets/szp4hfdymy/1,
367,2017-07_Sensible,501.2,27.45,56.305,60.37,Water,Parabolic dish solar cooker,0.5,https://data.mendeley.com/datasets/szp4hfdymy/1,
368,2017-07_Sensible,498.6,27.4,55.82,60.18,Water,Parabolic dish solar cooker,0.5,https://data.mendeley.com/datasets/szp4hfdymy/1,
369,2017-07_Sensible,496,27.35,55.335,59.99,Water,Parabolic dish solar cooker,0.5,https://data.mendeley.com/datasets/szp4hfdymy/1,
370,2017-07_Sensible,493.4,27.3,54.85,59.8,Water,Parabolic dish solar cooker,0.5,https://data.mendeley.com/datasets/szp4hfdymy/1,
371,2017-07_Sensible,490.8,27.25,54.365,59.61,Water,Parabolic dish solar cooker,0.5,https://data.mendeley.com/datasets/szp4hfdymy/1,
372,2017-07_Sensible,488.2,27.2,53.88,59.42,Water,Parabolic dish solar cooker,0.5,https://data.mendeley.com/datasets/szp4hfdymy/1,
373,2017-07_Sensible,485.6,27.15,53.395,59.23,Water,Parabolic dish solar cooker,0.5,https://data.mendeley.com/datasets/szp4hfdymy/1,
374,2017-07_Sensible,483,27.1,52.91,59.04,Water,Parabolic dish solar cooker,0.5,https://data.mendeley.com/datasets/szp4hfdymy/1,
375,2017-07_Sensible,480.4,27.05,52.425,58.85,Water,Parabolic dish solar cooker,0.5,https://data.mendeley.com/datasets/szp4hfdymy/1,
376,2017-07_Sensible,477.8,27,51.94,58.66,Water,Parabolic dish solar cooker,0.5,https://data.mendeley.com/datasets/szp4hfdymy/1,
377,2017-07_Sensible,475.2,26.95,51.455,58.47,Water,Parabolic dish solar cooker,0.5,https://data.mendeley.com/datasets/szp4hfdymy/1,
378,2017-07_Sensible,472.6,26.9,50.97,58.28,Water,Parabolic dish solar cooker,0.5,https://data.mendeley.com/datasets/szp4hfdymy/1,
379,2017-07_Sensible,470,26.85,50.485,58.09,Water,Parabolic dish solar cooker,0.5,https://data.mendeley.com/datasets/szp4hfdymy/1,
380,2017-07_Sensible,467.4,26.8,50,57.9,Water,Parabolic dish solar cooker,0.5,https://data.mendeley.com/datasets/szp4hfdymy/1,
381,2017-07_Sensible,464.045,26.73,49.915,57.695,Water,Parabolic dish solar cooker,0.5,https://data.mendeley.com/datasets/szp4hfdymy/1,
382,2017-07_Sensible,460.69,26.66,49.83,57.49,Water,Parabolic dish solar cooker,0.5,https://data.mendeley.com/datasets/szp4hfdymy/1,
383,2017-07_Sensible,457.335,26.59,49.745,57.285,Water,Parabolic dish solar cooker,0.5,https://data.mendeley.com/datasets/szp4hfdymy/1,
384,2017-07_Sensible,453.98,26.52,49.66,57.08,Water,Parabolic dish solar cooker,0.5,https://data.mendeley.com/datasets/szp4hfdymy/1,
385,2017-07_Sensible,450.625,26.45,49.575,56.875,Water,Parabolic dish solar cooker,0.5,https://data.mendeley.com/datasets/szp4hfdymy/1,
386,2017-07_Sensible,447.27,26.38,49.49,56.67,Water,Parabolic dish solar cooker,0.5,https://data.mendeley.com/datasets/szp4hfdymy/1,
387,2017-07_Sensible,443.915,26.31,49.405,56.465,Water,Parabolic dish solar cooker,0.5,https://data.mendeley.com/datasets/szp4hfdymy/1,
388,2017-07_Sensible,440.56,26.24,49.32,56.26,Water,Parabolic dish solar cooker,0.5,https://data.mendeley.com/datasets/szp4hfdymy/1,
389,2017-07_Sensible,437.205,26.17,49.235,56.055,Water,Parabolic dish solar cooker,0.5,https://data.mendeley.com/datasets/szp4hfdymy/1,
390,2017-07_Sensible,433.85,26.1,49.15,55.85,Water,Parabolic dish solar cooker,0.5,https://data.mendeley.com/datasets/szp4hfdymy/1,
391,2017-07_Sensible,430.495,26.03,49.065,55.645,Water,Parabolic dish solar cooker,0.5,https://data.mendeley.com/datasets/szp4hfdymy/1,
392,2017-07_Sensible,427.14,25.96,48.98,55.44,Water,Parabolic dish solar cooker,0.5,https://data.mendeley.com/datasets/szp4hfdymy/1,
393,2017-07_Sensible,423.785,25.89,48.895,55.235,Water,Parabolic dish solar cooker,0.5,https://data.mendeley.com/datasets/szp4hfdymy/1,
394,2017-07_Sensible,420.43,25.82,48.81,55.03,Water,Parabolic dish solar cooker,0.5,https://data.mendeley.com/datasets/szp4hfdymy/1,
395,2017-07_Sensible,417.075,25.75,48.725,54.825,Water,Parabolic dish solar cooker,0.5,https://data.mendeley.com/datasets/szp4hfdymy/1,
396,2017-07_Sensible,413.72,25.68,48.64,54.62,Water,Parabolic dish solar cooker,0.5,https://data.mendeley.com/datasets/szp4hfdymy/1,
397,2017-07_Sensible,410.365,25.61,48.555,54.415,Water,Parabolic dish solar cooker,0.5,https://data.mendeley.com/datasets/szp4hfdymy/1,
398,2017-07_Sensible,407.01,25.54,48.47,54.21,Water,Parabolic dish solar cooker,0.5,https://data.mendeley.com/datasets/szp4hfdymy/1,
399,2017-07_Sensible,403.655,25.47,48.385,54.005,Water,Parabolic dish solar cooker,0.5,https://data.mendeley.com/datasets/szp4hfdymy/1,
400,2017-07_Sensible,400.3,25.4,48.3,53.8,Water,Parabolic dish solar cooker,0.5,https://data.mendeley.com/datasets/szp4hfdymy/1,
401,2017-07_Sensible,398.535,25.38,48.135,53.61,Water,Parabolic dish solar cooker,0.5,https://data.mendeley.com/datasets/szp4hfdymy/1,
402,2017-07_Sensible,396.77,25.36,47.97,53.42,Water,Parabolic dish solar cooker,0.5,https://data.mendeley.com/datasets/szp4hfdymy/1,
403,2017-07_Sensible,395.005,25.34,47.805,53.23,Water,Parabolic dish solar cooker,0.5,https://data.mendeley.com/datasets/szp4hfdymy/1,
404,2017-07_Sensible,393.24,25.32,47.64,53.04,Water,Parabolic dish solar cooker,0.5,https://data.mendeley.com/datasets/szp4hfdymy/1,
405,2017-07_Sensible,391.475,25.3,47.475,52.85,Water,Parabolic dish solar cooker,0.5,https://data.mendeley.com/datasets/szp4hfdymy/1,
406,2017-07_Sensible,389.71,25.28,47.31,52.66,Water,Parabolic dish solar cooker,0.5,https://data.mendeley.com/datasets/szp4hfdymy/1,
407,2017-07_Sensible,387.945,25.26,47.145,52.47,Water,Parabolic dish solar cooker,0.5,https://data.mendeley.com/datasets/szp4hfdymy/1,
408,2017-07_Sensible,386.18,25.24,46.98,52.28,Water,Parabolic dish solar cooker,0.5,https://data.mendeley.com/datasets/szp4hfdymy/1,
409,2017-07_Sensible,384.415,25.22,46.815,52.09,Water,Parabolic dish solar cooker,0.5,https://data.mendeley.com/datasets/szp4hfdymy/1,
410,2017-07_Sensible,382.65,25.2,46.65,51.9,Water,Parabolic dish solar cooker,0.5,https://data.mendeley.com/datasets/szp4hfdymy/1,
411,2017-07_Sensible,380.885,25.18,46.485,51.71,Water,Parabolic dish solar cooker,0.5,https://data.mendeley.com/datasets/szp4hfdymy/1,
412,2017-07_Sensible,379.12,25.16,46.32,51.52,Water,Parabolic dish solar cooker,0.5,https://data.mendeley.com/datasets/szp4hfdymy/1,
413,2017-07_Sensible,377.355,25.14,46.155,51.33,Water,Parabolic dish solar cooker,0.5,https://data.mendeley.com/datasets/szp4hfdymy/1,
414,2017-07_Sensible,375.59,25.12,45.99,51.14,Water,Parabolic dish solar cooker,0.5,https://data.mendeley.com/datasets/szp4hfdymy/1,
415,2017-07_Sensible,373.825,25.1,45.825,50.95,Water,Parabolic dish solar cooker,0.5,https://data.mendeley.com/datasets/szp4hfdymy/1,
416,2017-07_Sensible,372.06,25.08,45.66,50.76,Water,Parabolic dish solar cooker,0.5,https://data.mendeley.com/datasets/szp4hfdymy/1,
417,2017-07_Sensible,370.295,25.06,45.495,50.57,Water,Parabolic dish solar cooker,0.5,https://data.mendeley.com/datasets/szp4hfdymy/1,
418,2017-07_Sensible,368.53,25.04,45.33,50.38,Water,Parabolic dish solar cooker,0.5,https://data.mendeley.com/datasets/szp4hfdymy/1,
419,2017-07_Sensible,366.765,25.02,45.165,50.19,Water,Parabolic dish solar cooker,0.5,https://data.mendeley.com/datasets/szp4hfdymy/1,
420,2017-07_Sensible,365,25,45,50,Water,Parabolic dish solar cooker,0.5,https://data.mendeley.com/datasets/szp4hfdymy/1,
0,2017-08_Stagnation,164.5,20.7,30.5,29,Chamber air (proxy),Parabolic dish solar cooker,0,https://data.mendeley.com/datasets/szp4hfdymy/1,
1,2017-08_Stagnation,165.295,20.765,30.725,29.125,Chamber air (proxy),Parabolic dish solar cooker,0,https://data.mendeley.com/datasets/szp4hfdymy/1,
2,2017-08_Stagnation,166.09,20.83,30.95,29.25,Chamber air (proxy),Parabolic dish solar cooker,0,https://data.mendeley.com/datasets/szp4hfdymy/1,
3,2017-08_Stagnation,166.885,20.895,31.175,29.375,Chamber air (proxy),Parabolic dish solar cooker,0,https://data.mendeley.com/datasets/szp4hfdymy/1,
4,2017-08_Stagnation,167.68,20.96,31.4,29.5,Chamber air (proxy),Parabolic dish solar cooker,0,https://data.mendeley.com/datasets/szp4hfdymy/1,
5,2017-08_Stagnation,168.475,21.025,31.625,29.625,Chamber air (proxy),Parabolic dish solar cooker,0,https://data.mendeley.com/datasets/szp4hfdymy/1,
6,2017-08_Stagnation,169.27,21.09,31.85,29.75,Chamber air (proxy),Parabolic dish solar cooker,0,https://data.mendeley.com/datasets/szp4hfdymy/1,
7,2017-08_Stagnation,170.065,21.155,32.075,29.875,Chamber air (proxy),Parabolic dish solar cooker,0,https://data.mendeley.com/datasets/szp4hfdymy/1,
8,2017-08_Stagnation,170.86,21.22,32.3,30,Chamber air (proxy),Parabolic dish solar cooker,0,https://data.mendeley.com/datasets/szp4hfdymy/1,
9,2017-08_Stagnation,171.655,21.285,32.525,30.125,Chamber air (proxy),Parabolic dish solar cooker,0,https://data.mendeley.com/datasets/szp4hfdymy/1,
10,2017-08_Stagnation,172.45,21.35,32.75,30.25,Chamber air (proxy),Parabolic dish solar cooker,0,https://data.mendeley.com/datasets/szp4hfdymy/1,
11,2017-08_Stagnation,173.245,21.415,32.975,30.375,Chamber air (proxy),Parabolic dish solar cooker,0,https://data.mendeley.com/datasets/szp4hfdymy/1,
12,2017-08_Stagnation,174.04,21.48,33.2,30.5,Chamber air (proxy),Parabolic dish solar cooker,0,https://data.mendeley.com/datasets/szp4hfdymy/1,
13,2017-08_Stagnation,174.835,21.545,33.425,30.625,Chamber air (proxy),Parabolic dish solar cooker,0,https://data.mendeley.com/datasets/szp4hfdymy/1,
14,2017-08_Stagnation,175.63,21.61,33.65,30.75,Chamber air (proxy),Parabolic dish solar cooker,0,https://data.mendeley.com/datasets/szp4hfdymy/1,
15,2017-08_Stagnation,176.425,21.675,33.875,30.875,Chamber air (proxy),Parabolic dish solar cooker,0,https://data.mendeley.com/datasets/szp4hfdymy/1,
16,2017-08_Stagnation,177.22,21.74,34.1,31,Chamber air (proxy),Parabolic dish solar cooker,0,https://data.mendeley.com/datasets/szp4hfdymy/1,
17,2017-08_Stagnation,178.015,21.805,34.325,31.125,Chamber air (proxy),Parabolic dish solar cooker,0,https://data.mendeley.com/datasets/szp4hfdymy/1,
18,2017-08_Stagnation,178.81,21.87,34.55,31.25,Chamber air (proxy),Parabolic dish solar cooker,0,https://data.mendeley.com/datasets/szp4hfdymy/1,
19,2017-08_Stagnation,179.605,21.935,34.775,31.375,Chamber air (proxy),Parabolic dish solar cooker,0,https://data.mendeley.com/datasets/szp4hfdymy/1,
20,2017-08_Stagnation,180.4,22,35,31.5,Chamber air (proxy),Parabolic dish solar cooker,0,https://data.mendeley.com/datasets/szp4hfdymy/1,
21,2017-08_Stagnation,185.66,22.18,35.7,32.235,Chamber air (proxy),Parabolic dish solar cooker,0,https://data.mendeley.com/datasets/szp4hfdymy/1,
22,2017-08_Stagnation,190.92,22.36,36.4,32.97,Chamber air (proxy),Parabolic dish solar cooker,0,https://data.mendeley.com/datasets/szp4hfdymy/1,
23,2017-08_Stagnation,196.18,22.54,37.1,33.705,Chamber air (proxy),Parabolic dish solar cooker,0,https://data.mendeley.com/datasets/szp4hfdymy/1,
24,2017-08_Stagnation,201.44,22.72,37.8,34.44,Chamber air (proxy),Parabolic dish solar cooker,0,https://data.mendeley.com/datasets/szp4hfdymy/1,
25,2017-08_Stagnation,206.7,22.9,38.5,35.175,Chamber air (proxy),Parabolic dish solar cooker,0,https://data.mendeley.com/datasets/szp4hfdymy/1,
26,2017-08_Stagnation,211.96,23.08,39.2,35.91,Chamber air (proxy),Parabolic dish solar cooker,0,https://data.mendeley.com/datasets/szp4hfdymy/1,
27,2017-08_Stagnation,217.22,23.26,39.9,36.645,Chamber air (proxy),Parabolic dish solar cooker,0,https://data.mendeley.com/datasets/szp4hfdymy/1,
28,2017-08_Stagnation,222.48,23.44,40.6,37.38,Chamber air (proxy),Parabolic dish solar cooker,0,https://data.mendeley.com/datasets/szp4hfdymy/1,
29,2017-08_Stagnation,227.74,23.62,41.3,38.115,Chamber air (proxy),Parabolic dish solar cooker,0,https://data.mendeley.com/datasets/szp4hfdymy/1,
30,2017-08_Stagnation,233,23.8,42,38.85,Chamber air (proxy),Parabolic dish solar cooker,0,https://data.mendeley.com/datasets/szp4hfdymy/1,
31,2017-08_Stagnation,238.26,23.98,42.7,39.585,Chamber air (proxy),Parabolic dish solar cooker,0,https://data.mendeley.com/datasets/szp4hfdymy/1,
32,2017-08_Stagnation,243.52,24.16,43.4,40.32,Chamber air (proxy),Parabolic dish solar cooker,0,https://data.mendeley.com/datasets/szp4hfdymy/1,
33,2017-08_Stagnation,248.78,24.34,44.1,41.055,Chamber air (proxy),Parabolic dish solar cooker,0,https://data.mendeley.com/datasets/szp4hfdymy/1,
34,2017-08_Stagnation,254.04,24.52,44.8,41.79,Chamber air (proxy),Parabolic dish solar cooker,0,https://data.mendeley.com/datasets/szp4hfdymy/1,
35,2017-08_Stagnation,259.3,24.7,45.5,42.525,Chamber air (proxy),Parabolic dish solar cooker,0,https://data.mendeley.com/datasets/szp4hfdymy/1,
36,2017-08_Stagnation,264.56,24.88,46.2,43.26,Chamber air (proxy),Parabolic dish solar cooker,0,https://data.mendeley.com/datasets/szp4hfdymy/1,
37,2017-08_Stagnation,269.82,25.06,46.9,43.995,Chamber air (proxy),Parabolic dish solar cooker,0,https://data.mendeley.com/datasets/szp4hfdymy/1,
38,2017-08_Stagnation,275.08,25.24,47.6,44.73,Chamber air (proxy),Parabolic dish solar cooker,0,https://data.mendeley.com/datasets/szp4hfdymy/1,
39,2017-08_Stagnation,280.34,25.42,48.3,45.465,Chamber air (proxy),Parabolic dish solar cooker,0,https://data.mendeley.com/datasets/szp4hfdymy/1,
40,2017-08_Stagnation,285.6,25.6,49,46.2,Chamber air (proxy),Parabolic dish solar cooker,0,https://data.mendeley.com/datasets/szp4hfdymy/1,
41,2017-08_Stagnation,294.1175,25.595,49.38,46.67,Chamber air (proxy),Parabolic dish solar cooker,0,https://data.mendeley.com/datasets/szp4hfdymy/1,
42,2017-08_Stagnation,302.635,25.59,49.76,47.14,Chamber air (proxy),Parabolic dish solar cooker,0,https://data.mendeley.com/datasets/szp4hfdymy/1,
43,2017-08_Stagnation,311.1525,25.585,50.14,47.61,Chamber air (proxy),Parabolic dish solar cooker,0,https://data.mendeley.com/datasets/szp4hfdymy/1,
44,2017-08_Stagnation,319.67,25.58,50.52,48.08,Chamber air (proxy),Parabolic dish solar cooker,0,https://data.mendeley.com/datasets/szp4hfdymy/1,
45,2017-08_Stagnation,328.1875,25.575,50.9,48.55,Chamber air (proxy),Parabolic dish solar cooker,0,https://data.mendeley.com/datasets/szp4hfdymy/1,
46,2017-08_Stagnation,336.705,25.57,51.28,49.02,Chamber air (proxy),Parabolic dish solar cooker,0,https://data.mendeley.com/datasets/szp4hfdymy/1,
47,2017-08_Stagnation,345.2225,25.565,51.66,49.49,Chamber air (proxy),Parabolic dish solar cooker,0,https://data.mendeley.com/datasets/szp4hfdymy/1,
48,2017-08_Stagnation,353.74,25.56,52.04,49.96,Chamber air (proxy),Parabolic dish solar cooker,0,https://data.mendeley.com/datasets/szp4hfdymy/1,
49,2017-08_Stagnation,362.2575,25.555,52.42,50.43,Chamber air (proxy),Parabolic dish solar cooker,0,https://data.mendeley.com/datasets/szp4hfdymy/1,
50,2017-08_Stagnation,370.775,25.55,52.8,50.9,Chamber air (proxy),Parabolic dish solar cooker,0,https://data.mendeley.com/datasets/szp4hfdymy/1,
51,2017-08_Stagnation,379.2925,25.545,53.18,51.37,Chamber air (proxy),Parabolic dish solar cooker,0,https://data.mendeley.com/datasets/szp4hfdymy/1,
52,2017-08_Stagnation,387.81,25.54,53.56,51.84,Chamber air (proxy),Parabolic dish solar cooker,0,https://data.mendeley.com/datasets/szp4hfdymy/1,
53,2017-08_Stagnation,396.3275,25.535,53.94,52.31,Chamber air (proxy),Parabolic dish solar cooker,0,https://data.mendeley.com/datasets/szp4hfdymy/1,
54,2017-08_Stagnation,404.845,25.53,54.32,52.78,Chamber air (proxy),Parabolic dish solar cooker,0,https://data.mendeley.com/datasets/szp4hfdymy/1,
55,2017-08_Stagnation,413.3625,25.525,54.7,53.25,Chamber air (proxy),Parabolic dish solar cooker,0,https://data.mendeley.com/datasets/szp4hfdymy/1,
56,2017-08_Stagnation,421.88,25.52,55.08,53.72,Chamber air (proxy),Parabolic dish solar cooker,0,https://data.mendeley.com/datasets/szp4hfdymy/1,
57,2017-08_Stagnation,430.3975,25.515,55.46,54.19,Chamber air (proxy),Parabolic dish solar cooker,0,https://data.mendeley.com/datasets/szp4hfdymy/1,
58,2017-08_Stagnation,438.915,25.51,55.84,54.66,Chamber air (proxy),Parabolic dish solar cooker,0,https://data.mendeley.com/datasets/szp4hfdymy/1,
59,2017-08_Stagnation,447.4325,25.505,56.22,55.13,Chamber air (proxy),Parabolic dish solar cooker,0,https://data.mendeley.com/datasets/szp4hfdymy/1,
60,2017-08_Stagnation,455.95,25.5,56.6,55.6,Chamber air (proxy),Parabolic dish solar cooker,0,https://data.mendeley.com/datasets/szp4hfdymy/1,
61,2017-08_Stagnation,449.3625,25.435,57.37,56.19,Chamber air (proxy),Parabolic dish solar cooker,0,https://data.mendeley.com/datasets/szp4hfdymy/1,
62,2017-08_Stagnation,442.775,25.37,58.14,56.78,Chamber air (proxy),Parabolic dish solar cooker,0,https://data.mendeley.com/datasets/szp4hfdymy/1,
63,2017-08_Stagnation,436.1875,25.305,58.91,57.37,Chamber air (proxy),Parabolic dish solar cooker,0,https://data.mendeley.com/datasets/szp4hfdymy/1,
64,2017-08_Stagnation,429.6,25.24,59.68,57.96,Chamber air (proxy),Parabolic dish solar cooker,0,https://data.mendeley.com/datasets/szp4hfdymy/1,
65,2017-08_Stagnation,423.0125,25.175,60.45,58.55,Chamber air (proxy),Parabolic dish solar cooker,0,https://data.mendeley.com/datasets/szp4hfdymy/1,
66,2017-08_Stagnation,416.425,25.11,61.22,59.14,Chamber air (proxy),Parabolic dish solar cooker,0,https://data.mendeley.com/datasets/szp4hfdymy/1,
67,2017-08_Stagnation,409.8375,25.045,61.99,59.73,Chamber air (proxy),Parabolic dish solar cooker,0,https://data.mendeley.com/datasets/szp4hfdymy/1,
68,2017-08_Stagnation,403.25,24.98,62.76,60.32,Chamber air (proxy),Parabolic dish solar cooker,0,https://data.mendeley.com/datasets/szp4hfdymy/1,
69,2017-08_Stagnation,396.6625,24.915,63.53,60.91,Chamber air (proxy),Parabolic dish solar cooker,0,https://data.mendeley.com/datasets/szp4hfdymy/1,
70,2017-08_Stagnation,390.075,24.85,64.3,61.5,Chamber air (proxy),Parabolic dish solar cooker,0,https://data.mendeley.com/datasets/szp4hfdymy/1,
71,2017-08_Stagnation,383.4875,24.785,65.07,62.09,Chamber air (proxy),Parabolic dish solar cooker,0,https://data.mendeley.com/datasets/szp4hfdymy/1,
72,2017-08_Stagnation,376.9,24.72,65.84,62.68,Chamber air (proxy),Parabolic dish solar cooker,0,https://data.mendeley.com/datasets/szp4hfdymy/1,
73,2017-08_Stagnation,370.3125,24.655,66.61,63.27,Chamber air (proxy),Parabolic dish solar cooker,0,https://data.mendeley.com/datasets/szp4hfdymy/1,
74,2017-08_Stagnation,363.725,24.59,67.38,63.86,Chamber air (proxy),Parabolic dish solar cooker,0,https://data.mendeley.com/datasets/szp4hfdymy/1,
75,2017-08_Stagnation,357.1375,24.525,68.15,64.45,Chamber air (proxy),Parabolic dish solar cooker,0,https://data.mendeley.com/datasets/szp4hfdymy/1,
76,2017-08_Stagnation,350.55,24.46,68.92,65.04,Chamber air (proxy),Parabolic dish solar cooker,0,https://data.mendeley.com/datasets/szp4hfdymy/1,
77,2017-08_Stagnation,343.9625,24.395,69.69,65.63,Chamber air (proxy),Parabolic dish solar cooker,0,https://data.mendeley.com/datasets/szp4hfdymy/1,
78,2017-08_Stagnation,337.375,24.33,70.46,66.22,Chamber air (proxy),Parabolic dish solar cooker,0,https://data.mendeley.com/datasets/szp4hfdymy/1,
79,2017-08_Stagnation,330.7875,24.265,71.23,66.81,Chamber air (proxy),Parabolic dish solar cooker,0,https://data.mendeley.com/datasets/szp4hfdymy/1,
80,2017-08_Stagnation,324.2,24.2,72,67.4,Chamber air (proxy),Parabolic dish solar cooker,0,https://data.mendeley.com/datasets/szp4hfdymy/1,
81,2017-08_Stagnation,330.02,24.445,72.265,67.715,Chamber air (proxy),Parabolic dish solar cooker,0,https://data.mendeley.com/datasets/szp4hfdymy/1,
82,2017-08_Stagnation,335.84,24.69,72.53,68.03,Chamber air (proxy),Parabolic dish solar cooker,0,https://data.mendeley.com/datasets/szp4hfdymy/1,
83,2017-08_Stagnation,341.66,24.935,72.795,68.345,Chamber air (proxy),Parabolic dish solar cooker,0,https://data.mendeley.com/datasets/szp4hfdymy/1,
84,2017-08_Stagnation,347.48,25.18,73.06,68.66,Chamber air (proxy),Parabolic dish solar cooker,0,https://data.mendeley.com/datasets/szp4hfdymy/1,
85,2017-08_Stagnation,353.3,25.425,73.325,68.975,Chamber air (proxy),Parabolic dish solar cooker,0,https://data.mendeley.com/datasets/szp4hfdymy/1,
86,2017-08_Stagnation,359.12,25.67,73.59,69.29,Chamber air (proxy),Parabolic dish solar cooker,0,https://data.mendeley.com/datasets/szp4hfdymy/1,
87,2017-08_Stagnation,364.94,25.915,73.855,69.605,Chamber air (proxy),Parabolic dish solar cooker,0,https://data.mendeley.com/datasets/szp4hfdymy/1,
88,2017-08_Stagnation,370.76,26.16,74.12,69.92,Chamber air (proxy),Parabolic dish solar cooker,0,https://data.mendeley.com/datasets/szp4hfdymy/1,
89,2017-08_Stagnation,376.58,26.405,74.385,70.235,Chamber air (proxy),Parabolic dish solar cooker,0,https://data.mendeley.com/datasets/szp4hfdymy/1,
90,2017-08_Stagnation,382.4,26.65,74.65,70.55,Chamber air (proxy),Parabolic dish solar cooker,0,https://data.mendeley.com/datasets/szp4hfdymy/1,
91,2017-08_Stagnation,388.22,26.895,74.915,70.865,Chamber air (proxy),Parabolic dish solar cooker,0,https://data.mendeley.com/datasets/szp4hfdymy/1,
92,2017-08_Stagnation,394.04,27.14,75.18,71.18,Chamber air (proxy),Parabolic dish solar cooker,0,https://data.mendeley.com/datasets/szp4hfdymy/1,
93,2017-08_Stagnation,399.86,27.385,75.445,71.495,Chamber air (proxy),Parabolic dish solar cooker,0,https://data.mendeley.com/datasets/szp4hfdymy/1,
94,2017-08_Stagnation,405.68,27.63,75.71,71.81,Chamber air (proxy),Parabolic dish solar cooker,0,https://data.mendeley.com/datasets/szp4hfdymy/1,
95,2017-08_Stagnation,411.5,27.875,75.975,72.125,Chamber air (proxy),Parabolic dish solar cooker,0,https://data.mendeley.com/datasets/szp4hfdymy/1,
96,2017-08_Stagnation,417.32,28.12,76.24,72.44,Chamber air (proxy),Parabolic dish solar cooker,0,https://data.mendeley.com/datasets/szp4hfdymy/1,
97,2017-08_Stagnation,423.14,28.365,76.505,72.755,Chamber air (proxy),Parabolic dish solar cooker,0,https://data.mendeley.com/datasets/szp4hfdymy/1,
98,2017-08_Stagnation,428.96,28.61,76.77,73.07,Chamber air (proxy),Parabolic dish solar cooker,0,https://data.mendeley.com/datasets/szp4hfdymy/1,
99,2017-08_Stagnation,434.78,28.855,77.035,73.385,Chamber air (proxy),Parabolic dish solar cooker,0,https://data.mendeley.com/datasets/szp4hfdymy/1,
100,2017-08_Stagnation,440.6,29.1,77.3,73.7,Chamber air (proxy),Parabolic dish solar cooker,0,https://data.mendeley.com/datasets/szp4hfdymy/1,
101,2017-08_Stagnation,446.385,29.16,77.76,74.22,Chamber air (proxy),Parabolic dish solar cooker,0,https://data.mendeley.com/datasets/szp4hfdymy/1,
102,2017-08_Stagnation,452.17,29.22,78.22,74.74,Chamber air (proxy),Parabolic dish solar cooker,0,https://data.mendeley.com/datasets/szp4hfdymy/1,
103,2017-08_Stagnation,457.955,29.28,78.68,75.26,Chamber air (proxy),Parabolic dish solar cooker,0,https://data.mendeley.com/datasets/szp4hfdymy/1,
104,2017-08_Stagnation,463.74,29.34,79.14,75.78,Chamber air (proxy),Parabolic dish solar cooker,0,https://data.mendeley.com/datasets/szp4hfdymy/1,
105,2017-08_Stagnation,469.525,29.4,79.6,76.3,Chamber air (proxy),Parabolic dish solar cooker,0,https://data.mendeley.com/datasets/szp4hfdymy/1,
106,2017-08_Stagnation,475.31,29.46,80.06,76.82,Chamber air (proxy),Parabolic dish solar cooker,0,https://data.mendeley.com/datasets/szp4hfdymy/1,
107,2017-08_Stagnation,481.095,29.52,80.52,77.34,Chamber air (proxy),Parabolic dish solar cooker,0,https://data.mendeley.com/datasets/szp4hfdymy/1,
108,2017-08_Stagnation,486.88,29.58,80.98,77.86,Chamber air (proxy),Parabolic dish solar cooker,0,https://data.mendeley.com/datasets/szp4hfdymy/1,
109,2017-08_Stagnation,492.665,29.64,81.44,78.38,Chamber air (proxy),Parabolic dish solar cooker,0,https://data.mendeley.com/datasets/szp4hfdymy/1,
110,2017-08_Stagnation,498.45,29.7,81.9,78.9,Chamber air (proxy),Parabolic dish solar cooker,0,https://data.mendeley.com/datasets/szp4hfdymy/1,
111,2017-08_Stagnation,504.235,29.76,82.36,79.42,Chamber air (proxy),Parabolic dish solar cooker,0,https://data.mendeley.com/datasets/szp4hfdymy/1,
112,2017-08_Stagnation,510.02,29.82,82.82,79.94,Chamber air (proxy),Parabolic dish solar cooker,0,https://data.mendeley.com/datasets/szp4hfdymy/1,
113,2017-08_Stagnation,515.805,29.88,83.28,80.46,Chamber air (proxy),Parabolic dish solar cooker,0,https://data.mendeley.com/datasets/szp4hfdymy/1,
114,2017-08_Stagnation,521.59,29.94,83.74,80.98,Chamber air (proxy),Parabolic dish solar cooker,0,https://data.mendeley.com/datasets/szp4hfdymy/1,
115,2017-08_Stagnation,527.375,30,84.2,81.5,Chamber air (proxy),Parabolic dish solar cooker,0,https://data.mendeley.com/datasets/szp4hfdymy/1,
116,2017-08_Stagnation,533.16,30.06,84.66,82.02,Chamber air (proxy),Parabolic dish solar cooker,0,https://data.mendeley.com/datasets/szp4hfdymy/1,
117,2017-08_Stagnation,538.945,30.12,85.12,82.54,Chamber air (proxy),Parabolic dish solar cooker,0,https://data.mendeley.com/datasets/szp4hfdymy/1,
118,2017-08_Stagnation,544.73,30.18,85.58,83.06,Chamber air (proxy),Parabolic dish solar cooker,0,https://data.mendeley.com/datasets/szp4hfdymy/1,
119,2017-08_Stagnation,550.515,30.24,86.04,83.58,Chamber air (proxy),Parabolic dish solar cooker,0,https://data.mendeley.com/datasets/szp4hfdymy/1,
120,2017-08_Stagnation,556.3,30.3,86.5,84.1,Chamber air (proxy),Parabolic dish solar cooker,0,https://data.mendeley.com/datasets/szp4hfdymy/1,
121,2017-08_Stagnation,553.225,30.34,87.425,85.08,Chamber air (proxy),Parabolic dish solar cooker,0,https://data.mendeley.com/datasets/szp4hfdymy/1,
122,2017-08_Stagnation,550.15,30.38,88.35,86.06,Chamber air (proxy),Parabolic dish solar cooker,0,https://data.mendeley.com/datasets/szp4hfdymy/1,
123,2017-08_Stagnation,547.075,30.42,89.275,87.04,Chamber air (proxy),Parabolic dish solar cooker,0,https://data.mendeley.com/datasets/szp4hfdymy/1,
124,2017-08_Stagnation,544,30.46,90.2,88.02,Chamber air (proxy),Parabolic dish solar cooker,0,https://data.mendeley.com/datasets/szp4hfdymy/1,
125,2017-08_Stagnation,540.925,30.5,91.125,89,Chamber air (proxy),Parabolic dish solar cooker,0,https://data.mendeley.com/datasets/szp4hfdymy/1,
126,2017-08_Stagnation,537.85,30.54,92.05,89.98,Chamber air (proxy),Parabolic dish solar cooker,0,https://data.mendeley.com/datasets/szp4hfdymy/1,
127,2017-08_Stagnation,534.775,30.58,92.975,90.96,Chamber air (proxy),Parabolic dish solar cooker,0,https://data.mendeley.com/datasets/szp4hfdymy/1,
128,2017-08_Stagnation,531.7,30.62,93.9,91.94,Chamber air (proxy),Parabolic dish solar cooker,0,https://data.mendeley.com/datasets/szp4hfdymy/1,
129,2017-08_Stagnation,528.625,30.66,94.825,92.92,Chamber air (proxy),Parabolic dish solar cooker,0,https://data.mendeley.com/datasets/szp4hfdymy/1,
130,2017-08_Stagnation,525.55,30.7,95.75,93.9,Chamber air (proxy),Parabolic dish solar cooker,0,https://data.mendeley.com/datasets/szp4hfdymy/1,
131,2017-08_Stagnation,522.475,30.74,96.675,94.88,Chamber air (proxy),Parabolic dish solar cooker,0,https://data.mendeley.com/datasets/szp4hfdymy/1,
132,2017-08_Stagnation,519.4,30.78,97.6,95.86,Chamber air (proxy),Parabolic dish solar cooker,0,https://data.mendeley.com/datasets/szp4hfdymy/1,
133,2017-08_Stagnation,516.325,30.82,98.525,96.84,Chamber air (proxy),Parabolic dish solar cooker,0,https://data.mendeley.com/datasets/szp4hfdymy/1,
134,2017-08_Stagnation,513.25,30.86,99.45,97.82,Chamber air (proxy),Parabolic dish solar cooker,0,https://data.mendeley.com/datasets/szp4hfdymy/1,
135,2017-08_Stagnation,510.175,30.9,100.375,98.8,Chamber air (proxy),Parabolic dish solar cooker,0,https://data.mendeley.com/datasets/szp4hfdymy/1,
136,2017-08_Stagnation,507.1,30.94,101.3,99.78,Chamber air (proxy),Parabolic dish solar cooker,0,https://data.mendeley.com/datasets/szp4hfdymy/1,
137,2017-08_Stagnation,504.025,30.98,102.225,100.76,Chamber air (proxy),Parabolic dish solar cooker,0,https://data.mendeley.com/datasets/szp4hfdymy/1,
138,2017-08_Stagnation,500.95,31.02,103.15,101.74,Chamber air (proxy),Parabolic dish solar cooker,0,https://data.mendeley.com/datasets/szp4hfdymy/1,
139,2017-08_Stagnation,497.875,31.06,104.075,102.72,Chamber air (proxy),Parabolic dish solar cooker,0,https://data.mendeley.com/datasets/szp4hfdymy/1,
140,2017-08_Stagnation,494.8,31.1,105,103.7,Chamber air (proxy),Parabolic dish solar cooker,0,https://data.mendeley.com/datasets/szp4hfdymy/1,
141,2017-08_Stagnation,499.59,30.985,105.35,103.965,Chamber air (proxy),Parabolic dish solar cooker,0,https://data.mendeley.com/datasets/szp4hfdymy/1,
142,2017-08_Stagnation,504.38,30.87,105.7,104.23,Chamber air (proxy),Parabolic dish solar cooker,0,https://data.mendeley.com/datasets/szp4hfdymy/1,
143,2017-08_Stagnation,509.17,30.755,106.05,104.495,Chamber air (proxy),Parabolic dish solar cooker,0,https://data.mendeley.com/datasets/szp4hfdymy/1,
144,2017-08_Stagnation,513.96,30.64,106.4,104.76,Chamber air (proxy),Parabolic dish solar cooker,0,https://data.mendeley.com/datasets/szp4hfdymy/1,
145,2017-08_Stagnation,518.75,30.525,106.75,105.025,Chamber air (proxy),Parabolic dish solar cooker,0,https://data.mendeley.com/datasets/szp4hfdymy/1,
146,2017-08_Stagnation,523.54,30.41,107.1,105.29,Chamber air (proxy),Parabolic dish solar cooker,0,https://data.mendeley.com/datasets/szp4hfdymy/1,
147,2017-08_Stagnation,528.33,30.295,107.45,105.555,Chamber air (proxy),Parabolic dish solar cooker,0,https://data.mendeley.com/datasets/szp4hfdymy/1,
148,2017-08_Stagnation,533.12,30.18,107.8,105.82,Chamber air (proxy),Parabolic dish solar cooker,0,https://data.mendeley.com/datasets/szp4hfdymy/1,
149,2017-08_Stagnation,537.91,30.065,108.15,106.085,Chamber air (proxy),Parabolic dish solar cooker,0,https://data.mendeley.com/datasets/szp4hfdymy/1,
150,2017-08_Stagnation,542.7,29.95,108.5,106.35,Chamber air (proxy),Parabolic dish solar cooker,0,https://data.mendeley.com/datasets/szp4hfdymy/1,
151,2017-08_Stagnation,547.49,29.835,108.85,106.615,Chamber air (proxy),Parabolic dish solar cooker,0,https://data.mendeley.com/datasets/szp4hfdymy/1,
152,2017-08_Stagnation,552.28,29.72,109.2,106.88,Chamber air (proxy),Parabolic dish solar cooker,0,https://data.mendeley.com/datasets/szp4hfdymy/1,
153,2017-08_Stagnation,557.07,29.605,109.55,107.145,Chamber air (proxy),Parabolic dish solar cooker,0,https://data.mendeley.com/datasets/szp4hfdymy/1,
154,2017-08_Stagnation,561.86,29.49,109.9,107.41,Chamber air (proxy),Parabolic dish solar cooker,0,https://data.mendeley.com/datasets/szp4hfdymy/1,
155,2017-08_Stagnation,566.65,29.375,110.25,107.675,Chamber air (proxy),Parabolic dish solar cooker,0,https://data.mendeley.com/datasets/szp4hfdymy/1,
156,2017-08_Stagnation,571.44,29.26,110.6,107.94,Chamber air (proxy),Parabolic dish solar cooker,0,https://data.mendeley.com/datasets/szp4hfdymy/1,
157,2017-08_Stagnation,576.23,29.145,110.95,108.205,Chamber air (proxy),Parabolic dish solar cooker,0,https://data.mendeley.com/datasets/szp4hfdymy/1,
158,2017-08_Stagnation,581.02,29.03,111.3,108.47,Chamber air (proxy),Parabolic dish solar cooker,0,https://data.mendeley.com/datasets/szp4hfdymy/1,
159,2017-08_Stagnation,585.81,28.915,111.65,108.735,Chamber air (proxy),Parabolic dish solar cooker,0,https://data.mendeley.com/datasets/szp4hfdymy/1,
160,2017-08_Stagnation,590.6,28.8,112,109,Chamber air (proxy),Parabolic dish solar cooker,0,https://data.mendeley.com/datasets/szp4hfdymy/1,
161,2017-08_Stagnation,594.045,28.995,111.65,108.75,Chamber air (proxy),Parabolic dish solar cooker,0,https://data.mendeley.com/datasets/szp4hfdymy/1,
162,2017-08_Stagnation,597.49,29.19,111.3,108.5,Chamber air (proxy),Parabolic dish solar cooker,0,https://data.mendeley.com/datasets/szp4hfdymy/1,
163,2017-08_Stagnation,600.935,29.385,110.95,108.25,Chamber air (proxy),Parabolic dish solar cooker,0,https://data.mendeley.com/datasets/szp4hfdymy/1,
164,2017-08_Stagnation,604.38,29.58,110.6,108,Chamber air (proxy),Parabolic dish solar cooker,0,https://data.mendeley.com/datasets/szp4hfdymy/1,
165,2017-08_Stagnation,607.825,29.775,110.25,107.75,Chamber air (proxy),Parabolic dish solar cooker,0,https://data.mendeley.com/datasets/szp4hfdymy/1,
166,2017-08_Stagnation,611.27,29.97,109.9,107.5,Chamber air (proxy),Parabolic dish solar cooker,0,https://data.mendeley.com/datasets/szp4hfdymy/1,
167,2017-08_Stagnation,614.715,30.165,109.55,107.25,Chamber air (proxy),Parabolic dish solar cooker,0,https://data.mendeley.com/datasets/szp4hfdymy/1,
168,2017-08_Stagnation,618.16,30.36,109.2,107,Chamber air (proxy),Parabolic dish solar cooker,0,https://data.mendeley.com/datasets/szp4hfdymy/1,
169,2017-08_Stagnation,621.605,30.555,108.85,106.75,Chamber air (proxy),Parabolic dish solar cooker,0,https://data.mendeley.com/datasets/szp4hfdymy/1,
170,2017-08_Stagnation,625.05,30.75,108.5,106.5,Chamber air (proxy),Parabolic dish solar cooker,0,https://data.mendeley.com/datasets/szp4hfdymy/1,
171,2017-08_Stagnation,628.495,30.945,108.15,106.25,Chamber air (proxy),Parabolic dish solar cooker,0,https://data.mendeley.com/datasets/szp4hfdymy/1,
172,2017-08_Stagnation,631.94,31.14,107.8,106,Chamber air (proxy),Parabolic dish solar cooker,0,https://data.mendeley.com/datasets/szp4hfdymy/1,
173,2017-08_Stagnation,635.385,31.335,107.45,105.75,Chamber air (proxy),Parabolic dish solar cooker,0,https://data.mendeley.com/datasets/szp4hfdymy/1,
174,2017-08_Stagnation,638.83,31.53,107.1,105.5,Chamber air (proxy),Parabolic dish solar cooker,0,https://data.mendeley.com/datasets/szp4hfdymy/1,
175,2017-08_Stagnation,642.275,31.725,106.75,105.25,Chamber air (proxy),Parabolic dish solar cooker,0,https://data.mendeley.com/datasets/szp4hfdymy/1,
176,2017-08_Stagnation,645.72,31.92,106.4,105,Chamber air (proxy),Parabolic dish solar cooker,0,https://data.mendeley.com/datasets/szp4hfdymy/1,
177,2017-08_Stagnation,649.165,32.115,106.05,104.75,Chamber air (proxy),Parabolic dish solar cooker,0,https://data.mendeley.com/datasets/szp4hfdymy/1,
178,2017-08_Stagnation,652.61,32.31,105.7,104.5,Chamber air (proxy),Parabolic dish solar cooker,0,https://data.mendeley.com/datasets/szp4hfdymy/1,
179,2017-08_Stagnation,656.055,32.505,105.35,104.25,Chamber air (proxy),Parabolic dish solar cooker,0,https://data.mendeley.com/datasets/szp4hfdymy/1,
180,2017-08_Stagnation,659.5,32.7,105,104,Chamber air (proxy),Parabolic dish solar cooker,0,https://data.mendeley.com/datasets/szp4hfdymy/1,
181,2017-08_Stagnation,655.52,32.595,105.2,104.205,Chamber air (proxy),Parabolic dish solar cooker,0,https://data.mendeley.com/datasets/szp4hfdymy/1,
182,2017-08_Stagnation,651.54,32.49,105.4,104.41,Chamber air (proxy),Parabolic dish solar cooker,0,https://data.mendeley.com/datasets/szp4hfdymy/1,
183,2017-08_Stagnation,647.56,32.385,105.6,104.615,Chamber air (proxy),Parabolic dish solar cooker,0,https://data.mendeley.com/datasets/szp4hfdymy/1,
184,2017-08_Stagnation,643.58,32.28,105.8,104.82,Chamber air (proxy),Parabolic dish solar cooker,0,https://data.mendeley.com/datasets/szp4hfdymy/1,
185,2017-08_Stagnation,639.6,32.175,106,105.025,Chamber air (proxy),Parabolic dish solar cooker,0,https://data.mendeley.com/datasets/szp4hfdymy/1,
186,2017-08_Stagnation,635.62,32.07,106.2,105.23,Chamber air (proxy),Parabolic dish solar cooker,0,https://data.mendeley.com/datasets/szp4hfdymy/1,
187,2017-08_Stagnation,631.64,31.965,106.4,105.435,Chamber air (proxy),Parabolic dish solar cooker,0,https://data.mendeley.com/datasets/szp4hfdymy/1,
188,2017-08_Stagnation,627.66,31.86,106.6,105.64,Chamber air (proxy),Parabolic dish solar cooker,0,https://data.mendeley.com/datasets/szp4hfdymy/1,
189,2017-08_Stagnation,623.68,31.755,106.8,105.845,Chamber air (proxy),Parabolic dish solar cooker,0,https://data.mendeley.com/datasets/szp4hfdymy/1,
190,2017-08_Stagnation,619.7,31.65,107,106.05,Chamber air (proxy),Parabolic dish solar cooker,0,https://data.mendeley.com/datasets/szp4hfdymy/1,
191,2017-08_Stagnation,615.72,31.545,107.2,106.255,Chamber air (proxy),Parabolic dish solar cooker,0,https://data.mendeley.com/datasets/szp4hfdymy/1,
192,2017-08_Stagnation,611.74,31.44,107.4,106.46,Chamber air (proxy),Parabolic dish solar cooker,0,https://data.mendeley.com/datasets/szp4hfdymy/1,
193,2017-08_Stagnation,607.76,31.335,107.6,106.665,Chamber air (proxy),Parabolic dish solar cooker,0,https://data.mendeley.com/datasets/szp4hfdymy/1,
194,2017-08_Stagnation,603.78,31.23,107.8,106.87,Chamber air (proxy),Parabolic dish solar cooker,0,https://data.mendeley.com/datasets/szp4hfdymy/1,
195,2017-08_Stagnation,599.8,31.125,108,107.075,Chamber air (proxy),Parabolic dish solar cooker,0,https://data.mendeley.com/datasets/szp4hfdymy/1,
196,2017-08_Stagnation,595.82,31.02,108.2,107.28,Chamber air (proxy),Parabolic dish solar cooker,0,https://data.mendeley.com/datasets/szp4hfdymy/1,
197,2017-08_Stagnation,591.84,30.915,108.4,107.485,Chamber air (proxy),Parabolic dish solar cooker,0,https://data.mendeley.com/datasets/szp4hfdymy/1,
198,2017-08_Stagnation,587.86,30.81,108.6,107.69,Chamber air (proxy),Parabolic dish solar cooker,0,https://data.mendeley.com/datasets/szp4hfdymy/1,
199,2017-08_Stagnation,583.88,30.705,108.8,107.895,Chamber air (proxy),Parabolic dish solar cooker,0,https://data.mendeley.com/datasets/szp4hfdymy/1,
200,2017-08_Stagnation,579.9,30.6,109,108.1,Chamber air (proxy),Parabolic dish solar cooker,0,https://data.mendeley.com/datasets/szp4hfdymy/1,
201,2017-08_Stagnation,584.09,30.78,108.85,107.73,Chamber air (proxy),Parabolic dish solar cooker,0,https://data.mendeley.com/datasets/szp4hfdymy/1,
202,2017-08_Stagnation,588.28,30.96,108.7,107.36,Chamber air (proxy),Parabolic dish solar cooker,0,https://data.mendeley.com/datasets/szp4hfdymy/1,
203,2017-08_Stagnation,592.47,31.14,108.55,106.99,Chamber air (proxy),Parabolic dish solar cooker,0,https://data.mendeley.com/datasets/szp4hfdymy/1,
204,2017-08_Stagnation,596.66,31.32,108.4,106.62,Chamber air (proxy),Parabolic dish solar cooker,0,https://data.mendeley.com/datasets/szp4hfdymy/1,
205,2017-08_Stagnation,600.85,31.5,108.25,106.25,Chamber air (proxy),Parabolic dish solar cooker,0,https://data.mendeley.com/datasets/szp4hfdymy/1,
206,2017-08_Stagnation,605.04,31.68,108.1,105.88,Chamber air (proxy),Parabolic dish solar cooker,0,https://data.mendeley.com/datasets/szp4hfdymy/1,
207,2017-08_Stagnation,609.23,31.86,107.95,105.51,Chamber air (proxy),Parabolic dish solar cooker,0,https://data.mendeley.com/datasets/szp4hfdymy/1,
208,2017-08_Stagnation,613.42,32.04,107.8,105.14,Chamber air (proxy),Parabolic dish solar cooker,0,https://data.mendeley.com/datasets/szp4hfdymy/1,
209,2017-08_Stagnation,617.61,32.22,107.65,104.77,Chamber air (proxy),Parabolic dish solar cooker,0,https://data.mendeley.com/datasets/szp4hfdymy/1,
210,2017-08_Stagnation,621.8,32.4,107.5,104.4,Chamber air (proxy),Parabolic dish solar cooker,0,https://data.mendeley.com/datasets/szp4hfdymy/1,
211,2017-08_Stagnation,625.99,32.58,107.35,104.03,Chamber air (proxy),Parabolic dish solar cooker,0,https://data.mendeley.com/datasets/szp4hfdymy/1,
212,2017-08_Stagnation,630.18,32.76,107.2,103.66,Chamber air (proxy),Parabolic dish solar cooker,0,https://data.mendeley.com/datasets/szp4hfdymy/1,
213,2017-08_Stagnation,634.37,32.94,107.05,103.29,Chamber air (proxy),Parabolic dish solar cooker,0,https://data.mendeley.com/datasets/szp4hfdymy/1,
214,2017-08_Stagnation,638.56,33.12,106.9,102.92,Chamber air (proxy),Parabolic dish solar cooker,0,https://data.mendeley.com/datasets/szp4hfdymy/1,
215,2017-08_Stagnation,642.75,33.3,106.75,102.55,Chamber air (proxy),Parabolic dish solar cooker,0,https://data.mendeley.com/datasets/szp4hfdymy/1,
216,2017-08_Stagnation,646.94,33.48,106.6,102.18,Chamber air (proxy),Parabolic dish solar cooker,0,https://data.mendeley.com/datasets/szp4hfdymy/1,
217,2017-08_Stagnation,651.13,33.66,106.45,101.81,Chamber air (proxy),Parabolic dish solar cooker,0,https://data.mendeley.com/datasets/szp4hfdymy/1,
218,2017-08_Stagnation,655.32,33.84,106.3,101.44,Chamber air (proxy),Parabolic dish solar cooker,0,https://data.mendeley.com/datasets/szp4hfdymy/1,
219,2017-08_Stagnation,659.51,34.02,106.15,101.07,Chamber air (proxy),Parabolic dish solar cooker,0,https://data.mendeley.com/datasets/szp4hfdymy/1,
220,2017-08_Stagnation,663.7,34.2,106,100.7,Chamber air (proxy),Parabolic dish solar cooker,0,https://data.mendeley.com/datasets/szp4hfdymy/1,
221,2017-08_Stagnation,666.62,34.085,106.1,100.81,Chamber air (proxy),Parabolic dish solar cooker,0,https://data.mendeley.com/datasets/szp4hfdymy/1,
222,2017-08_Stagnation,669.54,33.97,106.2,100.92,Chamber air (proxy),Parabolic dish solar cooker,0,https://data.mendeley.com/datasets/szp4hfdymy/1,
223,2017-08_Stagnation,672.46,33.855,106.3,101.03,Chamber air (proxy),Parabolic dish solar cooker,0,https://data.mendeley.com/datasets/szp4hfdymy/1,
224,2017-08_Stagnation,675.38,33.74,106.4,101.14,Chamber air (proxy),Parabolic dish solar cooker,0,https://data.mendeley.com/datasets/szp4hfdymy/1,
225,2017-08_Stagnation,678.3,33.625,106.5,101.25,Chamber air (proxy),Parabolic dish solar cooker,0,https://data.mendeley.com/datasets/szp4hfdymy/1,
226,2017-08_Stagnation,681.22,33.51,106.6,101.36,Chamber air (proxy),Parabolic dish solar cooker,0,https://data.mendeley.com/datasets/szp4hfdymy/1,
227,2017-08_Stagnation,684.14,33.395,106.7,101.47,Chamber air (proxy),Parabolic dish solar cooker,0,https://data.mendeley.com/datasets/szp4hfdymy/1,
228,2017-08_Stagnation,687.06,33.28,106.8,101.58,Chamber air (proxy),Parabolic dish solar cooker,0,https://data.mendeley.com/datasets/szp4hfdymy/1,
229,2017-08_Stagnation,689.98,33.165,106.9,101.69,Chamber air (proxy),Parabolic dish solar cooker,0,https://data.mendeley.com/datasets/szp4hfdymy/1,
230,2017-08_Stagnation,692.9,33.05,107,101.8,Chamber air (proxy),Parabolic dish solar cooker,0,https://data.mendeley.com/datasets/szp4hfdymy/1,
231,2017-08_Stagnation,695.82,32.935,107.1,101.91,Chamber air (proxy),Parabolic dish solar cooker,0,https://data.mendeley.com/datasets/szp4hfdymy/1,
232,2017-08_Stagnation,698.74,32.82,107.2,102.02,Chamber air (proxy),Parabolic dish solar cooker,0,https://data.mendeley.com/datasets/szp4hfdymy/1,
233,2017-08_Stagnation,701.66,32.705,107.3,102.13,Chamber air (proxy),Parabolic dish solar cooker,0,https://data.mendeley.com/datasets/szp4hfdymy/1,
234,2017-08_Stagnation,704.58,32.59,107.4,102.24,Chamber air (proxy),Parabolic dish solar cooker,0,https://data.mendeley.com/datasets/szp4hfdymy/1,
235,2017-08_Stagnation,707.5,32.475,107.5,102.35,Chamber air (proxy),Parabolic dish solar cooker,0,https://data.mendeley.com/datasets/szp4hfdymy/1,
236,2017-08_Stagnation,710.42,32.36,107.6,102.46,Chamber air (proxy),Parabolic dish solar cooker,0,https://data.mendeley.com/datasets/szp4hfdymy/1,
237,2017-08_Stagnation,713.34,32.245,107.7,102.57,Chamber air (proxy),Parabolic dish solar cooker,0,https://data.mendeley.com/datasets/szp4hfdymy/1,
238,2017-08_Stagnation,716.26,32.13,107.8,102.68,Chamber air (proxy),Parabolic dish solar cooker,0,https://data.mendeley.com/datasets/szp4hfdymy/1,
239,2017-08_Stagnation,719.18,32.015,107.9,102.79,Chamber air (proxy),Parabolic dish solar cooker,0,https://data.mendeley.com/datasets/szp4hfdymy/1,
240,2017-08_Stagnation,722.1,31.9,108,102.9,Chamber air (proxy),Parabolic dish solar cooker,0,https://data.mendeley.com/datasets/szp4hfdymy/1,
241,2017-08_Stagnation,715.255,32.02,107.9,102.915,Chamber air (proxy),Parabolic dish solar cooker,0,https://data.mendeley.com/datasets/szp4hfdymy/1,
242,2017-08_Stagnation,708.41,32.14,107.8,102.93,Chamber air (proxy),Parabolic dish solar cooker,0,https://data.mendeley.com/datasets/szp4hfdymy/1,
243,2017-08_Stagnation,701.565,32.26,107.7,102.945,Chamber air (proxy),Parabolic dish solar cooker,0,https://data.mendeley.com/datasets/szp4hfdymy/1,
244,2017-08_Stagnation,694.72,32.38,107.6,102.96,Chamber air (proxy),Parabolic dish solar cooker,0,https://data.mendeley.com/datasets/szp4hfdymy/1,
245,2017-08_Stagnation,687.875,32.5,107.5,102.975,Chamber air (proxy),Parabolic dish solar cooker,0,https://data.mendeley.com/datasets/szp4hfdymy/1,
246,2017-08_Stagnation,681.03,32.62,107.4,102.99,Chamber air (proxy),Parabolic dish solar cooker,0,https://data.mendeley.com/datasets/szp4hfdymy/1,
247,2017-08_Stagnation,674.185,32.74,107.3,103.005,Chamber air (proxy),Parabolic dish solar cooker,0,https://data.mendeley.com/datasets/szp4hfdymy/1,
248,2017-08_Stagnation,667.34,32.86,107.2,103.02,Chamber air (proxy),Parabolic dish solar cooker,0,https://data.mendeley.com/datasets/szp4hfdymy/1,
249,2017-08_Stagnation,660.495,32.98,107.1,103.035,Chamber air (proxy),Parabolic dish solar cooker,0,https://data.mendeley.com/datasets/szp4hfdymy/1,
250,2017-08_Stagnation,653.65,33.1,107,103.05,Chamber air (proxy),Parabolic dish solar cooker,0,https://data.mendeley.com/datasets/szp4hfdymy/1,
251,2017-08_Stagnation,646.805,33.22,106.9,103.065,Chamber air (proxy),Parabolic dish solar cooker,0,https://data.mendeley.com/datasets/szp4hfdymy/1,
252,2017-08_Stagnation,639.96,33.34,106.8,103.08,Chamber air (proxy),Parabolic dish solar cooker,0,https://data.mendeley.com/datasets/szp4hfdymy/1,
253,2017-08_Stagnation,633.115,33.46,106.7,103.095,Chamber air (proxy),Parabolic dish solar cooker,0,https://data.mendeley.com/datasets/szp4hfdymy/1,
254,2017-08_Stagnation,626.27,33.58,106.6,103.11,Chamber air (proxy),Parabolic dish solar cooker,0,https://data.mendeley.com/datasets/szp4hfdymy/1,
255,2017-08_Stagnation,619.425,33.7,106.5,103.125,Chamber air (proxy),Parabolic dish solar cooker,0,https://data.mendeley.com/datasets/szp4hfdymy/1,
256,2017-08_Stagnation,612.58,33.82,106.4,103.14,Chamber air (proxy),Parabolic dish solar cooker,0,https://data.mendeley.com/datasets/szp4hfdymy/1,
257,2017-08_Stagnation,605.735,33.94,106.3,103.155,Chamber air (proxy),Parabolic dish solar cooker,0,https://data.mendeley.com/datasets/szp4hfdymy/1,
258,2017-08_Stagnation,598.89,34.06,106.2,103.17,Chamber air (proxy),Parabolic dish solar cooker,0,https://data.mendeley.com/datasets/szp4hfdymy/1,
259,2017-08_Stagnation,592.045,34.18,106.1,103.185,Chamber air (proxy),Parabolic dish solar cooker,0,https://data.mendeley.com/datasets/szp4hfdymy/1,
260,2017-08_Stagnation,585.2,34.3,106,103.2,Chamber air (proxy),Parabolic dish solar cooker,0,https://data.mendeley.com/datasets/szp4hfdymy/1,
261,2017-08_Stagnation,590.155,34.16,106.2,103.375,Chamber air (proxy),Parabolic dish solar cooker,0,https://data.mendeley.com/datasets/szp4hfdymy/1,
262,2017-08_Stagnation,595.11,34.02,106.4,103.55,Chamber air (proxy),Parabolic dish solar cooker,0,https://data.mendeley.com/datasets/szp4hfdymy/1,
263,2017-08_Stagnation,600.065,33.88,106.6,103.725,Chamber air (proxy),Parabolic dish solar cooker,0,https://data.mendeley.com/datasets/szp4hfdymy/1,
264,2017-08_Stagnation,605.02,33.74,106.8,103.9,Chamber air (proxy),Parabolic dish solar cooker,0,https://data.mendeley.com/datasets/szp4hfdymy/1,
265,2017-08_Stagnation,609.975,33.6,107,104.075,Chamber air (proxy),Parabolic dish solar cooker,0,https://data.mendeley.com/datasets/szp4hfdymy/1,
266,2017-08_Stagnation,614.93,33.46,107.2,104.25,Chamber air (proxy),Parabolic dish solar cooker,0,https://data.mendeley.com/datasets/szp4hfdymy/1,
267,2017-08_Stagnation,619.885,33.32,107.4,104.425,Chamber air (proxy),Parabolic dish solar cooker,0,https://data.mendeley.com/datasets/szp4hfdymy/1,
268,2017-08_Stagnation,624.84,33.18,107.6,104.6,Chamber air (proxy),Parabolic dish solar cooker,0,https://data.mendeley.com/datasets/szp4hfdymy/1,
269,2017-08_Stagnation,629.795,33.04,107.8,104.775,Chamber air (proxy),Parabolic dish solar cooker,0,https://data.mendeley.com/datasets/szp4hfdymy/1,
270,2017-08_Stagnation,634.75,32.9,108,104.95,Chamber air (proxy),Parabolic dish solar cooker,0,https://data.mendeley.com/datasets/szp4hfdymy/1,
271,2017-08_Stagnation,639.705,32.76,108.2,105.125,Chamber air (proxy),Parabolic dish solar cooker,0,https://data.mendeley.com/datasets/szp4hfdymy/1,
272,2017-08_Stagnation,644.66,32.62,108.4,105.3,Chamber air (proxy),Parabolic dish solar cooker,0,https://data.mendeley.com/datasets/szp4hfdymy/1,
273,2017-08_Stagnation,649.615,32.48,108.6,105.475,Chamber air (proxy),Parabolic dish solar cooker,0,https://data.mendeley.com/datasets/szp4hfdymy/1,
274,2017-08_Stagnation,654.57,32.34,108.8,105.65,Chamber air (proxy),Parabolic dish solar cooker,0,https://data.mendeley.com/datasets/szp4hfdymy/1,
275,2017-08_Stagnation,659.525,32.2,109,105.825,Chamber air (proxy),Parabolic dish solar cooker,0,https://data.mendeley.com/datasets/szp4hfdymy/1,
276,2017-08_Stagnation,664.48,32.06,109.2,106,Chamber air (proxy),Parabolic dish solar cooker,0,https://data.mendeley.com/datasets/szp4hfdymy/1,
277,2017-08_Stagnation,669.435,31.92,109.4,106.175,Chamber air (proxy),Parabolic dish solar cooker,0,https://data.mendeley.com/datasets/szp4hfdymy/1,
278,2017-08_Stagnation,674.39,31.78,109.6,106.35,Chamber air (proxy),Parabolic dish solar cooker,0,https://data.mendeley.com/datasets/szp4hfdymy/1,
279,2017-08_Stagnation,679.345,31.64,109.8,106.525,Chamber air (proxy),Parabolic dish solar cooker,0,https://data.mendeley.com/datasets/szp4hfdymy/1,
280,2017-08_Stagnation,684.3,31.5,110,106.7,Chamber air (proxy),Parabolic dish solar cooker,0,https://data.mendeley.com/datasets/szp4hfdymy/1,
281,2017-08_Stagnation,684.6055,31.505,109.9,106.62,Chamber air (proxy),Parabolic dish solar cooker,0,https://data.mendeley.com/datasets/szp4hfdymy/1,
282,2017-08_Stagnation,684.911,31.51,109.8,106.54,Chamber air (proxy),Parabolic dish solar cooker,0,https://data.mendeley.com/datasets/szp4hfdymy/1,
283,2017-08_Stagnation,685.2165,31.515,109.7,106.46,Chamber air (proxy),Parabolic dish solar cooker,0,https://data.mendeley.com/datasets/szp4hfdymy/1,
284,2017-08_Stagnation,685.522,31.52,109.6,106.38,Chamber air (proxy),Parabolic dish solar cooker,0,https://data.mendeley.com/datasets/szp4hfdymy/1,
285,2017-08_Stagnation,685.8275,31.525,109.5,106.3,Chamber air (proxy),Parabolic dish solar cooker,0,https://data.mendeley.com/datasets/szp4hfdymy/1,
286,2017-08_Stagnation,686.133,31.53,109.4,106.22,Chamber air (proxy),Parabolic dish solar cooker,0,https://data.mendeley.com/datasets/szp4hfdymy/1,
287,2017-08_Stagnation,686.4385,31.535,109.3,106.14,Chamber air (proxy),Parabolic dish solar cooker,0,https://data.mendeley.com/datasets/szp4hfdymy/1,
288,2017-08_Stagnation,686.744,31.54,109.2,106.06,Chamber air (proxy),Parabolic dish solar cooker,0,https://data.mendeley.com/datasets/szp4hfdymy/1,
289,2017-08_Stagnation,687.0495,31.545,109.1,105.98,Chamber air (proxy),Parabolic dish solar cooker,0,https://data.mendeley.com/datasets/szp4hfdymy/1,
290,2017-08_Stagnation,687.355,31.55,109,105.9,Chamber air (proxy),Parabolic dish solar cooker,0,https://data.mendeley.com/datasets/szp4hfdymy/1,
291,2017-08_Stagnation,687.6605,31.555,108.9,105.82,Chamber air (proxy),Parabolic dish solar cooker,0,https://data.mendeley.com/datasets/szp4hfdymy/1,
292,2017-08_Stagnation,687.966,31.56,108.8,105.74,Chamber air (proxy),Parabolic dish solar cooker,0,https://data.mendeley.com/datasets/szp4hfdymy/1,
293,2017-08_Stagnation,688.2715,31.565,108.7,105.66,Chamber air (proxy),Parabolic dish solar cooker,0,https://data.mendeley.com/datasets/szp4hfdymy/1,
294,2017-08_Stagnation,688.577,31.57,108.6,105.58,Chamber air (proxy),Parabolic dish solar cooker,0,https://data.mendeley.com/datasets/szp4hfdymy/1,
295,2017-08_Stagnation,688.8825,31.575,108.5,105.5,Chamber air (proxy),Parabolic dish solar cooker,0,https://data.mendeley.com/datasets/szp4hfdymy/1,
296,2017-08_Stagnation,689.188,31.58,108.4,105.42,Chamber air (proxy),Parabolic dish solar cooker,0,https://data.mendeley.com/datasets/szp4hfdymy/1,
297,2017-08_Stagnation,689.4935,31.585,108.3,105.34,Chamber air (proxy),Parabolic dish solar cooker,0,https://data.mendeley.com/datasets/szp4hfdymy/1,
298,2017-08_Stagnation,689.799,31.59,108.2,105.26,Chamber air (proxy),Parabolic dish solar cooker,0,https://data.mendeley.com/datasets/szp4hfdymy/1,
299,2017-08_Stagnation,690.1045,31.595,108.1,105.18,Chamber air (proxy),Parabolic dish solar cooker,0,https://data.mendeley.com/datasets/szp4hfdymy/1,
300,2017-08_Stagnation,690.41,31.6,108,105.1,Chamber air (proxy),Parabolic dish solar cooker,0,https://data.mendeley.com/datasets/szp4hfdymy/1,
301,2017-08_Stagnation,683.9195,31.65,107.65,104.7495,Chamber air (proxy),Parabolic dish solar cooker,0,https://data.mendeley.com/datasets/szp4hfdymy/1,
302,2017-08_Stagnation,677.429,31.7,107.3,104.399,Chamber air (proxy),Parabolic dish solar cooker,0,https://data.mendeley.com/datasets/szp4hfdymy/1,
303,2017-08_Stagnation,670.9385,31.75,106.95,104.0485,Chamber air (proxy),Parabolic dish solar cooker,0,https://data.mendeley.com/datasets/szp4hfdymy/1,
304,2017-08_Stagnation,664.448,31.8,106.6,103.698,Chamber air (proxy),Parabolic dish solar cooker,0,https://data.mendeley.com/datasets/szp4hfdymy/1,
305,2017-08_Stagnation,657.9575,31.85,106.25,103.3475,Chamber air (proxy),Parabolic dish solar cooker,0,https://data.mendeley.com/datasets/szp4hfdymy/1,
306,2017-08_Stagnation,651.467,31.9,105.9,102.997,Chamber air (proxy),Parabolic dish solar cooker,0,https://data.mendeley.com/datasets/szp4hfdymy/1,
307,2017-08_Stagnation,644.9765,31.95,105.55,102.6465,Chamber air (proxy),Parabolic dish solar cooker,0,https://data.mendeley.com/datasets/szp4hfdymy/1,
308,2017-08_Stagnation,638.486,32,105.2,102.296,Chamber air (proxy),Parabolic dish solar cooker,0,https://data.mendeley.com/datasets/szp4hfdymy/1,
309,2017-08_Stagnation,631.9955,32.05,104.85,101.9455,Chamber air (proxy),Parabolic dish solar cooker,0,https://data.mendeley.com/datasets/szp4hfdymy/1,
310,2017-08_Stagnation,625.505,32.1,104.5,101.595,Chamber air (proxy),Parabolic dish solar cooker,0,https://data.mendeley.com/datasets/szp4hfdymy/1,
311,2017-08_Stagnation,619.0145,32.15,104.15,101.2445,Chamber air (proxy),Parabolic dish solar cooker,0,https://data.mendeley.com/datasets/szp4hfdymy/1,
312,2017-08_Stagnation,612.524,32.2,103.8,100.894,Chamber air (proxy),Parabolic dish solar cooker,0,https://data.mendeley.com/datasets/szp4hfdymy/1,
313,2017-08_Stagnation,606.0335,32.25,103.45,100.5435,Chamber air (proxy),Parabolic dish solar cooker,0,https://data.mendeley.com/datasets/szp4hfdymy/1,
314,2017-08_Stagnation,599.543,32.3,103.1,100.193,Chamber air (proxy),Parabolic dish solar cooker,0,https://data.mendeley.com/datasets/szp4hfdymy/1,
315,2017-08_Stagnation,593.0525,32.35,102.75,99.8425,Chamber air (proxy),Parabolic dish solar cooker,0,https://data.mendeley.com/datasets/szp4hfdymy/1,
316,2017-08_Stagnation,586.562,32.4,102.4,99.492,Chamber air (proxy),Parabolic dish solar cooker,0,https://data.mendeley.com/datasets/szp4hfdymy/1,
317,2017-08_Stagnation,580.0715,32.45,102.05,99.1415,Chamber air (proxy),Parabolic dish solar cooker,0,https://data.mendeley.com/datasets/szp4hfdymy/1,
318,2017-08_Stagnation,573.581,32.5,101.7,98.791,Chamber air (proxy),Parabolic dish solar cooker,0,https://data.mendeley.com/datasets/szp4hfdymy/1,
319,2017-08_Stagnation,567.0905,32.55,101.35,98.4405,Chamber air (proxy),Parabolic dish solar cooker,0,https://data.mendeley.com/datasets/szp4hfdymy/1,
320,2017-08_Stagnation,560.6,32.6,101,98.09,Chamber air (proxy),Parabolic dish solar cooker,0,https://data.mendeley.com/datasets/szp4hfdymy/1,
321,2017-08_Stagnation,566.5,32.35,101.1,98.2305,Chamber air (proxy),Parabolic dish solar cooker,0,https://data.mendeley.com/datasets/szp4hfdymy/1,
322,2017-08_Stagnation,572.4,32.1,101.2,98.371,Chamber air (proxy),Parabolic dish solar cooker,0,https://data.mendeley.com/datasets/szp4hfdymy/1,
323,2017-08_Stagnation,578.3,31.85,101.3,98.5115,Chamber air (proxy),Parabolic dish solar cooker,0,https://data.mendeley.com/datasets/szp4hfdymy/1,
324,2017-08_Stagnation,584.2,31.6,101.4,98.652,Chamber air (proxy),Parabolic dish solar cooker,0,https://data.mendeley.com/datasets/szp4hfdymy/1,
325,2017-08_Stagnation,590.1,31.35,101.5,98.7925,Chamber air (proxy),Parabolic dish solar cooker,0,https://data.mendeley.com/datasets/szp4hfdymy/1,
326,2017-08_Stagnation,596,31.1,101.6,98.933,Chamber air (proxy),Parabolic dish solar cooker,0,https://data.mendeley.com/datasets/szp4hfdymy/1,
327,2017-08_Stagnation,601.9,30.85,101.7,99.0735,Chamber air (proxy),Parabolic dish solar cooker,0,https://data.mendeley.com/datasets/szp4hfdymy/1,
328,2017-08_Stagnation,607.8,30.6,101.8,99.214,Chamber air (proxy),Parabolic dish solar cooker,0,https://data.mendeley.com/datasets/szp4hfdymy/1,
329,2017-08_Stagnation,613.7,30.35,101.9,99.3545,Chamber air (proxy),Parabolic dish solar cooker,0,https://data.mendeley.com/datasets/szp4hfdymy/1,
330,2017-08_Stagnation,619.6,30.1,102,99.495,Chamber air (proxy),Parabolic dish solar cooker,0,https://data.mendeley.com/datasets/szp4hfdymy/1,
331,2017-08_Stagnation,625.5,29.85,102.1,99.6355,Chamber air (proxy),Parabolic dish solar cooker,0,https://data.mendeley.com/datasets/szp4hfdymy/1,
332,2017-08_Stagnation,631.4,29.6,102.2,99.776,Chamber air (proxy),Parabolic dish solar cooker,0,https://data.mendeley.com/datasets/szp4hfdymy/1,
333,2017-08_Stagnation,637.3,29.35,102.3,99.9165,Chamber air (proxy),Parabolic dish solar cooker,0,https://data.mendeley.com/datasets/szp4hfdymy/1,
334,2017-08_Stagnation,643.2,29.1,102.4,100.057,Chamber air (proxy),Parabolic dish solar cooker,0,https://data.mendeley.com/datasets/szp4hfdymy/1,
335,2017-08_Stagnation,649.1,28.85,102.5,100.1975,Chamber air (proxy),Parabolic dish solar cooker,0,https://data.mendeley.com/datasets/szp4hfdymy/1,
336,2017-08_Stagnation,655,28.6,102.6,100.338,Chamber air (proxy),Parabolic dish solar cooker,0,https://data.mendeley.com/datasets/szp4hfdymy/1,
337,2017-08_Stagnation,660.9,28.35,102.7,100.4785,Chamber air (proxy),Parabolic dish solar cooker,0,https://data.mendeley.com/datasets/szp4hfdymy/1,
338,2017-08_Stagnation,666.8,28.1,102.8,100.619,Chamber air (proxy),Parabolic dish solar cooker,0,https://data.mendeley.com/datasets/szp4hfdymy/1,
339,2017-08_Stagnation,672.7,27.85,102.9,100.7595,Chamber air (proxy),Parabolic dish solar cooker,0,https://data.mendeley.com/datasets/szp4hfdymy/1,
340,2017-08_Stagnation,678.6,27.6,103,100.9,Chamber air (proxy),Parabolic dish solar cooker,0,https://data.mendeley.com/datasets/szp4hfdymy/1,
341,2017-08_Stagnation,675.4645,27.65,102.44,100.215,Chamber air (proxy),Parabolic dish solar cooker,0,https://data.mendeley.com/datasets/szp4hfdymy/1,
342,2017-08_Stagnation,672.329,27.7,101.88,99.53,Chamber air (proxy),Parabolic dish solar cooker,0,https://data.mendeley.com/datasets/szp4hfdymy/1,
343,2017-08_Stagnation,669.1935,27.75,101.32,98.845,Chamber air (proxy),Parabolic dish solar cooker,0,https://data.mendeley.com/datasets/szp4hfdymy/1,
344,2017-08_Stagnation,666.058,27.8,100.76,98.16,Chamber air (proxy),Parabolic dish solar cooker,0,https://data.mendeley.com/datasets/szp4hfdymy/1,
345,2017-08_Stagnation,662.9225,27.85,100.2,97.475,Chamber air (proxy),Parabolic dish solar cooker,0,https://data.mendeley.com/datasets/szp4hfdymy/1,
346,2017-08_Stagnation,659.787,27.9,99.64,96.79,Chamber air (proxy),Parabolic dish solar cooker,0,https://data.mendeley.com/datasets/szp4hfdymy/1,
347,2017-08_Stagnation,656.6515,27.95,99.08,96.105,Chamber air (proxy),Parabolic dish solar cooker,0,https://data.mendeley.com/datasets/szp4hfdymy/1,
348,2017-08_Stagnation,653.516,28,98.52,95.42,Chamber air (proxy),Parabolic dish solar cooker,0,https://data.mendeley.com/datasets/szp4hfdymy/1,
349,2017-08_Stagnation,650.3805,28.05,97.96,94.735,Chamber air (proxy),Parabolic dish solar cooker,0,https://data.mendeley.com/datasets/szp4hfdymy/1,
350,2017-08_Stagnation,647.245,28.1,97.4,94.05,Chamber air (proxy),Parabolic dish solar cooker,0,https://data.mendeley.com/datasets/szp4hfdymy/1,
351,2017-08_Stagnation,644.1095,28.15,96.84,93.365,Chamber air (proxy),Parabolic dish solar cooker,0,https://data.mendeley.com/datasets/szp4hfdymy/1,
352,2017-08_Stagnation,640.974,28.2,96.28,92.68,Chamber air (proxy),Parabolic dish solar cooker,0,https://data.mendeley.com/datasets/szp4hfdymy/1,
353,2017-08_Stagnation,637.8385,28.25,95.72,91.995,Chamber air (proxy),Parabolic dish solar cooker,0,https://data.mendeley.com/datasets/szp4hfdymy/1,
354,2017-08_Stagnation,634.703,28.3,95.16,91.31,Chamber air (proxy),Parabolic dish solar cooker,0,https://data.mendeley.com/datasets/szp4hfdymy/1,
355,2017-08_Stagnation,631.5675,28.35,94.6,90.625,Chamber air (proxy),Parabolic dish solar cooker,0,https://data.mendeley.com/datasets/szp4hfdymy/1,
356,2017-08_Stagnation,628.432,28.4,94.04,89.94,Chamber air (proxy),Parabolic dish solar cooker,0,https://data.mendeley.com/datasets/szp4hfdymy/1,
357,2017-08_Stagnation,625.2965,28.45,93.48,89.255,Chamber air (proxy),Parabolic dish solar cooker,0,https://data.mendeley.com/datasets/szp4hfdymy/1,
358,2017-08_Stagnation,622.161,28.5,92.92,88.57,Chamber air (proxy),Parabolic dish solar cooker,0,https://data.mendeley.com/datasets/szp4hfdymy/1,
359,2017-08_Stagnation,619.0255,28.55,92.36,87.885,Chamber air (proxy),Parabolic dish solar cooker,0,https://data.mendeley.com/datasets/szp4hfdymy/1,
360,2017-08_Stagnation,615.89,28.6,91.8,87.2,Chamber air (proxy),Parabolic dish solar cooker,0,https://data.mendeley.com/datasets/szp4hfdymy/1,
361,2017-08_Stagnation,610.2605,28.465,91.505,87.275,Chamber air (proxy),Parabolic dish solar cooker,0,https://data.mendeley.com/datasets/szp4hfdymy/1,
362,2017-08_Stagnation,604.631,28.33,91.21,87.35,Chamber air (proxy),Parabolic dish solar cooker,0,https://data.mendeley.com/datasets/szp4hfdymy/1,
363,2017-08_Stagnation,599.0015,28.195,90.915,87.425,Chamber air (proxy),Parabolic dish solar cooker,0,https://data.mendeley.com/datasets/szp4hfdymy/1,
364,2017-08_Stagnation,593.372,28.06,90.62,87.5,Chamber air (proxy),Parabolic dish solar cooker,0,https://data.mendeley.com/datasets/szp4hfdymy/1,
365,2017-08_Stagnation,587.7425,27.925,90.325,87.575,Chamber air (proxy),Parabolic dish solar cooker,0,https://data.mendeley.com/datasets/szp4hfdymy/1,
366,2017-08_Stagnation,582.113,27.79,90.03,87.65,Chamber air (proxy),Parabolic dish solar cooker,0,https://data.mendeley.com/datasets/szp4hfdymy/1,
367,2017-08_Stagnation,576.4835,27.655,89.735,87.725,Chamber air (proxy),Parabolic dish solar cooker,0,https://data.mendeley.com/datasets/szp4hfdymy/1,
368,2017-08_Stagnation,570.854,27.52,89.44,87.8,Chamber air (proxy),Parabolic dish solar cooker,0,https://data.mendeley.com/datasets/szp4hfdymy/1,
369,2017-08_Stagnation,565.2245,27.385,89.145,87.875,Chamber air (proxy),Parabolic dish solar cooker,0,https://data.mendeley.com/datasets/szp4hfdymy/1,
370,2017-08_Stagnation,559.595,27.25,88.85,87.95,Chamber air (proxy),Parabolic dish solar cooker,0,https://data.mendeley.com/datasets/szp4hfdymy/1,
371,2017-08_Stagnation,553.9655,27.115,88.555,88.025,Chamber air (proxy),Parabolic dish solar cooker,0,https://data.mendeley.com/datasets/szp4hfdymy/1,
372,2017-08_Stagnation,548.336,26.98,88.26,88.1,Chamber air (proxy),Parabolic dish solar cooker,0,https://data.mendeley.com/datasets/szp4hfdymy/1,
373,2017-08_Stagnation,542.7065,26.845,87.965,88.175,Chamber air (proxy),Parabolic dish solar cooker,0,https://data.mendeley.com/datasets/szp4hfdymy/1,
374,2017-08_Stagnation,537.077,26.71,87.67,88.25,Chamber air (proxy),Parabolic dish solar cooker,0,https://data.mendeley.com/datasets/szp4hfdymy/1,
375,2017-08_Stagnation,531.4475,26.575,87.375,88.325,Chamber air (proxy),Parabolic dish solar cooker,0,https://data.mendeley.com/datasets/szp4hfdymy/1,
376,2017-08_Stagnation,525.818,26.44,87.08,88.4,Chamber air (proxy),Parabolic dish solar cooker,0,https://data.mendeley.com/datasets/szp4hfdymy/1,
377,2017-08_Stagnation,520.1885,26.305,86.785,88.475,Chamber air (proxy),Parabolic dish solar cooker,0,https://data.mendeley.com/datasets/szp4hfdymy/1,
378,2017-08_Stagnation,514.559,26.17,86.49,88.55,Chamber air (proxy),Parabolic dish solar cooker,0,https://data.mendeley.com/datasets/szp4hfdymy/1,
379,2017-08_Stagnation,508.9295,26.035,86.195,88.625,Chamber air (proxy),Parabolic dish solar cooker,0,https://data.mendeley.com/datasets/szp4hfdymy/1,
380,2017-08_Stagnation,503.3,25.9,85.9,88.7,Chamber air (proxy),Parabolic dish solar cooker,0,https://data.mendeley.com/datasets/szp4hfdymy/1,
381,2017-08_Stagnation,500.62,25.85,85.24,88.35,Chamber air (proxy),Parabolic dish solar cooker,0,https://data.mendeley.com/datasets/szp4hfdymy/1,
382,2017-08_Stagnation,497.94,25.8,84.58,88,Chamber air (proxy),Parabolic dish solar cooker,0,https://data.mendeley.com/datasets/szp4hfdymy/1,
383,2017-08_Stagnation,495.26,25.75,83.92,87.65,Chamber air (proxy),Parabolic dish solar cooker,0,https://data.mendeley.com/datasets/szp4hfdymy/1,
384,2017-08_Stagnation,492.58,25.7,83.26,87.3,Chamber air (proxy),Parabolic dish solar cooker,0,https://data.mendeley.com/datasets/szp4hfdymy/1,
385,2017-08_Stagnation,489.9,25.65,82.6,86.95,Chamber air (proxy),Parabolic dish solar cooker,0,https://data.mendeley.com/datasets/szp4hfdymy/1,
386,2017-08_Stagnation,487.22,25.6,81.94,86.6,Chamber air (proxy),Parabolic dish solar cooker,0,https://data.mendeley.com/datasets/szp4hfdymy/1,
387,2017-08_Stagnation,484.54,25.55,81.28,86.25,Chamber air (proxy),Parabolic dish solar cooker,0,https://data.mendeley.com/datasets/szp4hfdymy/1,
388,2017-08_Stagnation,481.86,25.5,80.62,85.9,Chamber air (proxy),Parabolic dish solar cooker,0,https://data.mendeley.com/datasets/szp4hfdymy/1,
389,2017-08_Stagnation,479.18,25.45,79.96,85.55,Chamber air (proxy),Parabolic dish solar cooker,0,https://data.mendeley.com/datasets/szp4hfdymy/1,
390,2017-08_Stagnation,476.5,25.4,79.3,85.2,Chamber air (proxy),Parabolic dish solar cooker,0,https://data.mendeley.com/datasets/szp4hfdymy/1,
391,2017-08_Stagnation,473.82,25.35,78.64,84.85,Chamber air (proxy),Parabolic dish solar cooker,0,https://data.mendeley.com/datasets/szp4hfdymy/1,
392,2017-08_Stagnation,471.14,25.3,77.98,84.5,Chamber air (proxy),Parabolic dish solar cooker,0,https://data.mendeley.com/datasets/szp4hfdymy/1,
393,2017-08_Stagnation,468.46,25.25,77.32,84.15,Chamber air (proxy),Parabolic dish solar cooker,0,https://data.mendeley.com/datasets/szp4hfdymy/1,
394,2017-08_Stagnation,465.78,25.2,76.66,83.8,Chamber air (proxy),Parabolic dish solar cooker,0,https://data.mendeley.com/datasets/szp4hfdymy/1,
395,2017-08_Stagnation,463.1,25.15,76,83.45,Chamber air (proxy),Parabolic dish solar cooker,0,https://data.mendeley.com/datasets/szp4hfdymy/1,
396,2017-08_Stagnation,460.42,25.1,75.34,83.1,Chamber air (proxy),Parabolic dish solar cooker,0,https://data.mendeley.com/datasets/szp4hfdymy/1,
397,2017-08_Stagnation,457.74,25.05,74.68,82.75,Chamber air (proxy),Parabolic dish solar cooker,0,https://data.mendeley.com/datasets/szp4hfdymy/1,
398,2017-08_Stagnation,455.06,25,74.02,82.4,Chamber air (proxy),Parabolic dish solar cooker,0,https://data.mendeley.com/datasets/szp4hfdymy/1,
399,2017-08_Stagnation,452.38,24.95,73.36,82.05,Chamber air (proxy),Parabolic dish solar cooker,0,https://data.mendeley.com/datasets/szp4hfdymy/1,
400,2017-08_Stagnation,449.7,24.9,72.7,81.7,Chamber air (proxy),Parabolic dish solar cooker,0,https://data.mendeley.com/datasets/szp4hfdymy/1,
401,2017-08_Stagnation,445.89,24.87,72.405,81.5035,Chamber air (proxy),Parabolic dish solar cooker,0,https://data.mendeley.com/datasets/szp4hfdymy/1,
402,2017-08_Stagnation,442.08,24.84,72.11,81.307,Chamber air (proxy),Parabolic dish solar cooker,0,https://data.mendeley.com/datasets/szp4hfdymy/1,
403,2017-08_Stagnation,438.27,24.81,71.815,81.1105,Chamber air (proxy),Parabolic dish solar cooker,0,https://data.mendeley.com/datasets/szp4hfdymy/1,
404,2017-08_Stagnation,434.46,24.78,71.52,80.914,Chamber air (proxy),Parabolic dish solar cooker,0,https://data.mendeley.com/datasets/szp4hfdymy/1,
405,2017-08_Stagnation,430.65,24.75,71.225,80.7175,Chamber air (proxy),Parabolic dish solar cooker,0,https://data.mendeley.com/datasets/szp4hfdymy/1,
406,2017-08_Stagnation,426.84,24.72,70.93,80.521,Chamber air (proxy),Parabolic dish solar cooker,0,https://data.mendeley.com/datasets/szp4hfdymy/1,
407,2017-08_Stagnation,423.03,24.69,70.635,80.3245,Chamber air (proxy),Parabolic dish solar cooker,0,https://data.mendeley.com/datasets/szp4hfdymy/1,
408,2017-08_Stagnation,419.22,24.66,70.34,80.128,Chamber air (proxy),Parabolic dish solar cooker,0,https://data.mendeley.com/datasets/szp4hfdymy/1,
409,2017-08_Stagnation,415.41,24.63,70.045,79.9315,Chamber air (proxy),Parabolic dish solar cooker,0,https://data.mendeley.com/datasets/szp4hfdymy/1,
410,2017-08_Stagnation,411.6,24.6,69.75,79.735,Chamber air (proxy),Parabolic dish solar cooker,0,https://data.mendeley.com/datasets/szp4hfdymy/1,
411,2017-08_Stagnation,407.79,24.57,69.455,79.5385,Chamber air (proxy),Parabolic dish solar cooker,0,https://data.mendeley.com/datasets/szp4hfdymy/1,
412,2017-08_Stagnation,403.98,24.54,69.16,79.342,Chamber air (proxy),Parabolic dish solar cooker,0,https://data.mendeley.com/datasets/szp4hfdymy/1,
413,2017-08_Stagnation,400.17,24.51,68.865,79.1455,Chamber air (proxy),Parabolic dish solar cooker,0,https://data.mendeley.com/datasets/szp4hfdymy/1,
414,2017-08_Stagnation,396.36,24.48,68.57,78.949,Chamber air (proxy),Parabolic dish solar cooker,0,https://data.mendeley.com/datasets/szp4hfdymy/1,
415,2017-08_Stagnation,392.55,24.45,68.275,78.7525,Chamber air (proxy),Parabolic dish solar cooker,0,https://data.mendeley.com/datasets/szp4hfdymy/1,
416,2017-08_Stagnation,388.74,24.42,67.98,78.556,Chamber air (proxy),Parabolic dish solar cooker,0,https://data.mendeley.com/datasets/szp4hfdymy/1,
417,2017-08_Stagnation,384.93,24.39,67.685,78.3595,Chamber air (proxy),Parabolic dish solar cooker,0,https://data.mendeley.com/datasets/szp4hfdymy/1,
418,2017-08_Stagnation,381.12,24.36,67.39,78.163,Chamber air (proxy),Parabolic dish solar cooker,0,https://data.mendeley.com/datasets/szp4hfdymy/1,
419,2017-08_Stagnation,377.31,24.33,67.095,77.9665,Chamber air (proxy),Parabolic dish solar cooker,0,https://data.mendeley.com/datasets/szp4hfdymy/1,
420,2017-08_Stagnation,373.5,24.3,66.8,77.77,Chamber air (proxy),Parabolic dish solar cooker,0,https://data.mendeley.com/datasets/szp4hfdymy/1,
0,2017-09_Sensible,204.5,21.4,27,25,Water,Parabolic dish solar cooker,0.5,https://data.mendeley.com/datasets/szp4hfdymy/1,
1,2017-09_Sensible,205.295,21.465,27.775,25.775,Water,Parabolic dish solar cooker,0.5,https://data.mendeley.com/datasets/szp4hfdymy/1,
2,2017-09_Sensible,206.09,21.53,28.55,26.55,Water,Parabolic dish solar cooker,0.5,https://data.mendeley.com/datasets/szp4hfdymy/1,
3,2017-09_Sensible,206.885,21.595,29.325,27.325,Water,Parabolic dish solar cooker,0.5,https://data.mendeley.com/datasets/szp4hfdymy/1,
4,2017-09_Sensible,207.68,21.66,30.1,28.1,Water,Parabolic dish solar cooker,0.5,https://data.mendeley.com/datasets/szp4hfdymy/1,
5,2017-09_Sensible,208.475,21.725,30.875,28.875,Water,Parabolic dish solar cooker,0.5,https://data.mendeley.com/datasets/szp4hfdymy/1,
6,2017-09_Sensible,209.27,21.79,31.65,29.65,Water,Parabolic dish solar cooker,0.5,https://data.mendeley.com/datasets/szp4hfdymy/1,
7,2017-09_Sensible,210.065,21.855,32.425,30.425,Water,Parabolic dish solar cooker,0.5,https://data.mendeley.com/datasets/szp4hfdymy/1,
8,2017-09_Sensible,210.86,21.92,33.2,31.2,Water,Parabolic dish solar cooker,0.5,https://data.mendeley.com/datasets/szp4hfdymy/1,
9,2017-09_Sensible,211.655,21.985,33.975,31.975,Water,Parabolic dish solar cooker,0.5,https://data.mendeley.com/datasets/szp4hfdymy/1,
10,2017-09_Sensible,212.45,22.05,34.75,32.75,Water,Parabolic dish solar cooker,0.5,https://data.mendeley.com/datasets/szp4hfdymy/1,
11,2017-09_Sensible,213.245,22.115,35.525,33.525,Water,Parabolic dish solar cooker,0.5,https://data.mendeley.com/datasets/szp4hfdymy/1,
12,2017-09_Sensible,214.04,22.18,36.3,34.3,Water,Parabolic dish solar cooker,0.5,https://data.mendeley.com/datasets/szp4hfdymy/1,
13,2017-09_Sensible,214.835,22.245,37.075,35.075,Water,Parabolic dish solar cooker,0.5,https://data.mendeley.com/datasets/szp4hfdymy/1,
14,2017-09_Sensible,215.63,22.31,37.85,35.85,Water,Parabolic dish solar cooker,0.5,https://data.mendeley.com/datasets/szp4hfdymy/1,
15,2017-09_Sensible,216.425,22.375,38.625,36.625,Water,Parabolic dish solar cooker,0.5,https://data.mendeley.com/datasets/szp4hfdymy/1,
16,2017-09_Sensible,217.22,22.44,39.4,37.4,Water,Parabolic dish solar cooker,0.5,https://data.mendeley.com/datasets/szp4hfdymy/1,
17,2017-09_Sensible,218.015,22.505,40.175,38.175,Water,Parabolic dish solar cooker,0.5,https://data.mendeley.com/datasets/szp4hfdymy/1,
18,2017-09_Sensible,218.81,22.57,40.95,38.95,Water,Parabolic dish solar cooker,0.5,https://data.mendeley.com/datasets/szp4hfdymy/1,
19,2017-09_Sensible,219.605,22.635,41.725,39.725,Water,Parabolic dish solar cooker,0.5,https://data.mendeley.com/datasets/szp4hfdymy/1,
20,2017-09_Sensible,220.4,22.7,42.5,40.5,Water,Parabolic dish solar cooker,0.5,https://data.mendeley.com/datasets/szp4hfdymy/1,
21,2017-09_Sensible,225.66,22.88,42.925,40.925,Water,Parabolic dish solar cooker,0.5,https://data.mendeley.com/datasets/szp4hfdymy/1,
22,2017-09_Sensible,230.92,23.06,43.35,41.35,Water,Parabolic dish solar cooker,0.5,https://data.mendeley.com/datasets/szp4hfdymy/1,
23,2017-09_Sensible,236.18,23.24,43.775,41.775,Water,Parabolic dish solar cooker,0.5,https://data.mendeley.com/datasets/szp4hfdymy/1,
24,2017-09_Sensible,241.44,23.42,44.2,42.2,Water,Parabolic dish solar cooker,0.5,https://data.mendeley.com/datasets/szp4hfdymy/1,
25,2017-09_Sensible,246.7,23.6,44.625,42.625,Water,Parabolic dish solar cooker,0.5,https://data.mendeley.com/datasets/szp4hfdymy/1,
26,2017-09_Sensible,251.96,23.78,45.05,43.05,Water,Parabolic dish solar cooker,0.5,https://data.mendeley.com/datasets/szp4hfdymy/1,
27,2017-09_Sensible,257.22,23.96,45.475,43.475,Water,Parabolic dish solar cooker,0.5,https://data.mendeley.com/datasets/szp4hfdymy/1,
28,2017-09_Sensible,262.48,24.14,45.9,43.9,Water,Parabolic dish solar cooker,0.5,https://data.mendeley.com/datasets/szp4hfdymy/1,
29,2017-09_Sensible,267.74,24.32,46.325,44.325,Water,Parabolic dish solar cooker,0.5,https://data.mendeley.com/datasets/szp4hfdymy/1,
30,2017-09_Sensible,273,24.5,46.75,44.75,Water,Parabolic dish solar cooker,0.5,https://data.mendeley.com/datasets/szp4hfdymy/1,
31,2017-09_Sensible,278.26,24.68,47.175,45.175,Water,Parabolic dish solar cooker,0.5,https://data.mendeley.com/datasets/szp4hfdymy/1,
32,2017-09_Sensible,283.52,24.86,47.6,45.6,Water,Parabolic dish solar cooker,0.5,https://data.mendeley.com/datasets/szp4hfdymy/1,
33,2017-09_Sensible,288.78,25.04,48.025,46.025,Water,Parabolic dish solar cooker,0.5,https://data.mendeley.com/datasets/szp4hfdymy/1,
34,2017-09_Sensible,294.04,25.22,48.45,46.45,Water,Parabolic dish solar cooker,0.5,https://data.mendeley.com/datasets/szp4hfdymy/1,
35,2017-09_Sensible,299.3,25.4,48.875,46.875,Water,Parabolic dish solar cooker,0.5,https://data.mendeley.com/datasets/szp4hfdymy/1,
36,2017-09_Sensible,304.56,25.58,49.3,47.3,Water,Parabolic dish solar cooker,0.5,https://data.mendeley.com/datasets/szp4hfdymy/1,
37,2017-09_Sensible,309.82,25.76,49.725,47.725,Water,Parabolic dish solar cooker,0.5,https://data.mendeley.com/datasets/szp4hfdymy/1,
38,2017-09_Sensible,315.08,25.94,50.15,48.15,Water,Parabolic dish solar cooker,0.5,https://data.mendeley.com/datasets/szp4hfdymy/1,
39,2017-09_Sensible,320.34,26.12,50.575,48.575,Water,Parabolic dish solar cooker,0.5,https://data.mendeley.com/datasets/szp4hfdymy/1,
40,2017-09_Sensible,325.6,26.3,51,49,Water,Parabolic dish solar cooker,0.5,https://data.mendeley.com/datasets/szp4hfdymy/1,
41,2017-09_Sensible,334.1175,26.295,51.52,49.47,Water,Parabolic dish solar cooker,0.5,https://data.mendeley.com/datasets/szp4hfdymy/1,
42,2017-09_Sensible,342.635,26.29,52.04,49.94,Water,Parabolic dish solar cooker,0.5,https://data.mendeley.com/datasets/szp4hfdymy/1,
43,2017-09_Sensible,351.1525,26.285,52.56,50.41,Water,Parabolic dish solar cooker,0.5,https://data.mendeley.com/datasets/szp4hfdymy/1,
44,2017-09_Sensible,359.67,26.28,53.08,50.88,Water,Parabolic dish solar cooker,0.5,https://data.mendeley.com/datasets/szp4hfdymy/1,
45,2017-09_Sensible,368.1875,26.275,53.6,51.35,Water,Parabolic dish solar cooker,0.5,https://data.mendeley.com/datasets/szp4hfdymy/1,
46,2017-09_Sensible,376.705,26.27,54.12,51.82,Water,Parabolic dish solar cooker,0.5,https://data.mendeley.com/datasets/szp4hfdymy/1,
47,2017-09_Sensible,385.2225,26.265,54.64,52.29,Water,Parabolic dish solar cooker,0.5,https://data.mendeley.com/datasets/szp4hfdymy/1,
48,2017-09_Sensible,393.74,26.26,55.16,52.76,Water,Parabolic dish solar cooker,0.5,https://data.mendeley.com/datasets/szp4hfdymy/1,
49,2017-09_Sensible,402.2575,26.255,55.68,53.23,Water,Parabolic dish solar cooker,0.5,https://data.mendeley.com/datasets/szp4hfdymy/1,
50,2017-09_Sensible,410.775,26.25,56.2,53.7,Water,Parabolic dish solar cooker,0.5,https://data.mendeley.com/datasets/szp4hfdymy/1,
51,2017-09_Sensible,419.2925,26.245,56.72,54.17,Water,Parabolic dish solar cooker,0.5,https://data.mendeley.com/datasets/szp4hfdymy/1,
52,2017-09_Sensible,427.81,26.24,57.24,54.64,Water,Parabolic dish solar cooker,0.5,https://data.mendeley.com/datasets/szp4hfdymy/1,
53,2017-09_Sensible,436.3275,26.235,57.76,55.11,Water,Parabolic dish solar cooker,0.5,https://data.mendeley.com/datasets/szp4hfdymy/1,
54,2017-09_Sensible,444.845,26.23,58.28,55.58,Water,Parabolic dish solar cooker,0.5,https://data.mendeley.com/datasets/szp4hfdymy/1,
55,2017-09_Sensible,453.3625,26.225,58.8,56.05,Water,Parabolic dish solar cooker,0.5,https://data.mendeley.com/datasets/szp4hfdymy/1,
56,2017-09_Sensible,461.88,26.22,59.32,56.52,Water,Parabolic dish solar cooker,0.5,https://data.mendeley.com/datasets/szp4hfdymy/1,
57,2017-09_Sensible,470.3975,26.215,59.84,56.99,Water,Parabolic dish solar cooker,0.5,https://data.mendeley.com/datasets/szp4hfdymy/1,
58,2017-09_Sensible,478.915,26.21,60.36,57.46,Water,Parabolic dish solar cooker,0.5,https://data.mendeley.com/datasets/szp4hfdymy/1,
59,2017-09_Sensible,487.4325,26.205,60.88,57.93,Water,Parabolic dish solar cooker,0.5,https://data.mendeley.com/datasets/szp4hfdymy/1,
60,2017-09_Sensible,495.95,26.2,61.4,58.4,Water,Parabolic dish solar cooker,0.5,https://data.mendeley.com/datasets/szp4hfdymy/1,
61,2017-09_Sensible,489.3625,26.035,61.49,58.54,Water,Parabolic dish solar cooker,0.5,https://data.mendeley.com/datasets/szp4hfdymy/1,
62,2017-09_Sensible,482.775,25.87,61.58,58.68,Water,Parabolic dish solar cooker,0.5,https://data.mendeley.com/datasets/szp4hfdymy/1,
63,2017-09_Sensible,476.1875,25.705,61.67,58.82,Water,Parabolic dish solar cooker,0.5,https://data.mendeley.com/datasets/szp4hfdymy/1,
64,2017-09_Sensible,469.6,25.54,61.76,58.96,Water,Parabolic dish solar cooker,0.5,https://data.mendeley.com/datasets/szp4hfdymy/1,
65,2017-09_Sensible,463.0125,25.375,61.85,59.1,Water,Parabolic dish solar cooker,0.5,https://data.mendeley.com/datasets/szp4hfdymy/1,
66,2017-09_Sensible,456.425,25.21,61.94,59.24,Water,Parabolic dish solar cooker,0.5,https://data.mendeley.com/datasets/szp4hfdymy/1,
67,2017-09_Sensible,449.8375,25.045,62.03,59.38,Water,Parabolic dish solar cooker,0.5,https://data.mendeley.com/datasets/szp4hfdymy/1,
68,2017-09_Sensible,443.25,24.88,62.12,59.52,Water,Parabolic dish solar cooker,0.5,https://data.mendeley.com/datasets/szp4hfdymy/1,
69,2017-09_Sensible,436.6625,24.715,62.21,59.66,Water,Parabolic dish solar cooker,0.5,https://data.mendeley.com/datasets/szp4hfdymy/1,
70,2017-09_Sensible,430.075,24.55,62.3,59.8,Water,Parabolic dish solar cooker,0.5,https://data.mendeley.com/datasets/szp4hfdymy/1,
71,2017-09_Sensible,423.4875,24.385,62.39,59.94,Water,Parabolic dish solar cooker,0.5,https://data.mendeley.com/datasets/szp4hfdymy/1,
72,2017-09_Sensible,416.9,24.22,62.48,60.08,Water,Parabolic dish solar cooker,0.5,https://data.mendeley.com/datasets/szp4hfdymy/1,
73,2017-09_Sensible,410.3125,24.055,62.57,60.22,Water,Parabolic dish solar cooker,0.5,https://data.mendeley.com/datasets/szp4hfdymy/1,
74,2017-09_Sensible,403.725,23.89,62.66,60.36,Water,Parabolic dish solar cooker,0.5,https://data.mendeley.com/datasets/szp4hfdymy/1,
75,2017-09_Sensible,397.1375,23.725,62.75,60.5,Water,Parabolic dish solar cooker,0.5,https://data.mendeley.com/datasets/szp4hfdymy/1,
76,2017-09_Sensible,390.55,23.56,62.84,60.64,Water,Parabolic dish solar cooker,0.5,https://data.mendeley.com/datasets/szp4hfdymy/1,
77,2017-09_Sensible,383.9625,23.395,62.93,60.78,Water,Parabolic dish solar cooker,0.5,https://data.mendeley.com/datasets/szp4hfdymy/1,
78,2017-09_Sensible,377.375,23.23,63.02,60.92,Water,Parabolic dish solar cooker,0.5,https://data.mendeley.com/datasets/szp4hfdymy/1,
79,2017-09_Sensible,370.7875,23.065,63.11,61.06,Water,Parabolic dish solar cooker,0.5,https://data.mendeley.com/datasets/szp4hfdymy/1,
80,2017-09_Sensible,364.2,22.9,63.2,61.2,Water,Parabolic dish solar cooker,0.5,https://data.mendeley.com/datasets/szp4hfdymy/1,
81,2017-09_Sensible,375.02,23.33,63.615,61.615,Water,Parabolic dish solar cooker,0.5,https://data.mendeley.com/datasets/szp4hfdymy/1,
82,2017-09_Sensible,385.84,23.76,64.03,62.03,Water,Parabolic dish solar cooker,0.5,https://data.mendeley.com/datasets/szp4hfdymy/1,
83,2017-09_Sensible,396.66,24.19,64.445,62.445,Water,Parabolic dish solar cooker,0.5,https://data.mendeley.com/datasets/szp4hfdymy/1,
84,2017-09_Sensible,407.48,24.62,64.86,62.86,Water,Parabolic dish solar cooker,0.5,https://data.mendeley.com/datasets/szp4hfdymy/1,
85,2017-09_Sensible,418.3,25.05,65.275,63.275,Water,Parabolic dish solar cooker,0.5,https://data.mendeley.com/datasets/szp4hfdymy/1,
86,2017-09_Sensible,429.12,25.48,65.69,63.69,Water,Parabolic dish solar cooker,0.5,https://data.mendeley.com/datasets/szp4hfdymy/1,
87,2017-09_Sensible,439.94,25.91,66.105,64.105,Water,Parabolic dish solar cooker,0.5,https://data.mendeley.com/datasets/szp4hfdymy/1,
88,2017-09_Sensible,450.76,26.34,66.52,64.52,Water,Parabolic dish solar cooker,0.5,https://data.mendeley.com/datasets/szp4hfdymy/1,
89,2017-09_Sensible,461.58,26.77,66.935,64.935,Water,Parabolic dish solar cooker,0.5,https://data.mendeley.com/datasets/szp4hfdymy/1,
90,2017-09_Sensible,472.4,27.2,67.35,65.35,Water,Parabolic dish solar cooker,0.5,https://data.mendeley.com/datasets/szp4hfdymy/1,
91,2017-09_Sensible,483.22,27.63,67.765,65.765,Water,Parabolic dish solar cooker,0.5,https://data.mendeley.com/datasets/szp4hfdymy/1,
92,2017-09_Sensible,494.04,28.06,68.18,66.18,Water,Parabolic dish solar cooker,0.5,https://data.mendeley.com/datasets/szp4hfdymy/1,
93,2017-09_Sensible,504.86,28.49,68.595,66.595,Water,Parabolic dish solar cooker,0.5,https://data.mendeley.com/datasets/szp4hfdymy/1,
94,2017-09_Sensible,515.68,28.92,69.01,67.01,Water,Parabolic dish solar cooker,0.5,https://data.mendeley.com/datasets/szp4hfdymy/1,
95,2017-09_Sensible,526.5,29.35,69.425,67.425,Water,Parabolic dish solar cooker,0.5,https://data.mendeley.com/datasets/szp4hfdymy/1,
96,2017-09_Sensible,537.32,29.78,69.84,67.84,Water,Parabolic dish solar cooker,0.5,https://data.mendeley.com/datasets/szp4hfdymy/1,
97,2017-09_Sensible,548.14,30.21,70.255,68.255,Water,Parabolic dish solar cooker,0.5,https://data.mendeley.com/datasets/szp4hfdymy/1,
98,2017-09_Sensible,558.96,30.64,70.67,68.67,Water,Parabolic dish solar cooker,0.5,https://data.mendeley.com/datasets/szp4hfdymy/1,
99,2017-09_Sensible,569.78,31.07,71.085,69.085,Water,Parabolic dish solar cooker,0.5,https://data.mendeley.com/datasets/szp4hfdymy/1,
100,2017-09_Sensible,580.6,31.5,71.5,69.5,Water,Parabolic dish solar cooker,0.5,https://data.mendeley.com/datasets/szp4hfdymy/1,
101,2017-09_Sensible,586.385,31.56,72.37,70.395,Water,Parabolic dish solar cooker,0.5,https://data.mendeley.com/datasets/szp4hfdymy/1,
102,2017-09_Sensible,592.17,31.62,73.24,71.29,Water,Parabolic dish solar cooker,0.5,https://data.mendeley.com/datasets/szp4hfdymy/1,
103,2017-09_Sensible,597.955,31.68,74.11,72.185,Water,Parabolic dish solar cooker,0.5,https://data.mendeley.com/datasets/szp4hfdymy/1,
104,2017-09_Sensible,603.74,31.74,74.98,73.08,Water,Parabolic dish solar cooker,0.5,https://data.mendeley.com/datasets/szp4hfdymy/1,
105,2017-09_Sensible,609.525,31.8,75.85,73.975,Water,Parabolic dish solar cooker,0.5,https://data.mendeley.com/datasets/szp4hfdymy/1,
106,2017-09_Sensible,615.31,31.86,76.72,74.87,Water,Parabolic dish solar cooker,0.5,https://data.mendeley.com/datasets/szp4hfdymy/1,
107,2017-09_Sensible,621.095,31.92,77.59,75.765,Water,Parabolic dish solar cooker,0.5,https://data.mendeley.com/datasets/szp4hfdymy/1,
108,2017-09_Sensible,626.88,31.98,78.46,76.66,Water,Parabolic dish solar cooker,0.5,https://data.mendeley.com/datasets/szp4hfdymy/1,
109,2017-09_Sensible,632.665,32.04,79.33,77.555,Water,Parabolic dish solar cooker,0.5,https://data.mendeley.com/datasets/szp4hfdymy/1,
110,2017-09_Sensible,638.45,32.1,80.2,78.45,Water,Parabolic dish solar cooker,0.5,https://data.mendeley.com/datasets/szp4hfdymy/1,
111,2017-09_Sensible,644.235,32.16,81.07,79.345,Water,Parabolic dish solar cooker,0.5,https://data.mendeley.com/datasets/szp4hfdymy/1,
112,2017-09_Sensible,650.02,32.22,81.94,80.24,Water,Parabolic dish solar cooker,0.5,https://data.mendeley.com/datasets/szp4hfdymy/1,
113,2017-09_Sensible,655.805,32.28,82.81,81.135,Water,Parabolic dish solar cooker,0.5,https://data.mendeley.com/datasets/szp4hfdymy/1,
114,2017-09_Sensible,661.59,32.34,83.68,82.03,Water,Parabolic dish solar cooker,0.5,https://data.mendeley.com/datasets/szp4hfdymy/1,
115,2017-09_Sensible,667.375,32.4,84.55,82.925,Water,Parabolic dish solar cooker,0.5,https://data.mendeley.com/datasets/szp4hfdymy/1,
116,2017-09_Sensible,673.16,32.46,85.42,83.82,Water,Parabolic dish solar cooker,0.5,https://data.mendeley.com/datasets/szp4hfdymy/1,
117,2017-09_Sensible,678.945,32.52,86.29,84.715,Water,Parabolic dish solar cooker,0.5,https://data.mendeley.com/datasets/szp4hfdymy/1,
118,2017-09_Sensible,684.73,32.58,87.16,85.61,Water,Parabolic dish solar cooker,0.5,https://data.mendeley.com/datasets/szp4hfdymy/1,
119,2017-09_Sensible,690.515,32.64,88.03,86.505,Water,Parabolic dish solar cooker,0.5,https://data.mendeley.com/datasets/szp4hfdymy/1,
120,2017-09_Sensible,696.3,32.7,88.9,87.4,Water,Parabolic dish solar cooker,0.5,https://data.mendeley.com/datasets/szp4hfdymy/1,
121,2017-09_Sensible,693.225,32.595,89.795,88.03,Water,Parabolic dish solar cooker,0.5,https://data.mendeley.com/datasets/szp4hfdymy/1,
122,2017-09_Sensible,690.15,32.49,90.69,88.66,Water,Parabolic dish solar cooker,0.5,https://data.mendeley.com/datasets/szp4hfdymy/1,
123,2017-09_Sensible,687.075,32.385,91.585,89.29,Water,Parabolic dish solar cooker,0.5,https://data.mendeley.com/datasets/szp4hfdymy/1,
124,2017-09_Sensible,684,32.28,92.48,89.92,Water,Parabolic dish solar cooker,0.5,https://data.mendeley.com/datasets/szp4hfdymy/1,
125,2017-09_Sensible,680.925,32.175,93.375,90.55,Water,Parabolic dish solar cooker,0.5,https://data.mendeley.com/datasets/szp4hfdymy/1,
126,2017-09_Sensible,677.85,32.07,94.27,91.18,Water,Parabolic dish solar cooker,0.5,https://data.mendeley.com/datasets/szp4hfdymy/1,
127,2017-09_Sensible,674.775,31.965,95.165,91.81,Water,Parabolic dish solar cooker,0.5,https://data.mendeley.com/datasets/szp4hfdymy/1,
128,2017-09_Sensible,671.7,31.86,96.06,92.44,Water,Parabolic dish solar cooker,0.5,https://data.mendeley.com/datasets/szp4hfdymy/1,
129,2017-09_Sensible,668.625,31.755,96.955,93.07,Water,Parabolic dish solar cooker,0.5,https://data.mendeley.com/datasets/szp4hfdymy/1,
130,2017-09_Sensible,665.55,31.65,97.85,93.7,Water,Parabolic dish solar cooker,0.5,https://data.mendeley.com/datasets/szp4hfdymy/1,
131,2017-09_Sensible,662.475,31.545,98.745,94.33,Water,Parabolic dish solar cooker,0.5,https://data.mendeley.com/datasets/szp4hfdymy/1,
132,2017-09_Sensible,659.4,31.44,99.64,94.96,Water,Parabolic dish solar cooker,0.5,https://data.mendeley.com/datasets/szp4hfdymy/1,
133,2017-09_Sensible,656.325,31.335,100.535,95.59,Water,Parabolic dish solar cooker,0.5,https://data.mendeley.com/datasets/szp4hfdymy/1,
134,2017-09_Sensible,653.25,31.23,101.43,96.22,Water,Parabolic dish solar cooker,0.5,https://data.mendeley.com/datasets/szp4hfdymy/1,
135,2017-09_Sensible,650.175,31.125,102.325,96.85,Water,Parabolic dish solar cooker,0.5,https://data.mendeley.com/datasets/szp4hfdymy/1,
136,2017-09_Sensible,647.1,31.02,103.22,97.48,Water,Parabolic dish solar cooker,0.5,https://data.mendeley.com/datasets/szp4hfdymy/1,
137,2017-09_Sensible,644.025,30.915,104.115,98.11,Water,Parabolic dish solar cooker,0.5,https://data.mendeley.com/datasets/szp4hfdymy/1,
138,2017-09_Sensible,640.95,30.81,105.01,98.74,Water,Parabolic dish solar cooker,0.5,https://data.mendeley.com/datasets/szp4hfdymy/1,
139,2017-09_Sensible,637.875,30.705,105.905,99.37,Water,Parabolic dish solar cooker,0.5,https://data.mendeley.com/datasets/szp4hfdymy/1,
140,2017-09_Sensible,634.8,30.6,106.8,100,Water,Parabolic dish solar cooker,0.5,https://data.mendeley.com/datasets/szp4hfdymy/1,
141,2017-09_Sensible,639.59,30.485,106.785,99.985,Water,Parabolic dish solar cooker,0.5,https://data.mendeley.com/datasets/szp4hfdymy/1,
142,2017-09_Sensible,644.38,30.37,106.77,99.97,Water,Parabolic dish solar cooker,0.5,https://data.mendeley.com/datasets/szp4hfdymy/1,
143,2017-09_Sensible,649.17,30.255,106.755,99.955,Water,Parabolic dish solar cooker,0.5,https://data.mendeley.com/datasets/szp4hfdymy/1,
144,2017-09_Sensible,653.96,30.14,106.74,99.94,Water,Parabolic dish solar cooker,0.5,https://data.mendeley.com/datasets/szp4hfdymy/1,
145,2017-09_Sensible,658.75,30.025,106.725,99.925,Water,Parabolic dish solar cooker,0.5,https://data.mendeley.com/datasets/szp4hfdymy/1,
146,2017-09_Sensible,663.54,29.91,106.71,99.91,Water,Parabolic dish solar cooker,0.5,https://data.mendeley.com/datasets/szp4hfdymy/1,
147,2017-09_Sensible,668.33,29.795,106.695,99.895,Water,Parabolic dish solar cooker,0.5,https://data.mendeley.com/datasets/szp4hfdymy/1,
148,2017-09_Sensible,673.12,29.68,106.68,99.88,Water,Parabolic dish solar cooker,0.5,https://data.mendeley.com/datasets/szp4hfdymy/1,
149,2017-09_Sensible,677.91,29.565,106.665,99.865,Water,Parabolic dish solar cooker,0.5,https://data.mendeley.com/datasets/szp4hfdymy/1,
150,2017-09_Sensible,682.7,29.45,106.65,99.85,Water,Parabolic dish solar cooker,0.5,https://data.mendeley.com/datasets/szp4hfdymy/1,
151,2017-09_Sensible,687.49,29.335,106.635,99.835,Water,Parabolic dish solar cooker,0.5,https://data.mendeley.com/datasets/szp4hfdymy/1,
152,2017-09_Sensible,692.28,29.22,106.62,99.82,Water,Parabolic dish solar cooker,0.5,https://data.mendeley.com/datasets/szp4hfdymy/1,
153,2017-09_Sensible,697.07,29.105,106.605,99.805,Water,Parabolic dish solar cooker,0.5,https://data.mendeley.com/datasets/szp4hfdymy/1,
154,2017-09_Sensible,701.86,28.99,106.59,99.79,Water,Parabolic dish solar cooker,0.5,https://data.mendeley.com/datasets/szp4hfdymy/1,
155,2017-09_Sensible,706.65,28.875,106.575,99.775,Water,Parabolic dish solar cooker,0.5,https://data.mendeley.com/datasets/szp4hfdymy/1,
156,2017-09_Sensible,711.44,28.76,106.56,99.76,Water,Parabolic dish solar cooker,0.5,https://data.mendeley.com/datasets/szp4hfdymy/1,
157,2017-09_Sensible,716.23,28.645,106.545,99.745,Water,Parabolic dish solar cooker,0.5,https://data.mendeley.com/datasets/szp4hfdymy/1,
158,2017-09_Sensible,721.02,28.53,106.53,99.73,Water,Parabolic dish solar cooker,0.5,https://data.mendeley.com/datasets/szp4hfdymy/1,
159,2017-09_Sensible,725.81,28.415,106.515,99.715,Water,Parabolic dish solar cooker,0.5,https://data.mendeley.com/datasets/szp4hfdymy/1,
160,2017-09_Sensible,730.6,28.3,106.5,99.7,Water,Parabolic dish solar cooker,0.5,https://data.mendeley.com/datasets/szp4hfdymy/1,
161,2017-09_Sensible,734.045,28.495,106.36,99.7,Water,Parabolic dish solar cooker,0.5,https://data.mendeley.com/datasets/szp4hfdymy/1,
162,2017-09_Sensible,737.49,28.69,106.22,99.7,Water,Parabolic dish solar cooker,0.5,https://data.mendeley.com/datasets/szp4hfdymy/1,
163,2017-09_Sensible,740.935,28.885,106.08,99.7,Water,Parabolic dish solar cooker,0.5,https://data.mendeley.com/datasets/szp4hfdymy/1,
164,2017-09_Sensible,744.38,29.08,105.94,99.7,Water,Parabolic dish solar cooker,0.5,https://data.mendeley.com/datasets/szp4hfdymy/1,
165,2017-09_Sensible,747.825,29.275,105.8,99.7,Water,Parabolic dish solar cooker,0.5,https://data.mendeley.com/datasets/szp4hfdymy/1,
166,2017-09_Sensible,751.27,29.47,105.66,99.7,Water,Parabolic dish solar cooker,0.5,https://data.mendeley.com/datasets/szp4hfdymy/1,
167,2017-09_Sensible,754.715,29.665,105.52,99.7,Water,Parabolic dish solar cooker,0.5,https://data.mendeley.com/datasets/szp4hfdymy/1,
168,2017-09_Sensible,758.16,29.86,105.38,99.7,Water,Parabolic dish solar cooker,0.5,https://data.mendeley.com/datasets/szp4hfdymy/1,
169,2017-09_Sensible,761.605,30.055,105.24,99.7,Water,Parabolic dish solar cooker,0.5,https://data.mendeley.com/datasets/szp4hfdymy/1,
170,2017-09_Sensible,765.05,30.25,105.1,99.7,Water,Parabolic dish solar cooker,0.5,https://data.mendeley.com/datasets/szp4hfdymy/1,
171,2017-09_Sensible,768.495,30.445,104.96,99.7,Water,Parabolic dish solar cooker,0.5,https://data.mendeley.com/datasets/szp4hfdymy/1,
172,2017-09_Sensible,771.94,30.64,104.82,99.7,Water,Parabolic dish solar cooker,0.5,https://data.mendeley.com/datasets/szp4hfdymy/1,
173,2017-09_Sensible,775.385,30.835,104.68,99.7,Water,Parabolic dish solar cooker,0.5,https://data.mendeley.com/datasets/szp4hfdymy/1,
174,2017-09_Sensible,778.83,31.03,104.54,99.7,Water,Parabolic dish solar cooker,0.5,https://data.mendeley.com/datasets/szp4hfdymy/1,
175,2017-09_Sensible,782.275,31.225,104.4,99.7,Water,Parabolic dish solar cooker,0.5,https://data.mendeley.com/datasets/szp4hfdymy/1,
176,2017-09_Sensible,785.72,31.42,104.26,99.7,Water,Parabolic dish solar cooker,0.5,https://data.mendeley.com/datasets/szp4hfdymy/1,
177,2017-09_Sensible,789.165,31.615,104.12,99.7,Water,Parabolic dish solar cooker,0.5,https://data.mendeley.com/datasets/szp4hfdymy/1,
178,2017-09_Sensible,792.61,31.81,103.98,99.7,Water,Parabolic dish solar cooker,0.5,https://data.mendeley.com/datasets/szp4hfdymy/1,
179,2017-09_Sensible,796.055,32.005,103.84,99.7,Water,Parabolic dish solar cooker,0.5,https://data.mendeley.com/datasets/szp4hfdymy/1,
180,2017-09_Sensible,799.5,32.2,103.7,99.7,Water,Parabolic dish solar cooker,0.5,https://data.mendeley.com/datasets/szp4hfdymy/1,
181,2017-09_Sensible,795.52,32.095,103.665,99.665,Water,Parabolic dish solar cooker,0.5,https://data.mendeley.com/datasets/szp4hfdymy/1,
182,2017-09_Sensible,791.54,31.99,103.63,99.63,Water,Parabolic dish solar cooker,0.5,https://data.mendeley.com/datasets/szp4hfdymy/1,
183,2017-09_Sensible,787.56,31.885,103.595,99.595,Water,Parabolic dish solar cooker,0.5,https://data.mendeley.com/datasets/szp4hfdymy/1,
184,2017-09_Sensible,783.58,31.78,103.56,99.56,Water,Parabolic dish solar cooker,0.5,https://data.mendeley.com/datasets/szp4hfdymy/1,
185,2017-09_Sensible,779.6,31.675,103.525,99.525,Water,Parabolic dish solar cooker,0.5,https://data.mendeley.com/datasets/szp4hfdymy/1,
186,2017-09_Sensible,775.62,31.57,103.49,99.49,Water,Parabolic dish solar cooker,0.5,https://data.mendeley.com/datasets/szp4hfdymy/1,
187,2017-09_Sensible,771.64,31.465,103.455,99.455,Water,Parabolic dish solar cooker,0.5,https://data.mendeley.com/datasets/szp4hfdymy/1,
188,2017-09_Sensible,767.66,31.36,103.42,99.42,Water,Parabolic dish solar cooker,0.5,https://data.mendeley.com/datasets/szp4hfdymy/1,
189,2017-09_Sensible,763.68,31.255,103.385,99.385,Water,Parabolic dish solar cooker,0.5,https://data.mendeley.com/datasets/szp4hfdymy/1,
190,2017-09_Sensible,759.7,31.15,103.35,99.35,Water,Parabolic dish solar cooker,0.5,https://data.mendeley.com/datasets/szp4hfdymy/1,
191,2017-09_Sensible,755.72,31.045,103.315,99.315,Water,Parabolic dish solar cooker,0.5,https://data.mendeley.com/datasets/szp4hfdymy/1,
192,2017-09_Sensible,751.74,30.94,103.28,99.28,Water,Parabolic dish solar cooker,0.5,https://data.mendeley.com/datasets/szp4hfdymy/1,
193,2017-09_Sensible,747.76,30.835,103.245,99.245,Water,Parabolic dish solar cooker,0.5,https://data.mendeley.com/datasets/szp4hfdymy/1,
194,2017-09_Sensible,743.78,30.73,103.21,99.21,Water,Parabolic dish solar cooker,0.5,https://data.mendeley.com/datasets/szp4hfdymy/1,
195,2017-09_Sensible,739.8,30.625,103.175,99.175,Water,Parabolic dish solar cooker,0.5,https://data.mendeley.com/datasets/szp4hfdymy/1,
196,2017-09_Sensible,735.82,30.52,103.14,99.14,Water,Parabolic dish solar cooker,0.5,https://data.mendeley.com/datasets/szp4hfdymy/1,
197,2017-09_Sensible,731.84,30.415,103.105,99.105,Water,Parabolic dish solar cooker,0.5,https://data.mendeley.com/datasets/szp4hfdymy/1,
198,2017-09_Sensible,727.86,30.31,103.07,99.07,Water,Parabolic dish solar cooker,0.5,https://data.mendeley.com/datasets/szp4hfdymy/1,
199,2017-09_Sensible,723.88,30.205,103.035,99.035,Water,Parabolic dish solar cooker,0.5,https://data.mendeley.com/datasets/szp4hfdymy/1,
200,2017-09_Sensible,719.9,30.1,103,99,Water,Parabolic dish solar cooker,0.5,https://data.mendeley.com/datasets/szp4hfdymy/1,
201,2017-09_Sensible,724.09,30.425,102.9,98.9,Water,Parabolic dish solar cooker,0.5,https://data.mendeley.com/datasets/szp4hfdymy/1,
202,2017-09_Sensible,728.28,30.75,102.8,98.8,Water,Parabolic dish solar cooker,0.5,https://data.mendeley.com/datasets/szp4hfdymy/1,
203,2017-09_Sensible,732.47,31.075,102.7,98.7,Water,Parabolic dish solar cooker,0.5,https://data.mendeley.com/datasets/szp4hfdymy/1,
204,2017-09_Sensible,736.66,31.4,102.6,98.6,Water,Parabolic dish solar cooker,0.5,https://data.mendeley.com/datasets/szp4hfdymy/1,
205,2017-09_Sensible,740.85,31.725,102.5,98.5,Water,Parabolic dish solar cooker,0.5,https://data.mendeley.com/datasets/szp4hfdymy/1,
206,2017-09_Sensible,745.04,32.05,102.4,98.4,Water,Parabolic dish solar cooker,0.5,https://data.mendeley.com/datasets/szp4hfdymy/1,
207,2017-09_Sensible,749.23,32.375,102.3,98.3,Water,Parabolic dish solar cooker,0.5,https://data.mendeley.com/datasets/szp4hfdymy/1,
208,2017-09_Sensible,753.42,32.7,102.2,98.2,Water,Parabolic dish solar cooker,0.5,https://data.mendeley.com/datasets/szp4hfdymy/1,
209,2017-09_Sensible,757.61,33.025,102.1,98.1,Water,Parabolic dish solar cooker,0.5,https://data.mendeley.com/datasets/szp4hfdymy/1,
210,2017-09_Sensible,761.8,33.35,102,98,Water,Parabolic dish solar cooker,0.5,https://data.mendeley.com/datasets/szp4hfdymy/1,
211,2017-09_Sensible,765.99,33.675,101.9,97.9,Water,Parabolic dish solar cooker,0.5,https://data.mendeley.com/datasets/szp4hfdymy/1,
212,2017-09_Sensible,770.18,34,101.8,97.8,Water,Parabolic dish solar cooker,0.5,https://data.mendeley.com/datasets/szp4hfdymy/1,
213,2017-09_Sensible,774.37,34.325,101.7,97.7,Water,Parabolic dish solar cooker,0.5,https://data.mendeley.com/datasets/szp4hfdymy/1,
214,2017-09_Sensible,778.56,34.65,101.6,97.6,Water,Parabolic dish solar cooker,0.5,https://data.mendeley.com/datasets/szp4hfdymy/1,
215,2017-09_Sensible,782.75,34.975,101.5,97.5,Water,Parabolic dish solar cooker,0.5,https://data.mendeley.com/datasets/szp4hfdymy/1,
216,2017-09_Sensible,786.94,35.3,101.4,97.4,Water,Parabolic dish solar cooker,0.5,https://data.mendeley.com/datasets/szp4hfdymy/1,
217,2017-09_Sensible,791.13,35.625,101.3,97.3,Water,Parabolic dish solar cooker,0.5,https://data.mendeley.com/datasets/szp4hfdymy/1,
218,2017-09_Sensible,795.32,35.95,101.2,97.2,Water,Parabolic dish solar cooker,0.5,https://data.mendeley.com/datasets/szp4hfdymy/1,
219,2017-09_Sensible,799.51,36.275,101.1,97.1,Water,Parabolic dish solar cooker,0.5,https://data.mendeley.com/datasets/szp4hfdymy/1,
220,2017-09_Sensible,803.7,36.6,101,97,Water,Parabolic dish solar cooker,0.5,https://data.mendeley.com/datasets/szp4hfdymy/1,
221,2017-09_Sensible,799.62,36.485,101.01,97.01,Water,Parabolic dish solar cooker,0.5,https://data.mendeley.com/datasets/szp4hfdymy/1,
222,2017-09_Sensible,795.54,36.37,101.02,97.02,Water,Parabolic dish solar cooker,0.5,https://data.mendeley.com/datasets/szp4hfdymy/1,
223,2017-09_Sensible,791.46,36.255,101.03,97.03,Water,Parabolic dish solar cooker,0.5,https://data.mendeley.com/datasets/szp4hfdymy/1,
224,2017-09_Sensible,787.38,36.14,101.04,97.04,Water,Parabolic dish solar cooker,0.5,https://data.mendeley.com/datasets/szp4hfdymy/1,
225,2017-09_Sensible,783.3,36.025,101.05,97.05,Water,Parabolic dish solar cooker,0.5,https://data.mendeley.com/datasets/szp4hfdymy/1,
226,2017-09_Sensible,779.22,35.91,101.06,97.06,Water,Parabolic dish solar cooker,0.5,https://data.mendeley.com/datasets/szp4hfdymy/1,
227,2017-09_Sensible,775.14,35.795,101.07,97.07,Water,Parabolic dish solar cooker,0.5,https://data.mendeley.com/datasets/szp4hfdymy/1,
228,2017-09_Sensible,771.06,35.68,101.08,97.08,Water,Parabolic dish solar cooker,0.5,https://data.mendeley.com/datasets/szp4hfdymy/1,
229,2017-09_Sensible,766.98,35.565,101.09,97.09,Water,Parabolic dish solar cooker,0.5,https://data.mendeley.com/datasets/szp4hfdymy/1,
230,2017-09_Sensible,762.9,35.45,101.1,97.1,Water,Parabolic dish solar cooker,0.5,https://data.mendeley.com/datasets/szp4hfdymy/1,
231,2017-09_Sensible,758.82,35.335,101.11,97.11,Water,Parabolic dish solar cooker,0.5,https://data.mendeley.com/datasets/szp4hfdymy/1,
232,2017-09_Sensible,754.74,35.22,101.12,97.12,Water,Parabolic dish solar cooker,0.5,https://data.mendeley.com/datasets/szp4hfdymy/1,
233,2017-09_Sensible,750.66,35.105,101.13,97.13,Water,Parabolic dish solar cooker,0.5,https://data.mendeley.com/datasets/szp4hfdymy/1,
234,2017-09_Sensible,746.58,34.99,101.14,97.14,Water,Parabolic dish solar cooker,0.5,https://data.mendeley.com/datasets/szp4hfdymy/1,
235,2017-09_Sensible,742.5,34.875,101.15,97.15,Water,Parabolic dish solar cooker,0.5,https://data.mendeley.com/datasets/szp4hfdymy/1,
236,2017-09_Sensible,738.42,34.76,101.16,97.16,Water,Parabolic dish solar cooker,0.5,https://data.mendeley.com/datasets/szp4hfdymy/1,
237,2017-09_Sensible,734.34,34.645,101.17,97.17,Water,Parabolic dish solar cooker,0.5,https://data.mendeley.com/datasets/szp4hfdymy/1,
238,2017-09_Sensible,730.26,34.53,101.18,97.18,Water,Parabolic dish solar cooker,0.5,https://data.mendeley.com/datasets/szp4hfdymy/1,
239,2017-09_Sensible,726.18,34.415,101.19,97.19,Water,Parabolic dish solar cooker,0.5,https://data.mendeley.com/datasets/szp4hfdymy/1,
240,2017-09_Sensible,722.1,34.3,101.2,97.2,Water,Parabolic dish solar cooker,0.5,https://data.mendeley.com/datasets/szp4hfdymy/1,
241,2017-09_Sensible,723.755,34.42,101.08,97.14,Water,Parabolic dish solar cooker,0.5,https://data.mendeley.com/datasets/szp4hfdymy/1,
242,2017-09_Sensible,725.41,34.54,100.96,97.08,Water,Parabolic dish solar cooker,0.5,https://data.mendeley.com/datasets/szp4hfdymy/1,
243,2017-09_Sensible,727.065,34.66,100.84,97.02,Water,Parabolic dish solar cooker,0.5,https://data.mendeley.com/datasets/szp4hfdymy/1,
244,2017-09_Sensible,728.72,34.78,100.72,96.96,Water,Parabolic dish solar cooker,0.5,https://data.mendeley.com/datasets/szp4hfdymy/1,
245,2017-09_Sensible,730.375,34.9,100.6,96.9,Water,Parabolic dish solar cooker,0.5,https://data.mendeley.com/datasets/szp4hfdymy/1,
246,2017-09_Sensible,732.03,35.02,100.48,96.84,Water,Parabolic dish solar cooker,0.5,https://data.mendeley.com/datasets/szp4hfdymy/1,
247,2017-09_Sensible,733.685,35.14,100.36,96.78,Water,Parabolic dish solar cooker,0.5,https://data.mendeley.com/datasets/szp4hfdymy/1,
248,2017-09_Sensible,735.34,35.26,100.24,96.72,Water,Parabolic dish solar cooker,0.5,https://data.mendeley.com/datasets/szp4hfdymy/1,
249,2017-09_Sensible,736.995,35.38,100.12,96.66,Water,Parabolic dish solar cooker,0.5,https://data.mendeley.com/datasets/szp4hfdymy/1,
250,2017-09_Sensible,738.65,35.5,100,96.6,Water,Parabolic dish solar cooker,0.5,https://data.mendeley.com/datasets/szp4hfdymy/1,
251,2017-09_Sensible,740.305,35.62,99.88,96.54,Water,Parabolic dish solar cooker,0.5,https://data.mendeley.com/datasets/szp4hfdymy/1,
252,2017-09_Sensible,741.96,35.74,99.76,96.48,Water,Parabolic dish solar cooker,0.5,https://data.mendeley.com/datasets/szp4hfdymy/1,
253,2017-09_Sensible,743.615,35.86,99.64,96.42,Water,Parabolic dish solar cooker,0.5,https://data.mendeley.com/datasets/szp4hfdymy/1,
254,2017-09_Sensible,745.27,35.98,99.52,96.36,Water,Parabolic dish solar cooker,0.5,https://data.mendeley.com/datasets/szp4hfdymy/1,
255,2017-09_Sensible,746.925,36.1,99.4,96.3,Water,Parabolic dish solar cooker,0.5,https://data.mendeley.com/datasets/szp4hfdymy/1,
256,2017-09_Sensible,748.58,36.22,99.28,96.24,Water,Parabolic dish solar cooker,0.5,https://data.mendeley.com/datasets/szp4hfdymy/1,
257,2017-09_Sensible,750.235,36.34,99.16,96.18,Water,Parabolic dish solar cooker,0.5,https://data.mendeley.com/datasets/szp4hfdymy/1,
258,2017-09_Sensible,751.89,36.46,99.04,96.12,Water,Parabolic dish solar cooker,0.5,https://data.mendeley.com/datasets/szp4hfdymy/1,
259,2017-09_Sensible,753.545,36.58,98.92,96.06,Water,Parabolic dish solar cooker,0.5,https://data.mendeley.com/datasets/szp4hfdymy/1,
260,2017-09_Sensible,755.2,36.7,98.8,96,Water,Parabolic dish solar cooker,0.5,https://data.mendeley.com/datasets/szp4hfdymy/1,
261,2017-09_Sensible,758.655,36.47,98.475,95.675,Water,Parabolic dish solar cooker,0.5,https://data.mendeley.com/datasets/szp4hfdymy/1,
262,2017-09_Sensible,762.11,36.24,98.15,95.35,Water,Parabolic dish solar cooker,0.5,https://data.mendeley.com/datasets/szp4hfdymy/1,
263,2017-09_Sensible,765.565,36.01,97.825,95.025,Water,Parabolic dish solar cooker,0.5,https://data.mendeley.com/datasets/szp4hfdymy/1,
264,2017-09_Sensible,769.02,35.78,97.5,94.7,Water,Parabolic dish solar cooker,0.5,https://data.mendeley.com/datasets/szp4hfdymy/1,
265,2017-09_Sensible,772.475,35.55,97.175,94.375,Water,Parabolic dish solar cooker,0.5,https://data.mendeley.com/datasets/szp4hfdymy/1,
266,2017-09_Sensible,775.93,35.32,96.85,94.05,Water,Parabolic dish solar cooker,0.5,https://data.mendeley.com/datasets/szp4hfdymy/1,
267,2017-09_Sensible,779.385,35.09,96.525,93.725,Water,Parabolic dish solar cooker,0.5,https://data.mendeley.com/datasets/szp4hfdymy/1,
268,2017-09_Sensible,782.84,34.86,96.2,93.4,Water,Parabolic dish solar cooker,0.5,https://data.mendeley.com/datasets/szp4hfdymy/1,
269,2017-09_Sensible,786.295,34.63,95.875,93.075,Water,Parabolic dish solar cooker,0.5,https://data.mendeley.com/datasets/szp4hfdymy/1,
270,2017-09_Sensible,789.75,34.4,95.55,92.75,Water,Parabolic dish solar cooker,0.5,https://data.mendeley.com/datasets/szp4hfdymy/1,
271,2017-09_Sensible,793.205,34.17,95.225,92.425,Water,Parabolic dish solar cooker,0.5,https://data.mendeley.com/datasets/szp4hfdymy/1,
272,2017-09_Sensible,796.66,33.94,94.9,92.1,Water,Parabolic dish solar cooker,0.5,https://data.mendeley.com/datasets/szp4hfdymy/1,
273,2017-09_Sensible,800.115,33.71,94.575,91.775,Water,Parabolic dish solar cooker,0.5,https://data.mendeley.com/datasets/szp4hfdymy/1,
274,2017-09_Sensible,803.57,33.48,94.25,91.45,Water,Parabolic dish solar cooker,0.5,https://data.mendeley.com/datasets/szp4hfdymy/1,
275,2017-09_Sensible,807.025,33.25,93.925,91.125,Water,Parabolic dish solar cooker,0.5,https://data.mendeley.com/datasets/szp4hfdymy/1,
276,2017-09_Sensible,810.48,33.02,93.6,90.8,Water,Parabolic dish solar cooker,0.5,https://data.mendeley.com/datasets/szp4hfdymy/1,
277,2017-09_Sensible,813.935,32.79,93.275,90.475,Water,Parabolic dish solar cooker,0.5,https://data.mendeley.com/datasets/szp4hfdymy/1,
278,2017-09_Sensible,817.39,32.56,92.95,90.15,Water,Parabolic dish solar cooker,0.5,https://data.mendeley.com/datasets/szp4hfdymy/1,
279,2017-09_Sensible,820.845,32.33,92.625,89.825,Water,Parabolic dish solar cooker,0.5,https://data.mendeley.com/datasets/szp4hfdymy/1,
280,2017-09_Sensible,824.3,32.1,92.3,89.5,Water,Parabolic dish solar cooker,0.5,https://data.mendeley.com/datasets/szp4hfdymy/1,
281,2017-09_Sensible,824.6055,32.055,92.82,89.92,Water,Parabolic dish solar cooker,0.5,https://data.mendeley.com/datasets/szp4hfdymy/1,
282,2017-09_Sensible,824.911,32.01,93.34,90.34,Water,Parabolic dish solar cooker,0.5,https://data.mendeley.com/datasets/szp4hfdymy/1,
283,2017-09_Sensible,825.2165,31.965,93.86,90.76,Water,Parabolic dish solar cooker,0.5,https://data.mendeley.com/datasets/szp4hfdymy/1,
284,2017-09_Sensible,825.522,31.92,94.38,91.18,Water,Parabolic dish solar cooker,0.5,https://data.mendeley.com/datasets/szp4hfdymy/1,
285,2017-09_Sensible,825.8275,31.875,94.9,91.6,Water,Parabolic dish solar cooker,0.5,https://data.mendeley.com/datasets/szp4hfdymy/1,
286,2017-09_Sensible,826.133,31.83,95.42,92.02,Water,Parabolic dish solar cooker,0.5,https://data.mendeley.com/datasets/szp4hfdymy/1,
287,2017-09_Sensible,826.4385,31.785,95.94,92.44,Water,Parabolic dish solar cooker,0.5,https://data.mendeley.com/datasets/szp4hfdymy/1,
288,2017-09_Sensible,826.744,31.74,96.46,92.86,Water,Parabolic dish solar cooker,0.5,https://data.mendeley.com/datasets/szp4hfdymy/1,
289,2017-09_Sensible,827.0495,31.695,96.98,93.28,Water,Parabolic dish solar cooker,0.5,https://data.mendeley.com/datasets/szp4hfdymy/1,
290,2017-09_Sensible,827.355,31.65,97.5,93.7,Water,Parabolic dish solar cooker,0.5,https://data.mendeley.com/datasets/szp4hfdymy/1,
291,2017-09_Sensible,827.6605,31.605,98.02,94.12,Water,Parabolic dish solar cooker,0.5,https://data.mendeley.com/datasets/szp4hfdymy/1,
292,2017-09_Sensible,827.966,31.56,98.54,94.54,Water,Parabolic dish solar cooker,0.5,https://data.mendeley.com/datasets/szp4hfdymy/1,
293,2017-09_Sensible,828.2715,31.515,99.06,94.96,Water,Parabolic dish solar cooker,0.5,https://data.mendeley.com/datasets/szp4hfdymy/1,
294,2017-09_Sensible,828.577,31.47,99.58,95.38,Water,Parabolic dish solar cooker,0.5,https://data.mendeley.com/datasets/szp4hfdymy/1,
295,2017-09_Sensible,828.8825,31.425,100.1,95.8,Water,Parabolic dish solar cooker,0.5,https://data.mendeley.com/datasets/szp4hfdymy/1,
296,2017-09_Sensible,829.188,31.38,100.62,96.22,Water,Parabolic dish solar cooker,0.5,https://data.mendeley.com/datasets/szp4hfdymy/1,
297,2017-09_Sensible,829.4935,31.335,101.14,96.64,Water,Parabolic dish solar cooker,0.5,https://data.mendeley.com/datasets/szp4hfdymy/1,
298,2017-09_Sensible,829.799,31.29,101.66,97.06,Water,Parabolic dish solar cooker,0.5,https://data.mendeley.com/datasets/szp4hfdymy/1,
299,2017-09_Sensible,830.1045,31.245,102.18,97.48,Water,Parabolic dish solar cooker,0.5,https://data.mendeley.com/datasets/szp4hfdymy/1,
300,2017-09_Sensible,830.41,31.2,102.7,97.9,Water,Parabolic dish solar cooker,0.5,https://data.mendeley.com/datasets/szp4hfdymy/1,
301,2017-09_Sensible,823.9195,31.285,102.605,97.805,Water,Parabolic dish solar cooker,0.5,https://data.mendeley.com/datasets/szp4hfdymy/1,
302,2017-09_Sensible,817.429,31.37,102.51,97.71,Water,Parabolic dish solar cooker,0.5,https://data.mendeley.com/datasets/szp4hfdymy/1,
303,2017-09_Sensible,810.9385,31.455,102.415,97.615,Water,Parabolic dish solar cooker,0.5,https://data.mendeley.com/datasets/szp4hfdymy/1,
304,2017-09_Sensible,804.448,31.54,102.32,97.52,Water,Parabolic dish solar cooker,0.5,https://data.mendeley.com/datasets/szp4hfdymy/1,
305,2017-09_Sensible,797.9575,31.625,102.225,97.425,Water,Parabolic dish solar cooker,0.5,https://data.mendeley.com/datasets/szp4hfdymy/1,
306,2017-09_Sensible,791.467,31.71,102.13,97.33,Water,Parabolic dish solar cooker,0.5,https://data.mendeley.com/datasets/szp4hfdymy/1,
307,2017-09_Sensible,784.9765,31.795,102.035,97.235,Water,Parabolic dish solar cooker,0.5,https://data.mendeley.com/datasets/szp4hfdymy/1,
308,2017-09_Sensible,778.486,31.88,101.94,97.14,Water,Parabolic dish solar cooker,0.5,https://data.mendeley.com/datasets/szp4hfdymy/1,
309,2017-09_Sensible,771.9955,31.965,101.845,97.045,Water,Parabolic dish solar cooker,0.5,https://data.mendeley.com/datasets/szp4hfdymy/1,
310,2017-09_Sensible,765.505,32.05,101.75,96.95,Water,Parabolic dish solar cooker,0.5,https://data.mendeley.com/datasets/szp4hfdymy/1,
311,2017-09_Sensible,759.0145,32.135,101.655,96.855,Water,Parabolic dish solar cooker,0.5,https://data.mendeley.com/datasets/szp4hfdymy/1,
312,2017-09_Sensible,752.524,32.22,101.56,96.76,Water,Parabolic dish solar cooker,0.5,https://data.mendeley.com/datasets/szp4hfdymy/1,
313,2017-09_Sensible,746.0335,32.305,101.465,96.665,Water,Parabolic dish solar cooker,0.5,https://data.mendeley.com/datasets/szp4hfdymy/1,
314,2017-09_Sensible,739.543,32.39,101.37,96.57,Water,Parabolic dish solar cooker,0.5,https://data.mendeley.com/datasets/szp4hfdymy/1,
315,2017-09_Sensible,733.0525,32.475,101.275,96.475,Water,Parabolic dish solar cooker,0.5,https://data.mendeley.com/datasets/szp4hfdymy/1,
316,2017-09_Sensible,726.562,32.56,101.18,96.38,Water,Parabolic dish solar cooker,0.5,https://data.mendeley.com/datasets/szp4hfdymy/1,
317,2017-09_Sensible,720.0715,32.645,101.085,96.285,Water,Parabolic dish solar cooker,0.5,https://data.mendeley.com/datasets/szp4hfdymy/1,
318,2017-09_Sensible,713.581,32.73,100.99,96.19,Water,Parabolic dish solar cooker,0.5,https://data.mendeley.com/datasets/szp4hfdymy/1,
319,2017-09_Sensible,707.0905,32.815,100.895,96.095,Water,Parabolic dish solar cooker,0.5,https://data.mendeley.com/datasets/szp4hfdymy/1,
320,2017-09_Sensible,700.6,32.9,100.8,96,Water,Parabolic dish solar cooker,0.5,https://data.mendeley.com/datasets/szp4hfdymy/1,
321,2017-09_Sensible,696.5,32.805,100.985,96.185,Water,Parabolic dish solar cooker,0.5,https://data.mendeley.com/datasets/szp4hfdymy/1,
322,2017-09_Sensible,692.4,32.71,101.17,96.37,Water,Parabolic dish solar cooker,0.5,https://data.mendeley.com/datasets/szp4hfdymy/1,
323,2017-09_Sensible,688.3,32.615,101.355,96.555,Water,Parabolic dish solar cooker,0.5,https://data.mendeley.com/datasets/szp4hfdymy/1,
324,2017-09_Sensible,684.2,32.52,101.54,96.74,Water,Parabolic dish solar cooker,0.5,https://data.mendeley.com/datasets/szp4hfdymy/1,
325,2017-09_Sensible,680.1,32.425,101.725,96.925,Water,Parabolic dish solar cooker,0.5,https://data.mendeley.com/datasets/szp4hfdymy/1,
326,2017-09_Sensible,676,32.33,101.91,97.11,Water,Parabolic dish solar cooker,0.5,https://data.mendeley.com/datasets/szp4hfdymy/1,
327,2017-09_Sensible,671.9,32.235,102.095,97.295,Water,Parabolic dish solar cooker,0.5,https://data.mendeley.com/datasets/szp4hfdymy/1,
328,2017-09_Sensible,667.8,32.14,102.28,97.48,Water,Parabolic dish solar cooker,0.5,https://data.mendeley.com/datasets/szp4hfdymy/1,
329,2017-09_Sensible,663.7,32.045,102.465,97.665,Water,Parabolic dish solar cooker,0.5,https://data.mendeley.com/datasets/szp4hfdymy/1,
330,2017-09_Sensible,659.6,31.95,102.65,97.85,Water,Parabolic dish solar cooker,0.5,https://data.mendeley.com/datasets/szp4hfdymy/1,
331,2017-09_Sensible,655.5,31.855,102.835,98.035,Water,Parabolic dish solar cooker,0.5,https://data.mendeley.com/datasets/szp4hfdymy/1,
332,2017-09_Sensible,651.4,31.76,103.02,98.22,Water,Parabolic dish solar cooker,0.5,https://data.mendeley.com/datasets/szp4hfdymy/1,
333,2017-09_Sensible,647.3,31.665,103.205,98.405,Water,Parabolic dish solar cooker,0.5,https://data.mendeley.com/datasets/szp4hfdymy/1,
334,2017-09_Sensible,643.2,31.57,103.39,98.59,Water,Parabolic dish solar cooker,0.5,https://data.mendeley.com/datasets/szp4hfdymy/1,
335,2017-09_Sensible,639.1,31.475,103.575,98.775,Water,Parabolic dish solar cooker,0.5,https://data.mendeley.com/datasets/szp4hfdymy/1,
336,2017-09_Sensible,635,31.38,103.76,98.96,Water,Parabolic dish solar cooker,0.5,https://data.mendeley.com/datasets/szp4hfdymy/1,
337,2017-09_Sensible,630.9,31.285,103.945,99.145,Water,Parabolic dish solar cooker,0.5,https://data.mendeley.com/datasets/szp4hfdymy/1,
338,2017-09_Sensible,626.8,31.19,104.13,99.33,Water,Parabolic dish solar cooker,0.5,https://data.mendeley.com/datasets/szp4hfdymy/1,
339,2017-09_Sensible,622.7,31.095,104.315,99.515,Water,Parabolic dish solar cooker,0.5,https://data.mendeley.com/datasets/szp4hfdymy/1,
340,2017-09_Sensible,618.6,31,104.5,99.7,Water,Parabolic dish solar cooker,0.5,https://data.mendeley.com/datasets/szp4hfdymy/1,
341,2017-09_Sensible,615.4645,30.925,103.725,98.99,Water,Parabolic dish solar cooker,0.5,https://data.mendeley.com/datasets/szp4hfdymy/1,
342,2017-09_Sensible,612.329,30.85,102.95,98.28,Water,Parabolic dish solar cooker,0.5,https://data.mendeley.com/datasets/szp4hfdymy/1,
343,2017-09_Sensible,609.1935,30.775,102.175,97.57,Water,Parabolic dish solar cooker,0.5,https://data.mendeley.com/datasets/szp4hfdymy/1,
344,2017-09_Sensible,606.058,30.7,101.4,96.86,Water,Parabolic dish solar cooker,0.5,https://data.mendeley.com/datasets/szp4hfdymy/1,
345,2017-09_Sensible,602.9225,30.625,100.625,96.15,Water,Parabolic dish solar cooker,0.5,https://data.mendeley.com/datasets/szp4hfdymy/1,
346,2017-09_Sensible,599.787,30.55,99.85,95.44,Water,Parabolic dish solar cooker,0.5,https://data.mendeley.com/datasets/szp4hfdymy/1,
347,2017-09_Sensible,596.6515,30.475,99.075,94.73,Water,Parabolic dish solar cooker,0.5,https://data.mendeley.com/datasets/szp4hfdymy/1,
348,2017-09_Sensible,593.516,30.4,98.3,94.02,Water,Parabolic dish solar cooker,0.5,https://data.mendeley.com/datasets/szp4hfdymy/1,
349,2017-09_Sensible,590.3805,30.325,97.525,93.31,Water,Parabolic dish solar cooker,0.5,https://data.mendeley.com/datasets/szp4hfdymy/1,
350,2017-09_Sensible,587.245,30.25,96.75,92.6,Water,Parabolic dish solar cooker,0.5,https://data.mendeley.com/datasets/szp4hfdymy/1,
351,2017-09_Sensible,584.1095,30.175,95.975,91.89,Water,Parabolic dish solar cooker,0.5,https://data.mendeley.com/datasets/szp4hfdymy/1,
352,2017-09_Sensible,580.974,30.1,95.2,91.18,Water,Parabolic dish solar cooker,0.5,https://data.mendeley.com/datasets/szp4hfdymy/1,
353,2017-09_Sensible,577.8385,30.025,94.425,90.47,Water,Parabolic dish solar cooker,0.5,https://data.mendeley.com/datasets/szp4hfdymy/1,
354,2017-09_Sensible,574.703,29.95,93.65,89.76,Water,Parabolic dish solar cooker,0.5,https://data.mendeley.com/datasets/szp4hfdymy/1,
355,2017-09_Sensible,571.5675,29.875,92.875,89.05,Water,Parabolic dish solar cooker,0.5,https://data.mendeley.com/datasets/szp4hfdymy/1,
356,2017-09_Sensible,568.432,29.8,92.1,88.34,Water,Parabolic dish solar cooker,0.5,https://data.mendeley.com/datasets/szp4hfdymy/1,
357,2017-09_Sensible,565.2965,29.725,91.325,87.63,Water,Parabolic dish solar cooker,0.5,https://data.mendeley.com/datasets/szp4hfdymy/1,
358,2017-09_Sensible,562.161,29.65,90.55,86.92,Water,Parabolic dish solar cooker,0.5,https://data.mendeley.com/datasets/szp4hfdymy/1,
359,2017-09_Sensible,559.0255,29.575,89.775,86.21,Water,Parabolic dish solar cooker,0.5,https://data.mendeley.com/datasets/szp4hfdymy/1,
360,2017-09_Sensible,555.89,29.5,89,85.5,Water,Parabolic dish solar cooker,0.5,https://data.mendeley.com/datasets/szp4hfdymy/1,
361,2017-09_Sensible,555.2605,29.39,88.475,85.325,Water,Parabolic dish solar cooker,0.5,https://data.mendeley.com/datasets/szp4hfdymy/1,
362,2017-09_Sensible,554.631,29.28,87.95,85.15,Water,Parabolic dish solar cooker,0.5,https://data.mendeley.com/datasets/szp4hfdymy/1,
363,2017-09_Sensible,554.0015,29.17,87.425,84.975,Water,Parabolic dish solar cooker,0.5,https://data.mendeley.com/datasets/szp4hfdymy/1,
364,2017-09_Sensible,553.372,29.06,86.9,84.8,Water,Parabolic dish solar cooker,0.5,https://data.mendeley.com/datasets/szp4hfdymy/1,
365,2017-09_Sensible,552.7425,28.95,86.375,84.625,Water,Parabolic dish solar cooker,0.5,https://data.mendeley.com/datasets/szp4hfdymy/1,
366,2017-09_Sensible,552.113,28.84,85.85,84.45,Water,Parabolic dish solar cooker,0.5,https://data.mendeley.com/datasets/szp4hfdymy/1,
367,2017-09_Sensible,551.4835,28.73,85.325,84.275,Water,Parabolic dish solar cooker,0.5,https://data.mendeley.com/datasets/szp4hfdymy/1,
368,2017-09_Sensible,550.854,28.62,84.8,84.1,Water,Parabolic dish solar cooker,0.5,https://data.mendeley.com/datasets/szp4hfdymy/1,
369,2017-09_Sensible,550.2245,28.51,84.275,83.925,Water,Parabolic dish solar cooker,0.5,https://data.mendeley.com/datasets/szp4hfdymy/1,
370,2017-09_Sensible,549.595,28.4,83.75,83.75,Water,Parabolic dish solar cooker,0.5,https://data.mendeley.com/datasets/szp4hfdymy/1,
371,2017-09_Sensible,548.9655,28.29,83.225,83.575,Water,Parabolic dish solar cooker,0.5,https://data.mendeley.com/datasets/szp4hfdymy/1,
372,2017-09_Sensible,548.336,28.18,82.7,83.4,Water,Parabolic dish solar cooker,0.5,https://data.mendeley.com/datasets/szp4hfdymy/1,
373,2017-09_Sensible,547.7065,28.07,82.175,83.225,Water,Parabolic dish solar cooker,0.5,https://data.mendeley.com/datasets/szp4hfdymy/1,
374,2017-09_Sensible,547.077,27.96,81.65,83.05,Water,Parabolic dish solar cooker,0.5,https://data.mendeley.com/datasets/szp4hfdymy/1,
375,2017-09_Sensible,546.4475,27.85,81.125,82.875,Water,Parabolic dish solar cooker,0.5,https://data.mendeley.com/datasets/szp4hfdymy/1,
376,2017-09_Sensible,545.818,27.74,80.6,82.7,Water,Parabolic dish solar cooker,0.5,https://data.mendeley.com/datasets/szp4hfdymy/1,
377,2017-09_Sensible,545.1885,27.63,80.075,82.525,Water,Parabolic dish solar cooker,0.5,https://data.mendeley.com/datasets/szp4hfdymy/1,
378,2017-09_Sensible,544.559,27.52,79.55,82.35,Water,Parabolic dish solar cooker,0.5,https://data.mendeley.com/datasets/szp4hfdymy/1,
379,2017-09_Sensible,543.9295,27.41,79.025,82.175,Water,Parabolic dish solar cooker,0.5,https://data.mendeley.com/datasets/szp4hfdymy/1,
380,2017-09_Sensible,543.3,27.3,78.5,82,Water,Parabolic dish solar cooker,0.5,https://data.mendeley.com/datasets/szp4hfdymy/1,
381,2017-09_Sensible,540.62,27.2,77.85,81.35,Water,Parabolic dish solar cooker,0.5,https://data.mendeley.com/datasets/szp4hfdymy/1,
382,2017-09_Sensible,537.94,27.1,77.2,80.7,Water,Parabolic dish solar cooker,0.5,https://data.mendeley.com/datasets/szp4hfdymy/1,
383,2017-09_Sensible,535.26,27,76.55,80.05,Water,Parabolic dish solar cooker,0.5,https://data.mendeley.com/datasets/szp4hfdymy/1,
384,2017-09_Sensible,532.58,26.9,75.9,79.4,Water,Parabolic dish solar cooker,0.5,https://data.mendeley.com/datasets/szp4hfdymy/1,
385,2017-09_Sensible,529.9,26.8,75.25,78.75,Water,Parabolic dish solar cooker,0.5,https://data.mendeley.com/datasets/szp4hfdymy/1,
386,2017-09_Sensible,527.22,26.7,74.6,78.1,Water,Parabolic dish solar cooker,0.5,https://data.mendeley.com/datasets/szp4hfdymy/1,
387,2017-09_Sensible,524.54,26.6,73.95,77.45,Water,Parabolic dish solar cooker,0.5,https://data.mendeley.com/datasets/szp4hfdymy/1,
388,2017-09_Sensible,521.86,26.5,73.3,76.8,Water,Parabolic dish solar cooker,0.5,https://data.mendeley.com/datasets/szp4hfdymy/1,
389,2017-09_Sensible,519.18,26.4,72.65,76.15,Water,Parabolic dish solar cooker,0.5,https://data.mendeley.com/datasets/szp4hfdymy/1,
390,2017-09_Sensible,516.5,26.3,72,75.5,Water,Parabolic dish solar cooker,0.5,https://data.mendeley.com/datasets/szp4hfdymy/1,
391,2017-09_Sensible,513.82,26.2,71.35,74.85,Water,Parabolic dish solar cooker,0.5,https://data.mendeley.com/datasets/szp4hfdymy/1,
392,2017-09_Sensible,511.14,26.1,70.7,74.2,Water,Parabolic dish solar cooker,0.5,https://data.mendeley.com/datasets/szp4hfdymy/1,
393,2017-09_Sensible,508.46,26,70.05,73.55,Water,Parabolic dish solar cooker,0.5,https://data.mendeley.com/datasets/szp4hfdymy/1,
394,2017-09_Sensible,505.78,25.9,69.4,72.9,Water,Parabolic dish solar cooker,0.5,https://data.mendeley.com/datasets/szp4hfdymy/1,
395,2017-09_Sensible,503.1,25.8,68.75,72.25,Water,Parabolic dish solar cooker,0.5,https://data.mendeley.com/datasets/szp4hfdymy/1,
396,2017-09_Sensible,500.42,25.7,68.1,71.6,Water,Parabolic dish solar cooker,0.5,https://data.mendeley.com/datasets/szp4hfdymy/1,
397,2017-09_Sensible,497.74,25.6,67.45,70.95,Water,Parabolic dish solar cooker,0.5,https://data.mendeley.com/datasets/szp4hfdymy/1,
398,2017-09_Sensible,495.06,25.5,66.8,70.3,Water,Parabolic dish solar cooker,0.5,https://data.mendeley.com/datasets/szp4hfdymy/1,
399,2017-09_Sensible,492.38,25.4,66.15,69.65,Water,Parabolic dish solar cooker,0.5,https://data.mendeley.com/datasets/szp4hfdymy/1,
400,2017-09_Sensible,489.7,25.3,65.5,69,Water,Parabolic dish solar cooker,0.5,https://data.mendeley.com/datasets/szp4hfdymy/1,
401,2017-09_Sensible,482.89,25.27,64.8,68.3,Water,Parabolic dish solar cooker,0.5,https://data.mendeley.com/datasets/szp4hfdymy/1,
402,2017-09_Sensible,476.08,25.24,64.1,67.6,Water,Parabolic dish solar cooker,0.5,https://data.mendeley.com/datasets/szp4hfdymy/1,
403,2017-09_Sensible,469.27,25.21,63.4,66.9,Water,Parabolic dish solar cooker,0.5,https://data.mendeley.com/datasets/szp4hfdymy/1,
404,2017-09_Sensible,462.46,25.18,62.7,66.2,Water,Parabolic dish solar cooker,0.5,https://data.mendeley.com/datasets/szp4hfdymy/1,
405,2017-09_Sensible,455.65,25.15,62,65.5,Water,Parabolic dish solar cooker,0.5,https://data.mendeley.com/datasets/szp4hfdymy/1,
406,2017-09_Sensible,448.84,25.12,61.3,64.8,Water,Parabolic dish solar cooker,0.5,https://data.mendeley.com/datasets/szp4hfdymy/1,
407,2017-09_Sensible,442.03,25.09,60.6,64.1,Water,Parabolic dish solar cooker,0.5,https://data.mendeley.com/datasets/szp4hfdymy/1,
408,2017-09_Sensible,435.22,25.06,59.9,63.4,Water,Parabolic dish solar cooker,0.5,https://data.mendeley.com/datasets/szp4hfdymy/1,
409,2017-09_Sensible,428.41,25.03,59.2,62.7,Water,Parabolic dish solar cooker,0.5,https://data.mendeley.com/datasets/szp4hfdymy/1,
410,2017-09_Sensible,421.6,25,58.5,62,Water,Parabolic dish solar cooker,0.5,https://data.mendeley.com/datasets/szp4hfdymy/1,
411,2017-09_Sensible,414.79,24.97,57.8,61.3,Water,Parabolic dish solar cooker,0.5,https://data.mendeley.com/datasets/szp4hfdymy/1,
412,2017-09_Sensible,407.98,24.94,57.1,60.6,Water,Parabolic dish solar cooker,0.5,https://data.mendeley.com/datasets/szp4hfdymy/1,
413,2017-09_Sensible,401.17,24.91,56.4,59.9,Water,Parabolic dish solar cooker,0.5,https://data.mendeley.com/datasets/szp4hfdymy/1,
414,2017-09_Sensible,394.36,24.88,55.7,59.2,Water,Parabolic dish solar cooker,0.5,https://data.mendeley.com/datasets/szp4hfdymy/1,
415,2017-09_Sensible,387.55,24.85,55,58.5,Water,Parabolic dish solar cooker,0.5,https://data.mendeley.com/datasets/szp4hfdymy/1,
416,2017-09_Sensible,380.74,24.82,54.3,57.8,Water,Parabolic dish solar cooker,0.5,https://data.mendeley.com/datasets/szp4hfdymy/1,
417,2017-09_Sensible,373.93,24.79,53.6,57.1,Water,Parabolic dish solar cooker,0.5,https://data.mendeley.com/datasets/szp4hfdymy/1,
418,2017-09_Sensible,367.12,24.76,52.9,56.4,Water,Parabolic dish solar cooker,0.5,https://data.mendeley.com/datasets/szp4hfdymy/1,
419,2017-09_Sensible,360.31,24.73,52.2,55.7,Water,Parabolic dish solar cooker,0.5,https://data.mendeley.com/datasets/szp4hfdymy/1,
420,2017-09_Sensible,353.5,24.7,51.5,55,Water,Parabolic dish solar cooker,0.5,https://data.mendeley.com/datasets/szp4hfdymy/1,
0,2017-10_Stagnation,250,23.36,25.9,25.32,Chamber air (proxy),Parabolic dish solar cooker,0,https://data.mendeley.com/datasets/szp4hfdymy/1,
1,2017-10_Stagnation,257,23.437,26.43,25.4425,Chamber air (proxy),Parabolic dish solar cooker,0,https://data.mendeley.com/datasets/szp4hfdymy/1,
2,2017-10_Stagnation,264,23.514,26.96,25.565,Chamber air (proxy),Parabolic dish solar cooker,0,https://data.mendeley.com/datasets/szp4hfdymy/1,
3,2017-10_Stagnation,271,23.591,27.49,25.6875,Chamber air (proxy),Parabolic dish solar cooker,0,https://data.mendeley.com/datasets/szp4hfdymy/1,
4,2017-10_Stagnation,278,23.668,28.02,25.81,Chamber air (proxy),Parabolic dish solar cooker,0,https://data.mendeley.com/datasets/szp4hfdymy/1,
5,2017-10_Stagnation,285,23.745,28.55,25.9325,Chamber air (proxy),Parabolic dish solar cooker,0,https://data.mendeley.com/datasets/szp4hfdymy/1,
6,2017-10_Stagnation,292,23.822,29.08,26.055,Chamber air (proxy),Parabolic dish solar cooker,0,https://data.mendeley.com/datasets/szp4hfdymy/1,
7,2017-10_Stagnation,299,23.899,29.61,26.1775,Chamber air (proxy),Parabolic dish solar cooker,0,https://data.mendeley.com/datasets/szp4hfdymy/1,
8,2017-10_Stagnation,306,23.976,30.14,26.3,Chamber air (proxy),Parabolic dish solar cooker,0,https://data.mendeley.com/datasets/szp4hfdymy/1,
9,2017-10_Stagnation,313,24.053,30.67,26.4225,Chamber air (proxy),Parabolic dish solar cooker,0,https://data.mendeley.com/datasets/szp4hfdymy/1,
10,2017-10_Stagnation,320,24.13,31.2,26.545,Chamber air (proxy),Parabolic dish solar cooker,0,https://data.mendeley.com/datasets/szp4hfdymy/1,
11,2017-10_Stagnation,327,24.207,31.73,26.6675,Chamber air (proxy),Parabolic dish solar cooker,0,https://data.mendeley.com/datasets/szp4hfdymy/1,
12,2017-10_Stagnation,334,24.284,32.26,26.79,Chamber air (proxy),Parabolic dish solar cooker,0,https://data.mendeley.com/datasets/szp4hfdymy/1,
13,2017-10_Stagnation,341,24.361,32.79,26.9125,Chamber air (proxy),Parabolic dish solar cooker,0,https://data.mendeley.com/datasets/szp4hfdymy/1,
14,2017-10_Stagnation,348,24.438,33.32,27.035,Chamber air (proxy),Parabolic dish solar cooker,0,https://data.mendeley.com/datasets/szp4hfdymy/1,
15,2017-10_Stagnation,355,24.515,33.85,27.1575,Chamber air (proxy),Parabolic dish solar cooker,0,https://data.mendeley.com/datasets/szp4hfdymy/1,
16,2017-10_Stagnation,362,24.592,34.38,27.28,Chamber air (proxy),Parabolic dish solar cooker,0,https://data.mendeley.com/datasets/szp4hfdymy/1,
17,2017-10_Stagnation,369,24.669,34.91,27.4025,Chamber air (proxy),Parabolic dish solar cooker,0,https://data.mendeley.com/datasets/szp4hfdymy/1,
18,2017-10_Stagnation,376,24.746,35.44,27.525,Chamber air (proxy),Parabolic dish solar cooker,0,https://data.mendeley.com/datasets/szp4hfdymy/1,
19,2017-10_Stagnation,383,24.823,35.97,27.6475,Chamber air (proxy),Parabolic dish solar cooker,0,https://data.mendeley.com/datasets/szp4hfdymy/1,
20,2017-10_Stagnation,390,24.9,36.5,27.77,Chamber air (proxy),Parabolic dish solar cooker,0,https://data.mendeley.com/datasets/szp4hfdymy/1,
21,2017-10_Stagnation,392.73,25.068,37.055,28.1525,Chamber air (proxy),Parabolic dish solar cooker,0,https://data.mendeley.com/datasets/szp4hfdymy/1,
22,2017-10_Stagnation,395.46,25.236,37.61,28.535,Chamber air (proxy),Parabolic dish solar cooker,0,https://data.mendeley.com/datasets/szp4hfdymy/1,
23,2017-10_Stagnation,398.19,25.404,38.165,28.9175,Chamber air (proxy),Parabolic dish solar cooker,0,https://data.mendeley.com/datasets/szp4hfdymy/1,
24,2017-10_Stagnation,400.92,25.572,38.72,29.3,Chamber air (proxy),Parabolic dish solar cooker,0,https://data.mendeley.com/datasets/szp4hfdymy/1,
25,2017-10_Stagnation,403.65,25.74,39.275,29.6825,Chamber air (proxy),Parabolic dish solar cooker,0,https://data.mendeley.com/datasets/szp4hfdymy/1,
26,2017-10_Stagnation,406.38,25.908,39.83,30.065,Chamber air (proxy),Parabolic dish solar cooker,0,https://data.mendeley.com/datasets/szp4hfdymy/1,
27,2017-10_Stagnation,409.11,26.076,40.385,30.4475,Chamber air (proxy),Parabolic dish solar cooker,0,https://data.mendeley.com/datasets/szp4hfdymy/1,
28,2017-10_Stagnation,411.84,26.244,40.94,30.83,Chamber air (proxy),Parabolic dish solar cooker,0,https://data.mendeley.com/datasets/szp4hfdymy/1,
29,2017-10_Stagnation,414.57,26.412,41.495,31.2125,Chamber air (proxy),Parabolic dish solar cooker,0,https://data.mendeley.com/datasets/szp4hfdymy/1,
30,2017-10_Stagnation,417.3,26.58,42.05,31.595,Chamber air (proxy),Parabolic dish solar cooker,0,https://data.mendeley.com/datasets/szp4hfdymy/1,
31,2017-10_Stagnation,420.03,26.748,42.605,31.9775,Chamber air (proxy),Parabolic dish solar cooker,0,https://data.mendeley.com/datasets/szp4hfdymy/1,
32,2017-10_Stagnation,422.76,26.916,43.16,32.36,Chamber air (proxy),Parabolic dish solar cooker,0,https://data.mendeley.com/datasets/szp4hfdymy/1,
33,2017-10_Stagnation,425.49,27.084,43.715,32.7425,Chamber air (proxy),Parabolic dish solar cooker,0,https://data.mendeley.com/datasets/szp4hfdymy/1,
34,2017-10_Stagnation,428.22,27.252,44.27,33.125,Chamber air (proxy),Parabolic dish solar cooker,0,https://data.mendeley.com/datasets/szp4hfdymy/1,
35,2017-10_Stagnation,430.95,27.42,44.825,33.5075,Chamber air (proxy),Parabolic dish solar cooker,0,https://data.mendeley.com/datasets/szp4hfdymy/1,
36,2017-10_Stagnation,433.68,27.588,45.38,33.89,Chamber air (proxy),Parabolic dish solar cooker,0,https://data.mendeley.com/datasets/szp4hfdymy/1,
37,2017-10_Stagnation,436.41,27.756,45.935,34.2725,Chamber air (proxy),Parabolic dish solar cooker,0,https://data.mendeley.com/datasets/szp4hfdymy/1,
38,2017-10_Stagnation,439.14,27.924,46.49,34.655,Chamber air (proxy),Parabolic dish solar cooker,0,https://data.mendeley.com/datasets/szp4hfdymy/1,
39,2017-10_Stagnation,441.87,28.092,47.045,35.0375,Chamber air (proxy),Parabolic dish solar cooker,0,https://data.mendeley.com/datasets/szp4hfdymy/1,
40,2017-10_Stagnation,444.6,28.26,47.6,35.42,Chamber air (proxy),Parabolic dish solar cooker,0,https://data.mendeley.com/datasets/szp4hfdymy/1,
41,2017-10_Stagnation,447.115,28.087,48.115,36.09,Chamber air (proxy),Parabolic dish solar cooker,0,https://data.mendeley.com/datasets/szp4hfdymy/1,
42,2017-10_Stagnation,449.63,27.914,48.63,36.76,Chamber air (proxy),Parabolic dish solar cooker,0,https://data.mendeley.com/datasets/szp4hfdymy/1,
43,2017-10_Stagnation,452.145,27.741,49.145,37.43,Chamber air (proxy),Parabolic dish solar cooker,0,https://data.mendeley.com/datasets/szp4hfdymy/1,
44,2017-10_Stagnation,454.66,27.568,49.66,38.1,Chamber air (proxy),Parabolic dish solar cooker,0,https://data.mendeley.com/datasets/szp4hfdymy/1,
45,2017-10_Stagnation,457.175,27.395,50.175,38.77,Chamber air (proxy),Parabolic dish solar cooker,0,https://data.mendeley.com/datasets/szp4hfdymy/1,
46,2017-10_Stagnation,459.69,27.222,50.69,39.44,Chamber air (proxy),Parabolic dish solar cooker,0,https://data.mendeley.com/datasets/szp4hfdymy/1,
47,2017-10_Stagnation,462.205,27.049,51.205,40.11,Chamber air (proxy),Parabolic dish solar cooker,0,https://data.mendeley.com/datasets/szp4hfdymy/1,
48,2017-10_Stagnation,464.72,26.876,51.72,40.78,Chamber air (proxy),Parabolic dish solar cooker,0,https://data.mendeley.com/datasets/szp4hfdymy/1,
49,2017-10_Stagnation,467.235,26.703,52.235,41.45,Chamber air (proxy),Parabolic dish solar cooker,0,https://data.mendeley.com/datasets/szp4hfdymy/1,
50,2017-10_Stagnation,469.75,26.53,52.75,42.12,Chamber air (proxy),Parabolic dish solar cooker,0,https://data.mendeley.com/datasets/szp4hfdymy/1,
51,2017-10_Stagnation,472.265,26.357,53.265,42.79,Chamber air (proxy),Parabolic dish solar cooker,0,https://data.mendeley.com/datasets/szp4hfdymy/1,
52,2017-10_Stagnation,474.78,26.184,53.78,43.46,Chamber air (proxy),Parabolic dish solar cooker,0,https://data.mendeley.com/datasets/szp4hfdymy/1,
53,2017-10_Stagnation,477.295,26.011,54.295,44.13,Chamber air (proxy),Parabolic dish solar cooker,0,https://data.mendeley.com/datasets/szp4hfdymy/1,
54,2017-10_Stagnation,479.81,25.838,54.81,44.8,Chamber air (proxy),Parabolic dish solar cooker,0,https://data.mendeley.com/datasets/szp4hfdymy/1,
55,2017-10_Stagnation,482.325,25.665,55.325,45.47,Chamber air (proxy),Parabolic dish solar cooker,0,https://data.mendeley.com/datasets/szp4hfdymy/1,
56,2017-10_Stagnation,484.84,25.492,55.84,46.14,Chamber air (proxy),Parabolic dish solar cooker,0,https://data.mendeley.com/datasets/szp4hfdymy/1,
57,2017-10_Stagnation,487.355,25.319,56.355,46.81,Chamber air (proxy),Parabolic dish solar cooker,0,https://data.mendeley.com/datasets/szp4hfdymy/1,
58,2017-10_Stagnation,489.87,25.146,56.87,47.48,Chamber air (proxy),Parabolic dish solar cooker,0,https://data.mendeley.com/datasets/szp4hfdymy/1,
59,2017-10_Stagnation,492.385,24.973,57.385,48.15,Chamber air (proxy),Parabolic dish solar cooker,0,https://data.mendeley.com/datasets/szp4hfdymy/1,
60,2017-10_Stagnation,494.9,24.8,57.9,48.82,Chamber air (proxy),Parabolic dish solar cooker,0,https://data.mendeley.com/datasets/szp4hfdymy/1,
61,2017-10_Stagnation,496.175,24.803,58.425,49.305,Chamber air (proxy),Parabolic dish solar cooker,0,https://data.mendeley.com/datasets/szp4hfdymy/1,
62,2017-10_Stagnation,497.45,24.806,58.95,49.79,Chamber air (proxy),Parabolic dish solar cooker,0,https://data.mendeley.com/datasets/szp4hfdymy/1,
63,2017-10_Stagnation,498.725,24.809,59.475,50.275,Chamber air (proxy),Parabolic dish solar cooker,0,https://data.mendeley.com/datasets/szp4hfdymy/1,
64,2017-10_Stagnation,500,24.812,60,50.76,Chamber air (proxy),Parabolic dish solar cooker,0,https://data.mendeley.com/datasets/szp4hfdymy/1,
65,2017-10_Stagnation,501.275,24.815,60.525,51.245,Chamber air (proxy),Parabolic dish solar cooker,0,https://data.mendeley.com/datasets/szp4hfdymy/1,
66,2017-10_Stagnation,502.55,24.818,61.05,51.73,Chamber air (proxy),Parabolic dish solar cooker,0,https://data.mendeley.com/datasets/szp4hfdymy/1,
67,2017-10_Stagnation,503.825,24.821,61.575,52.215,Chamber air (proxy),Parabolic dish solar cooker,0,https://data.mendeley.com/datasets/szp4hfdymy/1,
68,2017-10_Stagnation,505.1,24.824,62.1,52.7,Chamber air (proxy),Parabolic dish solar cooker,0,https://data.mendeley.com/datasets/szp4hfdymy/1,
69,2017-10_Stagnation,506.375,24.827,62.625,53.185,Chamber air (proxy),Parabolic dish solar cooker,0,https://data.mendeley.com/datasets/szp4hfdymy/1,
70,2017-10_Stagnation,507.65,24.83,63.15,53.67,Chamber air (proxy),Parabolic dish solar cooker,0,https://data.mendeley.com/datasets/szp4hfdymy/1,
71,2017-10_Stagnation,508.925,24.833,63.675,54.155,Chamber air (proxy),Parabolic dish solar cooker,0,https://data.mendeley.com/datasets/szp4hfdymy/1,
72,2017-10_Stagnation,510.2,24.836,64.2,54.64,Chamber air (proxy),Parabolic dish solar cooker,0,https://data.mendeley.com/datasets/szp4hfdymy/1,
73,2017-10_Stagnation,511.475,24.839,64.725,55.125,Chamber air (proxy),Parabolic dish solar cooker,0,https://data.mendeley.com/datasets/szp4hfdymy/1,
74,2017-10_Stagnation,512.75,24.842,65.25,55.61,Chamber air (proxy),Parabolic dish solar cooker,0,https://data.mendeley.com/datasets/szp4hfdymy/1,
75,2017-10_Stagnation,514.025,24.845,65.775,56.095,Chamber air (proxy),Parabolic dish solar cooker,0,https://data.mendeley.com/datasets/szp4hfdymy/1,
76,2017-10_Stagnation,515.3,24.848,66.3,56.58,Chamber air (proxy),Parabolic dish solar cooker,0,https://data.mendeley.com/datasets/szp4hfdymy/1,
77,2017-10_Stagnation,516.575,24.851,66.825,57.065,Chamber air (proxy),Parabolic dish solar cooker,0,https://data.mendeley.com/datasets/szp4hfdymy/1,
78,2017-10_Stagnation,517.85,24.854,67.35,57.55,Chamber air (proxy),Parabolic dish solar cooker,0,https://data.mendeley.com/datasets/szp4hfdymy/1,
79,2017-10_Stagnation,519.125,24.857,67.875,58.035,Chamber air (proxy),Parabolic dish solar cooker,0,https://data.mendeley.com/datasets/szp4hfdymy/1,
80,2017-10_Stagnation,520.4,24.86,68.4,58.52,Chamber air (proxy),Parabolic dish solar cooker,0,https://data.mendeley.com/datasets/szp4hfdymy/1,
81,2017-10_Stagnation,527.86,24.89,68.62,59.055,Chamber air (proxy),Parabolic dish solar cooker,0,https://data.mendeley.com/datasets/szp4hfdymy/1,
82,2017-10_Stagnation,535.32,24.92,68.84,59.59,Chamber air (proxy),Parabolic dish solar cooker,0,https://data.mendeley.com/datasets/szp4hfdymy/1,
83,2017-10_Stagnation,542.78,24.95,69.06,60.125,Chamber air (proxy),Parabolic dish solar cooker,0,https://data.mendeley.com/datasets/szp4hfdymy/1,
84,2017-10_Stagnation,550.24,24.98,69.28,60.66,Chamber air (proxy),Parabolic dish solar cooker,0,https://data.mendeley.com/datasets/szp4hfdymy/1,
85,2017-10_Stagnation,557.7,25.01,69.5,61.195,Chamber air (proxy),Parabolic dish solar cooker,0,https://data.mendeley.com/datasets/szp4hfdymy/1,
86,2017-10_Stagnation,565.16,25.04,69.72,61.73,Chamber air (proxy),Parabolic dish solar cooker,0,https://data.mendeley.com/datasets/szp4hfdymy/1,
87,2017-10_Stagnation,572.62,25.07,69.94,62.265,Chamber air (proxy),Parabolic dish solar cooker,0,https://data.mendeley.com/datasets/szp4hfdymy/1,
88,2017-10_Stagnation,580.08,25.1,70.16,62.8,Chamber air (proxy),Parabolic dish solar cooker,0,https://data.mendeley.com/datasets/szp4hfdymy/1,
89,2017-10_Stagnation,587.54,25.13,70.38,63.335,Chamber air (proxy),Parabolic dish solar cooker,0,https://data.mendeley.com/datasets/szp4hfdymy/1,
90,2017-10_Stagnation,595,25.16,70.6,63.87,Chamber air (proxy),Parabolic dish solar cooker,0,https://data.mendeley.com/datasets/szp4hfdymy/1,
91,2017-10_Stagnation,602.46,25.19,70.82,64.405,Chamber air (proxy),Parabolic dish solar cooker,0,https://data.mendeley.com/datasets/szp4hfdymy/1,
92,2017-10_Stagnation,609.92,25.22,71.04,64.94,Chamber air (proxy),Parabolic dish solar cooker,0,https://data.mendeley.com/datasets/szp4hfdymy/1,
93,2017-10_Stagnation,617.38,25.25,71.26,65.475,Chamber air (proxy),Parabolic dish solar cooker,0,https://data.mendeley.com/datasets/szp4hfdymy/1,
94,2017-10_Stagnation,624.84,25.28,71.48,66.01,Chamber air (proxy),Parabolic dish solar cooker,0,https://data.mendeley.com/datasets/szp4hfdymy/1,
95,2017-10_Stagnation,632.3,25.31,71.7,66.545,Chamber air (proxy),Parabolic dish solar cooker,0,https://data.mendeley.com/datasets/szp4hfdymy/1,
96,2017-10_Stagnation,639.76,25.34,71.92,67.08,Chamber air (proxy),Parabolic dish solar cooker,0,https://data.mendeley.com/datasets/szp4hfdymy/1,
97,2017-10_Stagnation,647.22,25.37,72.14,67.615,Chamber air (proxy),Parabolic dish solar cooker,0,https://data.mendeley.com/datasets/szp4hfdymy/1,
98,2017-10_Stagnation,654.68,25.4,72.36,68.15,Chamber air (proxy),Parabolic dish solar cooker,0,https://data.mendeley.com/datasets/szp4hfdymy/1,
99,2017-10_Stagnation,662.14,25.43,72.58,68.685,Chamber air (proxy),Parabolic dish solar cooker,0,https://data.mendeley.com/datasets/szp4hfdymy/1,
100,2017-10_Stagnation,669.6,25.46,72.8,69.22,Chamber air (proxy),Parabolic dish solar cooker,0,https://data.mendeley.com/datasets/szp4hfdymy/1,
101,2017-10_Stagnation,670.385,25.545,73.495,69.915,Chamber air (proxy),Parabolic dish solar cooker,0,https://data.mendeley.com/datasets/szp4hfdymy/1,
102,2017-10_Stagnation,671.17,25.63,74.19,70.61,Chamber air (proxy),Parabolic dish solar cooker,0,https://data.mendeley.com/datasets/szp4hfdymy/1,
103,2017-10_Stagnation,671.955,25.715,74.885,71.305,Chamber air (proxy),Parabolic dish solar cooker,0,https://data.mendeley.com/datasets/szp4hfdymy/1,
104,2017-10_Stagnation,672.74,25.8,75.58,72,Chamber air (proxy),Parabolic dish solar cooker,0,https://data.mendeley.com/datasets/szp4hfdymy/1,
105,2017-10_Stagnation,673.525,25.885,76.275,72.695,Chamber air (proxy),Parabolic dish solar cooker,0,https://data.mendeley.com/datasets/szp4hfdymy/1,
106,2017-10_Stagnation,674.31,25.97,76.97,73.39,Chamber air (proxy),Parabolic dish solar cooker,0,https://data.mendeley.com/datasets/szp4hfdymy/1,
107,2017-10_Stagnation,675.095,26.055,77.665,74.085,Chamber air (proxy),Parabolic dish solar cooker,0,https://data.mendeley.com/datasets/szp4hfdymy/1,
108,2017-10_Stagnation,675.88,26.14,78.36,74.78,Chamber air (proxy),Parabolic dish solar cooker,0,https://data.mendeley.com/datasets/szp4hfdymy/1,
109,2017-10_Stagnation,676.665,26.225,79.055,75.475,Chamber air (proxy),Parabolic dish solar cooker,0,https://data.mendeley.com/datasets/szp4hfdymy/1,
110,2017-10_Stagnation,677.45,26.31,79.75,76.17,Chamber air (proxy),Parabolic dish solar cooker,0,https://data.mendeley.com/datasets/szp4hfdymy/1,
111,2017-10_Stagnation,678.235,26.395,80.445,76.865,Chamber air (proxy),Parabolic dish solar cooker,0,https://data.mendeley.com/datasets/szp4hfdymy/1,
112,2017-10_Stagnation,679.02,26.48,81.14,77.56,Chamber air (proxy),Parabolic dish solar cooker,0,https://data.mendeley.com/datasets/szp4hfdymy/1,
113,2017-10_Stagnation,679.805,26.565,81.835,78.255,Chamber air (proxy),Parabolic dish solar cooker,0,https://data.mendeley.com/datasets/szp4hfdymy/1,
114,2017-10_Stagnation,680.59,26.65,82.53,78.95,Chamber air (proxy),Parabolic dish solar cooker,0,https://data.mendeley.com/datasets/szp4hfdymy/1,
115,2017-10_Stagnation,681.375,26.735,83.225,79.645,Chamber air (proxy),Parabolic dish solar cooker,0,https://data.mendeley.com/datasets/szp4hfdymy/1,
116,2017-10_Stagnation,682.16,26.82,83.92,80.34,Chamber air (proxy),Parabolic dish solar cooker,0,https://data.mendeley.com/datasets/szp4hfdymy/1,
117,2017-10_Stagnation,682.945,26.905,84.615,81.035,Chamber air (proxy),Parabolic dish solar cooker,0,https://data.mendeley.com/datasets/szp4hfdymy/1,
118,2017-10_Stagnation,683.73,26.99,85.31,81.73,Chamber air (proxy),Parabolic dish solar cooker,0,https://data.mendeley.com/datasets/szp4hfdymy/1,
119,2017-10_Stagnation,684.515,27.075,86.005,82.425,Chamber air (proxy),Parabolic dish solar cooker,0,https://data.mendeley.com/datasets/szp4hfdymy/1,
120,2017-10_Stagnation,685.3,27.16,86.7,83.12,Chamber air (proxy),Parabolic dish solar cooker,0,https://data.mendeley.com/datasets/szp4hfdymy/1,
121,2017-10_Stagnation,688.725,27.08,87.62,83.95,Chamber air (proxy),Parabolic dish solar cooker,0,https://data.mendeley.com/datasets/szp4hfdymy/1,
122,2017-10_Stagnation,692.15,27,88.54,84.78,Chamber air (proxy),Parabolic dish solar cooker,0,https://data.mendeley.com/datasets/szp4hfdymy/1,
123,2017-10_Stagnation,695.575,26.92,89.46,85.61,Chamber air (proxy),Parabolic dish solar cooker,0,https://data.mendeley.com/datasets/szp4hfdymy/1,
124,2017-10_Stagnation,699,26.84,90.38,86.44,Chamber air (proxy),Parabolic dish solar cooker,0,https://data.mendeley.com/datasets/szp4hfdymy/1,
125,2017-10_Stagnation,702.425,26.76,91.3,87.27,Chamber air (proxy),Parabolic dish solar cooker,0,https://data.mendeley.com/datasets/szp4hfdymy/1,
126,2017-10_Stagnation,705.85,26.68,92.22,88.1,Chamber air (proxy),Parabolic dish solar cooker,0,https://data.mendeley.com/datasets/szp4hfdymy/1,
127,2017-10_Stagnation,709.275,26.6,93.14,88.93,Chamber air (proxy),Parabolic dish solar cooker,0,https://data.mendeley.com/datasets/szp4hfdymy/1,
128,2017-10_Stagnation,712.7,26.52,94.06,89.76,Chamber air (proxy),Parabolic dish solar cooker,0,https://data.mendeley.com/datasets/szp4hfdymy/1,
129,2017-10_Stagnation,716.125,26.44,94.98,90.59,Chamber air (proxy),Parabolic dish solar cooker,0,https://data.mendeley.com/datasets/szp4hfdymy/1,
130,2017-10_Stagnation,719.55,26.36,95.9,91.42,Chamber air (proxy),Parabolic dish solar cooker,0,https://data.mendeley.com/datasets/szp4hfdymy/1,
131,2017-10_Stagnation,722.975,26.28,96.82,92.25,Chamber air (proxy),Parabolic dish solar cooker,0,https://data.mendeley.com/datasets/szp4hfdymy/1,
132,2017-10_Stagnation,726.4,26.2,97.74,93.08,Chamber air (proxy),Parabolic dish solar cooker,0,https://data.mendeley.com/datasets/szp4hfdymy/1,
133,2017-10_Stagnation,729.825,26.12,98.66,93.91,Chamber air (proxy),Parabolic dish solar cooker,0,https://data.mendeley.com/datasets/szp4hfdymy/1,
134,2017-10_Stagnation,733.25,26.04,99.58,94.74,Chamber air (proxy),Parabolic dish solar cooker,0,https://data.mendeley.com/datasets/szp4hfdymy/1,
135,2017-10_Stagnation,736.675,25.96,100.5,95.57,Chamber air (proxy),Parabolic dish solar cooker,0,https://data.mendeley.com/datasets/szp4hfdymy/1,
136,2017-10_Stagnation,740.1,25.88,101.42,96.4,Chamber air (proxy),Parabolic dish solar cooker,0,https://data.mendeley.com/datasets/szp4hfdymy/1,
137,2017-10_Stagnation,743.525,25.8,102.34,97.23,Chamber air (proxy),Parabolic dish solar cooker,0,https://data.mendeley.com/datasets/szp4hfdymy/1,
138,2017-10_Stagnation,746.95,25.72,103.26,98.06,Chamber air (proxy),Parabolic dish solar cooker,0,https://data.mendeley.com/datasets/szp4hfdymy/1,
139,2017-10_Stagnation,750.375,25.64,104.18,98.89,Chamber air (proxy),Parabolic dish solar cooker,0,https://data.mendeley.com/datasets/szp4hfdymy/1,
140,2017-10_Stagnation,753.8,25.56,105.1,99.72,Chamber air (proxy),Parabolic dish solar cooker,0,https://data.mendeley.com/datasets/szp4hfdymy/1,
141,2017-10_Stagnation,753.61,25.93,105.35,100.134,Chamber air (proxy),Parabolic dish solar cooker,0,https://data.mendeley.com/datasets/szp4hfdymy/1,
142,2017-10_Stagnation,753.42,26.3,105.6,100.548,Chamber air (proxy),Parabolic dish solar cooker,0,https://data.mendeley.com/datasets/szp4hfdymy/1,
143,2017-10_Stagnation,753.23,26.67,105.85,100.962,Chamber air (proxy),Parabolic dish solar cooker,0,https://data.mendeley.com/datasets/szp4hfdymy/1,
144,2017-10_Stagnation,753.04,27.04,106.1,101.376,Chamber air (proxy),Parabolic dish solar cooker,0,https://data.mendeley.com/datasets/szp4hfdymy/1,
145,2017-10_Stagnation,752.85,27.41,106.35,101.79,Chamber air (proxy),Parabolic dish solar cooker,0,https://data.mendeley.com/datasets/szp4hfdymy/1,
146,2017-10_Stagnation,752.66,27.78,106.6,102.204,Chamber air (proxy),Parabolic dish solar cooker,0,https://data.mendeley.com/datasets/szp4hfdymy/1,
147,2017-10_Stagnation,752.47,28.15,106.85,102.618,Chamber air (proxy),Parabolic dish solar cooker,0,https://data.mendeley.com/datasets/szp4hfdymy/1,
148,2017-10_Stagnation,752.28,28.52,107.1,103.032,Chamber air (proxy),Parabolic dish solar cooker,0,https://data.mendeley.com/datasets/szp4hfdymy/1,
149,2017-10_Stagnation,752.09,28.89,107.35,103.446,Chamber air (proxy),Parabolic dish solar cooker,0,https://data.mendeley.com/datasets/szp4hfdymy/1,
150,2017-10_Stagnation,751.9,29.26,107.6,103.86,Chamber air (proxy),Parabolic dish solar cooker,0,https://data.mendeley.com/datasets/szp4hfdymy/1,
151,2017-10_Stagnation,751.71,29.63,107.85,104.274,Chamber air (proxy),Parabolic dish solar cooker,0,https://data.mendeley.com/datasets/szp4hfdymy/1,
152,2017-10_Stagnation,751.52,30,108.1,104.688,Chamber air (proxy),Parabolic dish solar cooker,0,https://data.mendeley.com/datasets/szp4hfdymy/1,
153,2017-10_Stagnation,751.33,30.37,108.35,105.102,Chamber air (proxy),Parabolic dish solar cooker,0,https://data.mendeley.com/datasets/szp4hfdymy/1,
154,2017-10_Stagnation,751.14,30.74,108.6,105.516,Chamber air (proxy),Parabolic dish solar cooker,0,https://data.mendeley.com/datasets/szp4hfdymy/1,
155,2017-10_Stagnation,750.95,31.11,108.85,105.93,Chamber air (proxy),Parabolic dish solar cooker,0,https://data.mendeley.com/datasets/szp4hfdymy/1,
156,2017-10_Stagnation,750.76,31.48,109.1,106.344,Chamber air (proxy),Parabolic dish solar cooker,0,https://data.mendeley.com/datasets/szp4hfdymy/1,
157,2017-10_Stagnation,750.57,31.85,109.35,106.758,Chamber air (proxy),Parabolic dish solar cooker,0,https://data.mendeley.com/datasets/szp4hfdymy/1,
158,2017-10_Stagnation,750.38,32.22,109.6,107.172,Chamber air (proxy),Parabolic dish solar cooker,0,https://data.mendeley.com/datasets/szp4hfdymy/1,
159,2017-10_Stagnation,750.19,32.59,109.85,107.586,Chamber air (proxy),Parabolic dish solar cooker,0,https://data.mendeley.com/datasets/szp4hfdymy/1,
160,2017-10_Stagnation,750,32.96,110.1,108,Chamber air (proxy),Parabolic dish solar cooker,0,https://data.mendeley.com/datasets/szp4hfdymy/1,
161,2017-10_Stagnation,756,32.76,110.15,107.75,Chamber air (proxy),Parabolic dish solar cooker,0,https://data.mendeley.com/datasets/szp4hfdymy/1,
162,2017-10_Stagnation,762,32.56,110.2,107.5,Chamber air (proxy),Parabolic dish solar cooker,0,https://data.mendeley.com/datasets/szp4hfdymy/1,
163,2017-10_Stagnation,768,32.36,110.25,107.25,Chamber air (proxy),Parabolic dish solar cooker,0,https://data.mendeley.com/datasets/szp4hfdymy/1,
164,2017-10_Stagnation,774,32.16,110.3,107,Chamber air (proxy),Parabolic dish solar cooker,0,https://data.mendeley.com/datasets/szp4hfdymy/1,
165,2017-10_Stagnation,780,31.96,110.35,106.75,Chamber air (proxy),Parabolic dish solar cooker,0,https://data.mendeley.com/datasets/szp4hfdymy/1,
166,2017-10_Stagnation,786,31.76,110.4,106.5,Chamber air (proxy),Parabolic dish solar cooker,0,https://data.mendeley.com/datasets/szp4hfdymy/1,
167,2017-10_Stagnation,792,31.56,110.45,106.25,Chamber air (proxy),Parabolic dish solar cooker,0,https://data.mendeley.com/datasets/szp4hfdymy/1,
168,2017-10_Stagnation,798,31.36,110.5,106,Chamber air (proxy),Parabolic dish solar cooker,0,https://data.mendeley.com/datasets/szp4hfdymy/1,
169,2017-10_Stagnation,804,31.16,110.55,105.75,Chamber air (proxy),Parabolic dish solar cooker,0,https://data.mendeley.com/datasets/szp4hfdymy/1,
170,2017-10_Stagnation,810,30.96,110.6,105.5,Chamber air (proxy),Parabolic dish solar cooker,0,https://data.mendeley.com/datasets/szp4hfdymy/1,
171,2017-10_Stagnation,816,30.76,110.65,105.25,Chamber air (proxy),Parabolic dish solar cooker,0,https://data.mendeley.com/datasets/szp4hfdymy/1,
172,2017-10_Stagnation,822,30.56,110.7,105,Chamber air (proxy),Parabolic dish solar cooker,0,https://data.mendeley.com/datasets/szp4hfdymy/1,
173,2017-10_Stagnation,828,30.36,110.75,104.75,Chamber air (proxy),Parabolic dish solar cooker,0,https://data.mendeley.com/datasets/szp4hfdymy/1,
174,2017-10_Stagnation,834,30.16,110.8,104.5,Chamber air (proxy),Parabolic dish solar cooker,0,https://data.mendeley.com/datasets/szp4hfdymy/1,
175,2017-10_Stagnation,840,29.96,110.85,104.25,Chamber air (proxy),Parabolic dish solar cooker,0,https://data.mendeley.com/datasets/szp4hfdymy/1,
176,2017-10_Stagnation,846,29.76,110.9,104,Chamber air (proxy),Parabolic dish solar cooker,0,https://data.mendeley.com/datasets/szp4hfdymy/1,
177,2017-10_Stagnation,852,29.56,110.95,103.75,Chamber air (proxy),Parabolic dish solar cooker,0,https://data.mendeley.com/datasets/szp4hfdymy/1,
178,2017-10_Stagnation,858,29.36,111,103.5,Chamber air (proxy),Parabolic dish solar cooker,0,https://data.mendeley.com/datasets/szp4hfdymy/1,
179,2017-10_Stagnation,864,29.16,111.05,103.25,Chamber air (proxy),Parabolic dish solar cooker,0,https://data.mendeley.com/datasets/szp4hfdymy/1,
180,2017-10_Stagnation,870,28.96,111.1,103,Chamber air (proxy),Parabolic dish solar cooker,0,https://data.mendeley.com/datasets/szp4hfdymy/1,
181,2017-10_Stagnation,866.545,29.25,111.1,103.055,Chamber air (proxy),Parabolic dish solar cooker,0,https://data.mendeley.com/datasets/szp4hfdymy/1,
182,2017-10_Stagnation,863.09,29.54,111.1,103.11,Chamber air (proxy),Parabolic dish solar cooker,0,https://data.mendeley.com/datasets/szp4hfdymy/1,
183,2017-10_Stagnation,859.635,29.83,111.1,103.165,Chamber air (proxy),Parabolic dish solar cooker,0,https://data.mendeley.com/datasets/szp4hfdymy/1,
184,2017-10_Stagnation,856.18,30.12,111.1,103.22,Chamber air (proxy),Parabolic dish solar cooker,0,https://data.mendeley.com/datasets/szp4hfdymy/1,
185,2017-10_Stagnation,852.725,30.41,111.1,103.275,Chamber air (proxy),Parabolic dish solar cooker,0,https://data.mendeley.com/datasets/szp4hfdymy/1,
186,2017-10_Stagnation,849.27,30.7,111.1,103.33,Chamber air (proxy),Parabolic dish solar cooker,0,https://data.mendeley.com/datasets/szp4hfdymy/1,
187,2017-10_Stagnation,845.815,30.99,111.1,103.385,Chamber air (proxy),Parabolic dish solar cooker,0,https://data.mendeley.com/datasets/szp4hfdymy/1,
188,2017-10_Stagnation,842.36,31.28,111.1,103.44,Chamber air (proxy),Parabolic dish solar cooker,0,https://data.mendeley.com/datasets/szp4hfdymy/1,
189,2017-10_Stagnation,838.905,31.57,111.1,103.495,Chamber air (proxy),Parabolic dish solar cooker,0,https://data.mendeley.com/datasets/szp4hfdymy/1,
190,2017-10_Stagnation,835.45,31.86,111.1,103.55,Chamber air (proxy),Parabolic dish solar cooker,0,https://data.mendeley.com/datasets/szp4hfdymy/1,
191,2017-10_Stagnation,831.995,32.15,111.1,103.605,Chamber air (proxy),Parabolic dish solar cooker,0,https://data.mendeley.com/datasets/szp4hfdymy/1,
192,2017-10_Stagnation,828.54,32.44,111.1,103.66,Chamber air (proxy),Parabolic dish solar cooker,0,https://data.mendeley.com/datasets/szp4hfdymy/1,
193,2017-10_Stagnation,825.085,32.73,111.1,103.715,Chamber air (proxy),Parabolic dish solar cooker,0,https://data.mendeley.com/datasets/szp4hfdymy/1,
194,2017-10_Stagnation,821.63,33.02,111.1,103.77,Chamber air (proxy),Parabolic dish solar cooker,0,https://data.mendeley.com/datasets/szp4hfdymy/1,
195,2017-10_Stagnation,818.175,33.31,111.1,103.825,Chamber air (proxy),Parabolic dish solar cooker,0,https://data.mendeley.com/datasets/szp4hfdymy/1,
196,2017-10_Stagnation,814.72,33.6,111.1,103.88,Chamber air (proxy),Parabolic dish solar cooker,0,https://data.mendeley.com/datasets/szp4hfdymy/1,
197,2017-10_Stagnation,811.265,33.89,111.1,103.935,Chamber air (proxy),Parabolic dish solar cooker,0,https://data.mendeley.com/datasets/szp4hfdymy/1,
198,2017-10_Stagnation,807.81,34.18,111.1,103.99,Chamber air (proxy),Parabolic dish solar cooker,0,https://data.mendeley.com/datasets/szp4hfdymy/1,
199,2017-10_Stagnation,804.355,34.47,111.1,104.045,Chamber air (proxy),Parabolic dish solar cooker,0,https://data.mendeley.com/datasets/szp4hfdymy/1,
200,2017-10_Stagnation,800.9,34.76,111.1,104.1,Chamber air (proxy),Parabolic dish solar cooker,0,https://data.mendeley.com/datasets/szp4hfdymy/1,
201,2017-10_Stagnation,803.49,34.535,110.6,103.731,Chamber air (proxy),Parabolic dish solar cooker,0,https://data.mendeley.com/datasets/szp4hfdymy/1,
202,2017-10_Stagnation,806.08,34.31,110.1,103.362,Chamber air (proxy),Parabolic dish solar cooker,0,https://data.mendeley.com/datasets/szp4hfdymy/1,
203,2017-10_Stagnation,808.67,34.085,109.6,102.993,Chamber air (proxy),Parabolic dish solar cooker,0,https://data.mendeley.com/datasets/szp4hfdymy/1,
204,2017-10_Stagnation,811.26,33.86,109.1,102.624,Chamber air (proxy),Parabolic dish solar cooker,0,https://data.mendeley.com/datasets/szp4hfdymy/1,
205,2017-10_Stagnation,813.85,33.635,108.6,102.255,Chamber air (proxy),Parabolic dish solar cooker,0,https://data.mendeley.com/datasets/szp4hfdymy/1,
206,2017-10_Stagnation,816.44,33.41,108.1,101.886,Chamber air (proxy),Parabolic dish solar cooker,0,https://data.mendeley.com/datasets/szp4hfdymy/1,
207,2017-10_Stagnation,819.03,33.185,107.6,101.517,Chamber air (proxy),Parabolic dish solar cooker,0,https://data.mendeley.com/datasets/szp4hfdymy/1,
208,2017-10_Stagnation,821.62,32.96,107.1,101.148,Chamber air (proxy),Parabolic dish solar cooker,0,https://data.mendeley.com/datasets/szp4hfdymy/1,
209,2017-10_Stagnation,824.21,32.735,106.6,100.779,Chamber air (proxy),Parabolic dish solar cooker,0,https://data.mendeley.com/datasets/szp4hfdymy/1,
210,2017-10_Stagnation,826.8,32.51,106.1,100.41,Chamber air (proxy),Parabolic dish solar cooker,0,https://data.mendeley.com/datasets/szp4hfdymy/1,
211,2017-10_Stagnation,829.39,32.285,105.6,100.041,Chamber air (proxy),Parabolic dish solar cooker,0,https://data.mendeley.com/datasets/szp4hfdymy/1,
212,2017-10_Stagnation,831.98,32.06,105.1,99.672,Chamber air (proxy),Parabolic dish solar cooker,0,https://data.mendeley.com/datasets/szp4hfdymy/1,
213,2017-10_Stagnation,834.57,31.835,104.6,99.303,Chamber air (proxy),Parabolic dish solar cooker,0,https://data.mendeley.com/datasets/szp4hfdymy/1,
214,2017-10_Stagnation,837.16,31.61,104.1,98.934,Chamber air (proxy),Parabolic dish solar cooker,0,https://data.mendeley.com/datasets/szp4hfdymy/1,
215,2017-10_Stagnation,839.75,31.385,103.6,98.565,Chamber air (proxy),Parabolic dish solar cooker,0,https://data.mendeley.com/datasets/szp4hfdymy/1,
216,2017-10_Stagnation,842.34,31.16,103.1,98.196,Chamber air (proxy),Parabolic dish solar cooker,0,https://data.mendeley.com/datasets/szp4hfdymy/1,
217,2017-10_Stagnation,844.93,30.935,102.6,97.827,Chamber air (proxy),Parabolic dish solar cooker,0,https://data.mendeley.com/datasets/szp4hfdymy/1,
218,2017-10_Stagnation,847.52,30.71,102.1,97.458,Chamber air (proxy),Parabolic dish solar cooker,0,https://data.mendeley.com/datasets/szp4hfdymy/1,
219,2017-10_Stagnation,850.11,30.485,101.6,97.089,Chamber air (proxy),Parabolic dish solar cooker,0,https://data.mendeley.com/datasets/szp4hfdymy/1,
220,2017-10_Stagnation,852.7,30.26,101.1,96.72,Chamber air (proxy),Parabolic dish solar cooker,0,https://data.mendeley.com/datasets/szp4hfdymy/1,
221,2017-10_Stagnation,851.12,30.3,101.05,96.705,Chamber air (proxy),Parabolic dish solar cooker,0,https://data.mendeley.com/datasets/szp4hfdymy/1,
222,2017-10_Stagnation,849.54,30.34,101,96.69,Chamber air (proxy),Parabolic dish solar cooker,0,https://data.mendeley.com/datasets/szp4hfdymy/1,
223,2017-10_Stagnation,847.96,30.38,100.95,96.675,Chamber air (proxy),Parabolic dish solar cooker,0,https://data.mendeley.com/datasets/szp4hfdymy/1,
224,2017-10_Stagnation,846.38,30.42,100.9,96.66,Chamber air (proxy),Parabolic dish solar cooker,0,https://data.mendeley.com/datasets/szp4hfdymy/1,
225,2017-10_Stagnation,844.8,30.46,100.85,96.645,Chamber air (proxy),Parabolic dish solar cooker,0,https://data.mendeley.com/datasets/szp4hfdymy/1,
226,2017-10_Stagnation,843.22,30.5,100.8,96.63,Chamber air (proxy),Parabolic dish solar cooker,0,https://data.mendeley.com/datasets/szp4hfdymy/1,
227,2017-10_Stagnation,841.64,30.54,100.75,96.615,Chamber air (proxy),Parabolic dish solar cooker,0,https://data.mendeley.com/datasets/szp4hfdymy/1,
228,2017-10_Stagnation,840.06,30.58,100.7,96.6,Chamber air (proxy),Parabolic dish solar cooker,0,https://data.mendeley.com/datasets/szp4hfdymy/1,
229,2017-10_Stagnation,838.48,30.62,100.65,96.585,Chamber air (proxy),Parabolic dish solar cooker,0,https://data.mendeley.com/datasets/szp4hfdymy/1,
230,2017-10_Stagnation,836.9,30.66,100.6,96.57,Chamber air (proxy),Parabolic dish solar cooker,0,https://data.mendeley.com/datasets/szp4hfdymy/1,
231,2017-10_Stagnation,835.32,30.7,100.55,96.555,Chamber air (proxy),Parabolic dish solar cooker,0,https://data.mendeley.com/datasets/szp4hfdymy/1,
232,2017-10_Stagnation,833.74,30.74,100.5,96.54,Chamber air (proxy),Parabolic dish solar cooker,0,https://data.mendeley.com/datasets/szp4hfdymy/1,
233,2017-10_Stagnation,832.16,30.78,100.45,96.525,Chamber air (proxy),Parabolic dish solar cooker,0,https://data.mendeley.com/datasets/szp4hfdymy/1,
234,2017-10_Stagnation,830.58,30.82,100.4,96.51,Chamber air (proxy),Parabolic dish solar cooker,0,https://data.mendeley.com/datasets/szp4hfdymy/1,
235,2017-10_Stagnation,829,30.86,100.35,96.495,Chamber air (proxy),Parabolic dish solar cooker,0,https://data.mendeley.com/datasets/szp4hfdymy/1,
236,2017-10_Stagnation,827.42,30.9,100.3,96.48,Chamber air (proxy),Parabolic dish solar cooker,0,https://data.mendeley.com/datasets/szp4hfdymy/1,
237,2017-10_Stagnation,825.84,30.94,100.25,96.465,Chamber air (proxy),Parabolic dish solar cooker,0,https://data.mendeley.com/datasets/szp4hfdymy/1,
238,2017-10_Stagnation,824.26,30.98,100.2,96.45,Chamber air (proxy),Parabolic dish solar cooker,0,https://data.mendeley.com/datasets/szp4hfdymy/1,
239,2017-10_Stagnation,822.68,31.02,100.15,96.435,Chamber air (proxy),Parabolic dish solar cooker,0,https://data.mendeley.com/datasets/szp4hfdymy/1,
240,2017-10_Stagnation,821.1,31.06,100.1,96.42,Chamber air (proxy),Parabolic dish solar cooker,0,https://data.mendeley.com/datasets/szp4hfdymy/1,
241,2017-10_Stagnation,822.36,30.905,100.03,96.435,Chamber air (proxy),Parabolic dish solar cooker,0,https://data.mendeley.com/datasets/szp4hfdymy/1,
242,2017-10_Stagnation,823.62,30.75,99.96,96.45,Chamber air (proxy),Parabolic dish solar cooker,0,https://data.mendeley.com/datasets/szp4hfdymy/1,
243,2017-10_Stagnation,824.88,30.595,99.89,96.465,Chamber air (proxy),Parabolic dish solar cooker,0,https://data.mendeley.com/datasets/szp4hfdymy/1,
244,2017-10_Stagnation,826.14,30.44,99.82,96.48,Chamber air (proxy),Parabolic dish solar cooker,0,https://data.mendeley.com/datasets/szp4hfdymy/1,
245,2017-10_Stagnation,827.4,30.285,99.75,96.495,Chamber air (proxy),Parabolic dish solar cooker,0,https://data.mendeley.com/datasets/szp4hfdymy/1,
246,2017-10_Stagnation,828.66,30.13,99.68,96.51,Chamber air (proxy),Parabolic dish solar cooker,0,https://data.mendeley.com/datasets/szp4hfdymy/1,
247,2017-10_Stagnation,829.92,29.975,99.61,96.525,Chamber air (proxy),Parabolic dish solar cooker,0,https://data.mendeley.com/datasets/szp4hfdymy/1,
248,2017-10_Stagnation,831.18,29.82,99.54,96.54,Chamber air (proxy),Parabolic dish solar cooker,0,https://data.mendeley.com/datasets/szp4hfdymy/1,
249,2017-10_Stagnation,832.44,29.665,99.47,96.555,Chamber air (proxy),Parabolic dish solar cooker,0,https://data.mendeley.com/datasets/szp4hfdymy/1,
250,2017-10_Stagnation,833.7,29.51,99.4,96.57,Chamber air (proxy),Parabolic dish solar cooker,0,https://data.mendeley.com/datasets/szp4hfdymy/1,
251,2017-10_Stagnation,834.96,29.355,99.33,96.585,Chamber air (proxy),Parabolic dish solar cooker,0,https://data.mendeley.com/datasets/szp4hfdymy/1,
252,2017-10_Stagnation,836.22,29.2,99.26,96.6,Chamber air (proxy),Parabolic dish solar cooker,0,https://data.mendeley.com/datasets/szp4hfdymy/1,
253,2017-10_Stagnation,837.48,29.045,99.19,96.615,Chamber air (proxy),Parabolic dish solar cooker,0,https://data.mendeley.com/datasets/szp4hfdymy/1,
254,2017-10_Stagnation,838.74,28.89,99.12,96.63,Chamber air (proxy),Parabolic dish solar cooker,0,https://data.mendeley.com/datasets/szp4hfdymy/1,
255,2017-10_Stagnation,840,28.735,99.05,96.645,Chamber air (proxy),Parabolic dish solar cooker,0,https://data.mendeley.com/datasets/szp4hfdymy/1,
256,2017-10_Stagnation,841.26,28.58,98.98,96.66,Chamber air (proxy),Parabolic dish solar cooker,0,https://data.mendeley.com/datasets/szp4hfdymy/1,
257,2017-10_Stagnation,842.52,28.425,98.91,96.675,Chamber air (proxy),Parabolic dish solar cooker,0,https://data.mendeley.com/datasets/szp4hfdymy/1,
258,2017-10_Stagnation,843.78,28.27,98.84,96.69,Chamber air (proxy),Parabolic dish solar cooker,0,https://data.mendeley.com/datasets/szp4hfdymy/1,
259,2017-10_Stagnation,845.04,28.115,98.77,96.705,Chamber air (proxy),Parabolic dish solar cooker,0,https://data.mendeley.com/datasets/szp4hfdymy/1,
260,2017-10_Stagnation,846.3,27.96,98.7,96.72,Chamber air (proxy),Parabolic dish solar cooker,0,https://data.mendeley.com/datasets/szp4hfdymy/1,
261,2017-10_Stagnation,841.02,28.075,98.765,96.62,Chamber air (proxy),Parabolic dish solar cooker,0,https://data.mendeley.com/datasets/szp4hfdymy/1,
262,2017-10_Stagnation,835.74,28.19,98.83,96.52,Chamber air (proxy),Parabolic dish solar cooker,0,https://data.mendeley.com/datasets/szp4hfdymy/1,
263,2017-10_Stagnation,830.46,28.305,98.895,96.42,Chamber air (proxy),Parabolic dish solar cooker,0,https://data.mendeley.com/datasets/szp4hfdymy/1,
264,2017-10_Stagnation,825.18,28.42,98.96,96.32,Chamber air (proxy),Parabolic dish solar cooker,0,https://data.mendeley.com/datasets/szp4hfdymy/1,
265,2017-10_Stagnation,819.9,28.535,99.025,96.22,Chamber air (proxy),Parabolic dish solar cooker,0,https://data.mendeley.com/datasets/szp4hfdymy/1,
266,2017-10_Stagnation,814.62,28.65,99.09,96.12,Chamber air (proxy),Parabolic dish solar cooker,0,https://data.mendeley.com/datasets/szp4hfdymy/1,
267,2017-10_Stagnation,809.34,28.765,99.155,96.02,Chamber air (proxy),Parabolic dish solar cooker,0,https://data.mendeley.com/datasets/szp4hfdymy/1,
268,2017-10_Stagnation,804.06,28.88,99.22,95.92,Chamber air (proxy),Parabolic dish solar cooker,0,https://data.mendeley.com/datasets/szp4hfdymy/1,
269,2017-10_Stagnation,798.78,28.995,99.285,95.82,Chamber air (proxy),Parabolic dish solar cooker,0,https://data.mendeley.com/datasets/szp4hfdymy/1,
270,2017-10_Stagnation,793.5,29.11,99.35,95.72,Chamber air (proxy),Parabolic dish solar cooker,0,https://data.mendeley.com/datasets/szp4hfdymy/1,
271,2017-10_Stagnation,788.22,29.225,99.415,95.62,Chamber air (proxy),Parabolic dish solar cooker,0,https://data.mendeley.com/datasets/szp4hfdymy/1,
272,2017-10_Stagnation,782.94,29.34,99.48,95.52,Chamber air (proxy),Parabolic dish solar cooker,0,https://data.mendeley.com/datasets/szp4hfdymy/1,
273,2017-10_Stagnation,777.66,29.455,99.545,95.42,Chamber air (proxy),Parabolic dish solar cooker,0,https://data.mendeley.com/datasets/szp4hfdymy/1,
274,2017-10_Stagnation,772.38,29.57,99.61,95.32,Chamber air (proxy),Parabolic dish solar cooker,0,https://data.mendeley.com/datasets/szp4hfdymy/1,
275,2017-10_Stagnation,767.1,29.685,99.675,95.22,Chamber air (proxy),Parabolic dish solar cooker,0,https://data.mendeley.com/datasets/szp4hfdymy/1,
276,2017-10_Stagnation,761.82,29.8,99.74,95.12,Chamber air (proxy),Parabolic dish solar cooker,0,https://data.mendeley.com/datasets/szp4hfdymy/1,
277,2017-10_Stagnation,756.54,29.915,99.805,95.02,Chamber air (proxy),Parabolic dish solar cooker,0,https://data.mendeley.com/datasets/szp4hfdymy/1,
278,2017-10_Stagnation,751.26,30.03,99.87,94.92,Chamber air (proxy),Parabolic dish solar cooker,0,https://data.mendeley.com/datasets/szp4hfdymy/1,
279,2017-10_Stagnation,745.98,30.145,99.935,94.82,Chamber air (proxy),Parabolic dish solar cooker,0,https://data.mendeley.com/datasets/szp4hfdymy/1,
280,2017-10_Stagnation,740.7,30.26,100,94.72,Chamber air (proxy),Parabolic dish solar cooker,0,https://data.mendeley.com/datasets/szp4hfdymy/1,
281,2017-10_Stagnation,744.7,30.167,99.735,94.64,Chamber air (proxy),Parabolic dish solar cooker,0,https://data.mendeley.com/datasets/szp4hfdymy/1,
282,2017-10_Stagnation,748.7,30.074,99.47,94.56,Chamber air (proxy),Parabolic dish solar cooker,0,https://data.mendeley.com/datasets/szp4hfdymy/1,
283,2017-10_Stagnation,752.7,29.981,99.205,94.48,Chamber air (proxy),Parabolic dish solar cooker,0,https://data.mendeley.com/datasets/szp4hfdymy/1,
284,2017-10_Stagnation,756.7,29.888,98.94,94.4,Chamber air (proxy),Parabolic dish solar cooker,0,https://data.mendeley.com/datasets/szp4hfdymy/1,
285,2017-10_Stagnation,760.7,29.795,98.675,94.32,Chamber air (proxy),Parabolic dish solar cooker,0,https://data.mendeley.com/datasets/szp4hfdymy/1,
286,2017-10_Stagnation,764.7,29.702,98.41,94.24,Chamber air (proxy),Parabolic dish solar cooker,0,https://data.mendeley.com/datasets/szp4hfdymy/1,
287,2017-10_Stagnation,768.7,29.609,98.145,94.16,Chamber air (proxy),Parabolic dish solar cooker,0,https://data.mendeley.com/datasets/szp4hfdymy/1,
288,2017-10_Stagnation,772.7,29.516,97.88,94.08,Chamber air (proxy),Parabolic dish solar cooker,0,https://data.mendeley.com/datasets/szp4hfdymy/1,
289,2017-10_Stagnation,776.7,29.423,97.615,94,Chamber air (proxy),Parabolic dish solar cooker,0,https://data.mendeley.com/datasets/szp4hfdymy/1,
290,2017-10_Stagnation,780.7,29.33,97.35,93.92,Chamber air (proxy),Parabolic dish solar cooker,0,https://data.mendeley.com/datasets/szp4hfdymy/1,
291,2017-10_Stagnation,784.7,29.237,97.085,93.84,Chamber air (proxy),Parabolic dish solar cooker,0,https://data.mendeley.com/datasets/szp4hfdymy/1,
292,2017-10_Stagnation,788.7,29.144,96.82,93.76,Chamber air (proxy),Parabolic dish solar cooker,0,https://data.mendeley.com/datasets/szp4hfdymy/1,
293,2017-10_Stagnation,792.7,29.051,96.555,93.68,Chamber air (proxy),Parabolic dish solar cooker,0,https://data.mendeley.com/datasets/szp4hfdymy/1,
294,2017-10_Stagnation,796.7,28.958,96.29,93.6,Chamber air (proxy),Parabolic dish solar cooker,0,https://data.mendeley.com/datasets/szp4hfdymy/1,
295,2017-10_Stagnation,800.7,28.865,96.025,93.52,Chamber air (proxy),Parabolic dish solar cooker,0,https://data.mendeley.com/datasets/szp4hfdymy/1,
296,2017-10_Stagnation,804.7,28.772,95.76,93.44,Chamber air (proxy),Parabolic dish solar cooker,0,https://data.mendeley.com/datasets/szp4hfdymy/1,
297,2017-10_Stagnation,808.7,28.679,95.495,93.36,Chamber air (proxy),Parabolic dish solar cooker,0,https://data.mendeley.com/datasets/szp4hfdymy/1,
298,2017-10_Stagnation,812.7,28.586,95.23,93.28,Chamber air (proxy),Parabolic dish solar cooker,0,https://data.mendeley.com/datasets/szp4hfdymy/1,
299,2017-10_Stagnation,816.7,28.493,94.965,93.2,Chamber air (proxy),Parabolic dish solar cooker,0,https://data.mendeley.com/datasets/szp4hfdymy/1,
300,2017-10_Stagnation,820.7,28.4,94.7,93.12,Chamber air (proxy),Parabolic dish solar cooker,0,https://data.mendeley.com/datasets/szp4hfdymy/1,
301,2017-10_Stagnation,819.21,28.21,95.02,93.3695,Chamber air (proxy),Parabolic dish solar cooker,0,https://data.mendeley.com/datasets/szp4hfdymy/1,
302,2017-10_Stagnation,817.72,28.02,95.34,93.619,Chamber air (proxy),Parabolic dish solar cooker,0,https://data.mendeley.com/datasets/szp4hfdymy/1,
303,2017-10_Stagnation,816.23,27.83,95.66,93.8685,Chamber air (proxy),Parabolic dish solar cooker,0,https://data.mendeley.com/datasets/szp4hfdymy/1,
304,2017-10_Stagnation,814.74,27.64,95.98,94.118,Chamber air (proxy),Parabolic dish solar cooker,0,https://data.mendeley.com/datasets/szp4hfdymy/1,
305,2017-10_Stagnation,813.25,27.45,96.3,94.3675,Chamber air (proxy),Parabolic dish solar cooker,0,https://data.mendeley.com/datasets/szp4hfdymy/1,
306,2017-10_Stagnation,811.76,27.26,96.62,94.617,Chamber air (proxy),Parabolic dish solar cooker,0,https://data.mendeley.com/datasets/szp4hfdymy/1,
307,2017-10_Stagnation,810.27,27.07,96.94,94.8665,Chamber air (proxy),Parabolic dish solar cooker,0,https://data.mendeley.com/datasets/szp4hfdymy/1,
308,2017-10_Stagnation,808.78,26.88,97.26,95.116,Chamber air (proxy),Parabolic dish solar cooker,0,https://data.mendeley.com/datasets/szp4hfdymy/1,
309,2017-10_Stagnation,807.29,26.69,97.58,95.3655,Chamber air (proxy),Parabolic dish solar cooker,0,https://data.mendeley.com/datasets/szp4hfdymy/1,
310,2017-10_Stagnation,805.8,26.5,97.9,95.615,Chamber air (proxy),Parabolic dish solar cooker,0,https://data.mendeley.com/datasets/szp4hfdymy/1,
311,2017-10_Stagnation,804.31,26.31,98.22,95.8645,Chamber air (proxy),Parabolic dish solar cooker,0,https://data.mendeley.com/datasets/szp4hfdymy/1,
312,2017-10_Stagnation,802.82,26.12,98.54,96.114,Chamber air (proxy),Parabolic dish solar cooker,0,https://data.mendeley.com/datasets/szp4hfdymy/1,
313,2017-10_Stagnation,801.33,25.93,98.86,96.3635,Chamber air (proxy),Parabolic dish solar cooker,0,https://data.mendeley.com/datasets/szp4hfdymy/1,
314,2017-10_Stagnation,799.84,25.74,99.18,96.613,Chamber air (proxy),Parabolic dish solar cooker,0,https://data.mendeley.com/datasets/szp4hfdymy/1,
315,2017-10_Stagnation,798.35,25.55,99.5,96.8625,Chamber air (proxy),Parabolic dish solar cooker,0,https://data.mendeley.com/datasets/szp4hfdymy/1,
316,2017-10_Stagnation,796.86,25.36,99.82,97.112,Chamber air (proxy),Parabolic dish solar cooker,0,https://data.mendeley.com/datasets/szp4hfdymy/1,
317,2017-10_Stagnation,795.37,25.17,100.14,97.3615,Chamber air (proxy),Parabolic dish solar cooker,0,https://data.mendeley.com/datasets/szp4hfdymy/1,
318,2017-10_Stagnation,793.88,24.98,100.46,97.611,Chamber air (proxy),Parabolic dish solar cooker,0,https://data.mendeley.com/datasets/szp4hfdymy/1,
319,2017-10_Stagnation,792.39,24.79,100.78,97.8605,Chamber air (proxy),Parabolic dish solar cooker,0,https://data.mendeley.com/datasets/szp4hfdymy/1,
320,2017-10_Stagnation,790.9,24.6,101.1,98.11,Chamber air (proxy),Parabolic dish solar cooker,0,https://data.mendeley.com/datasets/szp4hfdymy/1,
321,2017-10_Stagnation,793.375,24.755,100.94,97.9005,Chamber air (proxy),Parabolic dish solar cooker,0,https://data.mendeley.com/datasets/szp4hfdymy/1,
322,2017-10_Stagnation,795.85,24.91,100.78,97.691,Chamber air (proxy),Parabolic dish solar cooker,0,https://data.mendeley.com/datasets/szp4hfdymy/1,
323,2017-10_Stagnation,798.325,25.065,100.62,97.4815,Chamber air (proxy),Parabolic dish solar cooker,0,https://data.mendeley.com/datasets/szp4hfdymy/1,
324,2017-10_Stagnation,800.8,25.22,100.46,97.272,Chamber air (proxy),Parabolic dish solar cooker,0,https://data.mendeley.com/datasets/szp4hfdymy/1,
325,2017-10_Stagnation,803.275,25.375,100.3,97.0625,Chamber air (proxy),Parabolic dish solar cooker,0,https://data.mendeley.com/datasets/szp4hfdymy/1,
326,2017-10_Stagnation,805.75,25.53,100.14,96.853,Chamber air (proxy),Parabolic dish solar cooker,0,https://data.mendeley.com/datasets/szp4hfdymy/1,
327,2017-10_Stagnation,808.225,25.685,99.98,96.6435,Chamber air (proxy),Parabolic dish solar cooker,0,https://data.mendeley.com/datasets/szp4hfdymy/1,
328,2017-10_Stagnation,810.7,25.84,99.82,96.434,Chamber air (proxy),Parabolic dish solar cooker,0,https://data.mendeley.com/datasets/szp4hfdymy/1,
329,2017-10_Stagnation,813.175,25.995,99.66,96.2245,Chamber air (proxy),Parabolic dish solar cooker,0,https://data.mendeley.com/datasets/szp4hfdymy/1,
330,2017-10_Stagnation,815.65,26.15,99.5,96.015,Chamber air (proxy),Parabolic dish solar cooker,0,https://data.mendeley.com/datasets/szp4hfdymy/1,
331,2017-10_Stagnation,818.125,26.305,99.34,95.8055,Chamber air (proxy),Parabolic dish solar cooker,0,https://data.mendeley.com/datasets/szp4hfdymy/1,
332,2017-10_Stagnation,820.6,26.46,99.18,95.596,Chamber air (proxy),Parabolic dish solar cooker,0,https://data.mendeley.com/datasets/szp4hfdymy/1,
333,2017-10_Stagnation,823.075,26.615,99.02,95.3865,Chamber air (proxy),Parabolic dish solar cooker,0,https://data.mendeley.com/datasets/szp4hfdymy/1,
334,2017-10_Stagnation,825.55,26.77,98.86,95.177,Chamber air (proxy),Parabolic dish solar cooker,0,https://data.mendeley.com/datasets/szp4hfdymy/1,
335,2017-10_Stagnation,828.025,26.925,98.7,94.9675,Chamber air (proxy),Parabolic dish solar cooker,0,https://data.mendeley.com/datasets/szp4hfdymy/1,
336,2017-10_Stagnation,830.5,27.08,98.54,94.758,Chamber air (proxy),Parabolic dish solar cooker,0,https://data.mendeley.com/datasets/szp4hfdymy/1,
337,2017-10_Stagnation,832.975,27.235,98.38,94.5485,Chamber air (proxy),Parabolic dish solar cooker,0,https://data.mendeley.com/datasets/szp4hfdymy/1,
338,2017-10_Stagnation,835.45,27.39,98.22,94.339,Chamber air (proxy),Parabolic dish solar cooker,0,https://data.mendeley.com/datasets/szp4hfdymy/1,
339,2017-10_Stagnation,837.925,27.545,98.06,94.1295,Chamber air (proxy),Parabolic dish solar cooker,0,https://data.mendeley.com/datasets/szp4hfdymy/1,
340,2017-10_Stagnation,840.4,27.7,97.9,93.92,Chamber air (proxy),Parabolic dish solar cooker,0,https://data.mendeley.com/datasets/szp4hfdymy/1,
341,2017-10_Stagnation,836.1245,27.705,97.58,93.435,Chamber air (proxy),Parabolic dish solar cooker,0,https://data.mendeley.com/datasets/szp4hfdymy/1,
342,2017-10_Stagnation,831.849,27.71,97.26,92.95,Chamber air (proxy),Parabolic dish solar cooker,0,https://data.mendeley.com/datasets/szp4hfdymy/1,
343,2017-10_Stagnation,827.5735,27.715,96.94,92.465,Chamber air (proxy),Parabolic dish solar cooker,0,https://data.mendeley.com/datasets/szp4hfdymy/1,
344,2017-10_Stagnation,823.298,27.72,96.62,91.98,Chamber air (proxy),Parabolic dish solar cooker,0,https://data.mendeley.com/datasets/szp4hfdymy/1,
345,2017-10_Stagnation,819.0225,27.725,96.3,91.495,Chamber air (proxy),Parabolic dish solar cooker,0,https://data.mendeley.com/datasets/szp4hfdymy/1,
346,2017-10_Stagnation,814.747,27.73,95.98,91.01,Chamber air (proxy),Parabolic dish solar cooker,0,https://data.mendeley.com/datasets/szp4hfdymy/1,
347,2017-10_Stagnation,810.4715,27.735,95.66,90.525,Chamber air (proxy),Parabolic dish solar cooker,0,https://data.mendeley.com/datasets/szp4hfdymy/1,
348,2017-10_Stagnation,806.196,27.74,95.34,90.04,Chamber air (proxy),Parabolic dish solar cooker,0,https://data.mendeley.com/datasets/szp4hfdymy/1,
349,2017-10_Stagnation,801.9205,27.745,95.02,89.555,Chamber air (proxy),Parabolic dish solar cooker,0,https://data.mendeley.com/datasets/szp4hfdymy/1,
350,2017-10_Stagnation,797.645,27.75,94.7,89.07,Chamber air (proxy),Parabolic dish solar cooker,0,https://data.mendeley.com/datasets/szp4hfdymy/1,
351,2017-10_Stagnation,793.3695,27.755,94.38,88.585,Chamber air (proxy),Parabolic dish solar cooker,0,https://data.mendeley.com/datasets/szp4hfdymy/1,
352,2017-10_Stagnation,789.094,27.76,94.06,88.1,Chamber air (proxy),Parabolic dish solar cooker,0,https://data.mendeley.com/datasets/szp4hfdymy/1,
353,2017-10_Stagnation,784.8185,27.765,93.74,87.615,Chamber air (proxy),Parabolic dish solar cooker,0,https://data.mendeley.com/datasets/szp4hfdymy/1,
354,2017-10_Stagnation,780.543,27.77,93.42,87.13,Chamber air (proxy),Parabolic dish solar cooker,0,https://data.mendeley.com/datasets/szp4hfdymy/1,
355,2017-10_Stagnation,776.2675,27.775,93.1,86.645,Chamber air (proxy),Parabolic dish solar cooker,0,https://data.mendeley.com/datasets/szp4hfdymy/1,
356,2017-10_Stagnation,771.992,27.78,92.78,86.16,Chamber air (proxy),Parabolic dish solar cooker,0,https://data.mendeley.com/datasets/szp4hfdymy/1,
357,2017-10_Stagnation,767.7165,27.785,92.46,85.675,Chamber air (proxy),Parabolic dish solar cooker,0,https://data.mendeley.com/datasets/szp4hfdymy/1,
358,2017-10_Stagnation,763.441,27.79,92.14,85.19,Chamber air (proxy),Parabolic dish solar cooker,0,https://data.mendeley.com/datasets/szp4hfdymy/1,
359,2017-10_Stagnation,759.1655,27.795,91.82,84.705,Chamber air (proxy),Parabolic dish solar cooker,0,https://data.mendeley.com/datasets/szp4hfdymy/1,
360,2017-10_Stagnation,754.89,27.8,91.5,84.22,Chamber air (proxy),Parabolic dish solar cooker,0,https://data.mendeley.com/datasets/szp4hfdymy/1,
361,2017-10_Stagnation,748.7605,27.705,90.895,84.045,Chamber air (proxy),Parabolic dish solar cooker,0,https://data.mendeley.com/datasets/szp4hfdymy/1,
362,2017-10_Stagnation,742.631,27.61,90.29,83.87,Chamber air (proxy),Parabolic dish solar cooker,0,https://data.mendeley.com/datasets/szp4hfdymy/1,
363,2017-10_Stagnation,736.5015,27.515,89.685,83.695,Chamber air (proxy),Parabolic dish solar cooker,0,https://data.mendeley.com/datasets/szp4hfdymy/1,
364,2017-10_Stagnation,730.372,27.42,89.08,83.52,Chamber air (proxy),Parabolic dish solar cooker,0,https://data.mendeley.com/datasets/szp4hfdymy/1,
365,2017-10_Stagnation,724.2425,27.325,88.475,83.345,Chamber air (proxy),Parabolic dish solar cooker,0,https://data.mendeley.com/datasets/szp4hfdymy/1,
366,2017-10_Stagnation,718.113,27.23,87.87,83.17,Chamber air (proxy),Parabolic dish solar cooker,0,https://data.mendeley.com/datasets/szp4hfdymy/1,
367,2017-10_Stagnation,711.9835,27.135,87.265,82.995,Chamber air (proxy),Parabolic dish solar cooker,0,https://data.mendeley.com/datasets/szp4hfdymy/1,
368,2017-10_Stagnation,705.854,27.04,86.66,82.82,Chamber air (proxy),Parabolic dish solar cooker,0,https://data.mendeley.com/datasets/szp4hfdymy/1,
369,2017-10_Stagnation,699.7245,26.945,86.055,82.645,Chamber air (proxy),Parabolic dish solar cooker,0,https://data.mendeley.com/datasets/szp4hfdymy/1,
370,2017-10_Stagnation,693.595,26.85,85.45,82.47,Chamber air (proxy),Parabolic dish solar cooker,0,https://data.mendeley.com/datasets/szp4hfdymy/1,
371,2017-10_Stagnation,687.4655,26.755,84.845,82.295,Chamber air (proxy),Parabolic dish solar cooker,0,https://data.mendeley.com/datasets/szp4hfdymy/1,
372,2017-10_Stagnation,681.336,26.66,84.24,82.12,Chamber air (proxy),Parabolic dish solar cooker,0,https://data.mendeley.com/datasets/szp4hfdymy/1,
373,2017-10_Stagnation,675.2065,26.565,83.635,81.945,Chamber air (proxy),Parabolic dish solar cooker,0,https://data.mendeley.com/datasets/szp4hfdymy/1,
374,2017-10_Stagnation,669.077,26.47,83.03,81.77,Chamber air (proxy),Parabolic dish solar cooker,0,https://data.mendeley.com/datasets/szp4hfdymy/1,
375,2017-10_Stagnation,662.9475,26.375,82.425,81.595,Chamber air (proxy),Parabolic dish solar cooker,0,https://data.mendeley.com/datasets/szp4hfdymy/1,
376,2017-10_Stagnation,656.818,26.28,81.82,81.42,Chamber air (proxy),Parabolic dish solar cooker,0,https://data.mendeley.com/datasets/szp4hfdymy/1,
377,2017-10_Stagnation,650.6885,26.185,81.215,81.245,Chamber air (proxy),Parabolic dish solar cooker,0,https://data.mendeley.com/datasets/szp4hfdymy/1,
378,2017-10_Stagnation,644.559,26.09,80.61,81.07,Chamber air (proxy),Parabolic dish solar cooker,0,https://data.mendeley.com/datasets/szp4hfdymy/1,
379,2017-10_Stagnation,638.4295,25.995,80.005,80.895,Chamber air (proxy),Parabolic dish solar cooker,0,https://data.mendeley.com/datasets/szp4hfdymy/1,
380,2017-10_Stagnation,632.3,25.9,79.4,80.72,Chamber air (proxy),Parabolic dish solar cooker,0,https://data.mendeley.com/datasets/szp4hfdymy/1,
381,2017-10_Stagnation,633.12,25.835,78.475,80.12,Chamber air (proxy),Parabolic dish solar cooker,0,https://data.mendeley.com/datasets/szp4hfdymy/1,
382,2017-10_Stagnation,633.94,25.77,77.55,79.52,Chamber air (proxy),Parabolic dish solar cooker,0,https://data.mendeley.com/datasets/szp4hfdymy/1,
383,2017-10_Stagnation,634.76,25.705,76.625,78.92,Chamber air (proxy),Parabolic dish solar cooker,0,https://data.mendeley.com/datasets/szp4hfdymy/1,
384,2017-10_Stagnation,635.58,25.64,75.7,78.32,Chamber air (proxy),Parabolic dish solar cooker,0,https://data.mendeley.com/datasets/szp4hfdymy/1,
385,2017-10_Stagnation,636.4,25.575,74.775,77.72,Chamber air (proxy),Parabolic dish solar cooker,0,https://data.mendeley.com/datasets/szp4hfdymy/1,
386,2017-10_Stagnation,637.22,25.51,73.85,77.12,Chamber air (proxy),Parabolic dish solar cooker,0,https://data.mendeley.com/datasets/szp4hfdymy/1,
387,2017-10_Stagnation,638.04,25.445,72.925,76.52,Chamber air (proxy),Parabolic dish solar cooker,0,https://data.mendeley.com/datasets/szp4hfdymy/1,
388,2017-10_Stagnation,638.86,25.38,72,75.92,Chamber air (proxy),Parabolic dish solar cooker,0,https://data.mendeley.com/datasets/szp4hfdymy/1,
389,2017-10_Stagnation,639.68,25.315,71.075,75.32,Chamber air (proxy),Parabolic dish solar cooker,0,https://data.mendeley.com/datasets/szp4hfdymy/1,
390,2017-10_Stagnation,640.5,25.25,70.15,74.72,Chamber air (proxy),Parabolic dish solar cooker,0,https://data.mendeley.com/datasets/szp4hfdymy/1,
391,2017-10_Stagnation,641.32,25.185,69.225,74.12,Chamber air (proxy),Parabolic dish solar cooker,0,https://data.mendeley.com/datasets/szp4hfdymy/1,
392,2017-10_Stagnation,642.14,25.12,68.3,73.52,Chamber air (proxy),Parabolic dish solar cooker,0,https://data.mendeley.com/datasets/szp4hfdymy/1,
393,2017-10_Stagnation,642.96,25.055,67.375,72.92,Chamber air (proxy),Parabolic dish solar cooker,0,https://data.mendeley.com/datasets/szp4hfdymy/1,
394,2017-10_Stagnation,643.78,24.99,66.45,72.32,Chamber air (proxy),Parabolic dish solar cooker,0,https://data.mendeley.com/datasets/szp4hfdymy/1,
395,2017-10_Stagnation,644.6,24.925,65.525,71.72,Chamber air (proxy),Parabolic dish solar cooker,0,https://data.mendeley.com/datasets/szp4hfdymy/1,
396,2017-10_Stagnation,645.42,24.86,64.6,71.12,Chamber air (proxy),Parabolic dish solar cooker,0,https://data.mendeley.com/datasets/szp4hfdymy/1,
397,2017-10_Stagnation,646.24,24.795,63.675,70.52,Chamber air (proxy),Parabolic dish solar cooker,0,https://data.mendeley.com/datasets/szp4hfdymy/1,
398,2017-10_Stagnation,647.06,24.73,62.75,69.92,Chamber air (proxy),Parabolic dish solar cooker,0,https://data.mendeley.com/datasets/szp4hfdymy/1,
399,2017-10_Stagnation,647.88,24.665,61.825,69.32,Chamber air (proxy),Parabolic dish solar cooker,0,https://data.mendeley.com/datasets/szp4hfdymy/1,
400,2017-10_Stagnation,648.7,24.6,60.9,68.72,Chamber air (proxy),Parabolic dish solar cooker,0,https://data.mendeley.com/datasets/szp4hfdymy/1,
401,2017-10_Stagnation,643.265,24.575,60.42,68.1235,Chamber air (proxy),Parabolic dish solar cooker,0,https://data.mendeley.com/datasets/szp4hfdymy/1,
402,2017-10_Stagnation,637.83,24.55,59.94,67.527,Chamber air (proxy),Parabolic dish solar cooker,0,https://data.mendeley.com/datasets/szp4hfdymy/1,
403,2017-10_Stagnation,632.395,24.525,59.46,66.9305,Chamber air (proxy),Parabolic dish solar cooker,0,https://data.mendeley.com/datasets/szp4hfdymy/1,
404,2017-10_Stagnation,626.96,24.5,58.98,66.334,Chamber air (proxy),Parabolic dish solar cooker,0,https://data.mendeley.com/datasets/szp4hfdymy/1,
405,2017-10_Stagnation,621.525,24.475,58.5,65.7375,Chamber air (proxy),Parabolic dish solar cooker,0,https://data.mendeley.com/datasets/szp4hfdymy/1,
406,2017-10_Stagnation,616.09,24.45,58.02,65.141,Chamber air (proxy),Parabolic dish solar cooker,0,https://data.mendeley.com/datasets/szp4hfdymy/1,
407,2017-10_Stagnation,610.655,24.425,57.54,64.5445,Chamber air (proxy),Parabolic dish solar cooker,0,https://data.mendeley.com/datasets/szp4hfdymy/1,
408,2017-10_Stagnation,605.22,24.4,57.06,63.948,Chamber air (proxy),Parabolic dish solar cooker,0,https://data.mendeley.com/datasets/szp4hfdymy/1,
409,2017-10_Stagnation,599.785,24.375,56.58,63.3515,Chamber air (proxy),Parabolic dish solar cooker,0,https://data.mendeley.com/datasets/szp4hfdymy/1,
410,2017-10_Stagnation,594.35,24.35,56.1,62.755,Chamber air (proxy),Parabolic dish solar cooker,0,https://data.mendeley.com/datasets/szp4hfdymy/1,
411,2017-10_Stagnation,588.915,24.325,55.62,62.1585,Chamber air (proxy),Parabolic dish solar cooker,0,https://data.mendeley.com/datasets/szp4hfdymy/1,
412,2017-10_Stagnation,583.48,24.3,55.14,61.562,Chamber air (proxy),Parabolic dish solar cooker,0,https://data.mendeley.com/datasets/szp4hfdymy/1,
413,2017-10_Stagnation,578.045,24.275,54.66,60.9655,Chamber air (proxy),Parabolic dish solar cooker,0,https://data.mendeley.com/datasets/szp4hfdymy/1,
414,2017-10_Stagnation,572.61,24.25,54.18,60.369,Chamber air (proxy),Parabolic dish solar cooker,0,https://data.mendeley.com/datasets/szp4hfdymy/1,
415,2017-10_Stagnation,567.175,24.225,53.7,59.7725,Chamber air (proxy),Parabolic dish solar cooker,0,https://data.mendeley.com/datasets/szp4hfdymy/1,
416,2017-10_Stagnation,561.74,24.2,53.22,59.176,Chamber air (proxy),Parabolic dish solar cooker,0,https://data.mendeley.com/datasets/szp4hfdymy/1,
417,2017-10_Stagnation,556.305,24.175,52.74,58.5795,Chamber air (proxy),Parabolic dish solar cooker,0,https://data.mendeley.com/datasets/szp4hfdymy/1,
418,2017-10_Stagnation,550.87,24.15,52.26,57.983,Chamber air (proxy),Parabolic dish solar cooker,0,https://data.mendeley.com/datasets/szp4hfdymy/1,
419,2017-10_Stagnation,545.435,24.125,51.78,57.3865,Chamber air (proxy),Parabolic dish solar cooker,0,https://data.mendeley.com/datasets/szp4hfdymy/1,
420,2017-10_Stagnation,540,24.1,51.3,56.79,Chamber air (proxy),Parabolic dish solar cooker,0,https://data.mendeley.com/datasets/szp4hfdymy/1,
0,2017-11_Sensible,254.5,24.2,29.5,26,Water,Parabolic dish solar cooker,0.5,https://data.mendeley.com/datasets/szp4hfdymy/1,
1,2017-11_Sensible,255.795,24.34,30.275,26.525,Water,Parabolic dish solar cooker,0.5,https://data.mendeley.com/datasets/szp4hfdymy/1,
2,2017-11_Sensible,257.09,24.48,31.05,27.05,Water,Parabolic dish solar cooker,0.5,https://data.mendeley.com/datasets/szp4hfdymy/1,
3,2017-11_Sensible,258.385,24.62,31.825,27.575,Water,Parabolic dish solar cooker,0.5,https://data.mendeley.com/datasets/szp4hfdymy/1,
4,2017-11_Sensible,259.68,24.76,32.6,28.1,Water,Parabolic dish solar cooker,0.5,https://data.mendeley.com/datasets/szp4hfdymy/1,
5,2017-11_Sensible,260.975,24.9,33.375,28.625,Water,Parabolic dish solar cooker,0.5,https://data.mendeley.com/datasets/szp4hfdymy/1,
6,2017-11_Sensible,262.27,25.04,34.15,29.15,Water,Parabolic dish solar cooker,0.5,https://data.mendeley.com/datasets/szp4hfdymy/1,
7,2017-11_Sensible,263.565,25.18,34.925,29.675,Water,Parabolic dish solar cooker,0.5,https://data.mendeley.com/datasets/szp4hfdymy/1,
8,2017-11_Sensible,264.86,25.32,35.7,30.2,Water,Parabolic dish solar cooker,0.5,https://data.mendeley.com/datasets/szp4hfdymy/1,
9,2017-11_Sensible,266.155,25.46,36.475,30.725,Water,Parabolic dish solar cooker,0.5,https://data.mendeley.com/datasets/szp4hfdymy/1,
10,2017-11_Sensible,267.45,25.6,37.25,31.25,Water,Parabolic dish solar cooker,0.5,https://data.mendeley.com/datasets/szp4hfdymy/1,
11,2017-11_Sensible,268.745,25.74,38.025,31.775,Water,Parabolic dish solar cooker,0.5,https://data.mendeley.com/datasets/szp4hfdymy/1,
12,2017-11_Sensible,270.04,25.88,38.8,32.3,Water,Parabolic dish solar cooker,0.5,https://data.mendeley.com/datasets/szp4hfdymy/1,
13,2017-11_Sensible,271.335,26.02,39.575,32.825,Water,Parabolic dish solar cooker,0.5,https://data.mendeley.com/datasets/szp4hfdymy/1,
14,2017-11_Sensible,272.63,26.16,40.35,33.35,Water,Parabolic dish solar cooker,0.5,https://data.mendeley.com/datasets/szp4hfdymy/1,
15,2017-11_Sensible,273.925,26.3,41.125,33.875,Water,Parabolic dish solar cooker,0.5,https://data.mendeley.com/datasets/szp4hfdymy/1,
16,2017-11_Sensible,275.22,26.44,41.9,34.4,Water,Parabolic dish solar cooker,0.5,https://data.mendeley.com/datasets/szp4hfdymy/1,
17,2017-11_Sensible,276.515,26.58,42.675,34.925,Water,Parabolic dish solar cooker,0.5,https://data.mendeley.com/datasets/szp4hfdymy/1,
18,2017-11_Sensible,277.81,26.72,43.45,35.45,Water,Parabolic dish solar cooker,0.5,https://data.mendeley.com/datasets/szp4hfdymy/1,
19,2017-11_Sensible,279.105,26.86,44.225,35.975,Water,Parabolic dish solar cooker,0.5,https://data.mendeley.com/datasets/szp4hfdymy/1,
20,2017-11_Sensible,280.4,27,45,36.5,Water,Parabolic dish solar cooker,0.5,https://data.mendeley.com/datasets/szp4hfdymy/1,
21,2017-11_Sensible,286.16,27.18,45.595,37.095,Water,Parabolic dish solar cooker,0.5,https://data.mendeley.com/datasets/szp4hfdymy/1,
22,2017-11_Sensible,291.92,27.36,46.19,37.69,Water,Parabolic dish solar cooker,0.5,https://data.mendeley.com/datasets/szp4hfdymy/1,
23,2017-11_Sensible,297.68,27.54,46.785,38.285,Water,Parabolic dish solar cooker,0.5,https://data.mendeley.com/datasets/szp4hfdymy/1,
24,2017-11_Sensible,303.44,27.72,47.38,38.88,Water,Parabolic dish solar cooker,0.5,https://data.mendeley.com/datasets/szp4hfdymy/1,
25,2017-11_Sensible,309.2,27.9,47.975,39.475,Water,Parabolic dish solar cooker,0.5,https://data.mendeley.com/datasets/szp4hfdymy/1,
26,2017-11_Sensible,314.96,28.08,48.57,40.07,Water,Parabolic dish solar cooker,0.5,https://data.mendeley.com/datasets/szp4hfdymy/1,
27,2017-11_Sensible,320.72,28.26,49.165,40.665,Water,Parabolic dish solar cooker,0.5,https://data.mendeley.com/datasets/szp4hfdymy/1,
28,2017-11_Sensible,326.48,28.44,49.76,41.26,Water,Parabolic dish solar cooker,0.5,https://data.mendeley.com/datasets/szp4hfdymy/1,
29,2017-11_Sensible,332.24,28.62,50.355,41.855,Water,Parabolic dish solar cooker,0.5,https://data.mendeley.com/datasets/szp4hfdymy/1,
30,2017-11_Sensible,338,28.8,50.95,42.45,Water,Parabolic dish solar cooker,0.5,https://data.mendeley.com/datasets/szp4hfdymy/1,
31,2017-11_Sensible,343.76,28.98,51.545,43.045,Water,Parabolic dish solar cooker,0.5,https://data.mendeley.com/datasets/szp4hfdymy/1,
32,2017-11_Sensible,349.52,29.16,52.14,43.64,Water,Parabolic dish solar cooker,0.5,https://data.mendeley.com/datasets/szp4hfdymy/1,
33,2017-11_Sensible,355.28,29.34,52.735,44.235,Water,Parabolic dish solar cooker,0.5,https://data.mendeley.com/datasets/szp4hfdymy/1,
34,2017-11_Sensible,361.04,29.52,53.33,44.83,Water,Parabolic dish solar cooker,0.5,https://data.mendeley.com/datasets/szp4hfdymy/1,
35,2017-11_Sensible,366.8,29.7,53.925,45.425,Water,Parabolic dish solar cooker,0.5,https://data.mendeley.com/datasets/szp4hfdymy/1,
36,2017-11_Sensible,372.56,29.88,54.52,46.02,Water,Parabolic dish solar cooker,0.5,https://data.mendeley.com/datasets/szp4hfdymy/1,
37,2017-11_Sensible,378.32,30.06,55.115,46.615,Water,Parabolic dish solar cooker,0.5,https://data.mendeley.com/datasets/szp4hfdymy/1,
38,2017-11_Sensible,384.08,30.24,55.71,47.21,Water,Parabolic dish solar cooker,0.5,https://data.mendeley.com/datasets/szp4hfdymy/1,
39,2017-11_Sensible,389.84,30.42,56.305,47.805,Water,Parabolic dish solar cooker,0.5,https://data.mendeley.com/datasets/szp4hfdymy/1,
40,2017-11_Sensible,395.6,30.6,56.9,48.4,Water,Parabolic dish solar cooker,0.5,https://data.mendeley.com/datasets/szp4hfdymy/1,
41,2017-11_Sensible,403.1175,30.58,57.305,48.755,Water,Parabolic dish solar cooker,0.5,https://data.mendeley.com/datasets/szp4hfdymy/1,
42,2017-11_Sensible,410.635,30.56,57.71,49.11,Water,Parabolic dish solar cooker,0.5,https://data.mendeley.com/datasets/szp4hfdymy/1,
43,2017-11_Sensible,418.1525,30.54,58.115,49.465,Water,Parabolic dish solar cooker,0.5,https://data.mendeley.com/datasets/szp4hfdymy/1,
44,2017-11_Sensible,425.67,30.52,58.52,49.82,Water,Parabolic dish solar cooker,0.5,https://data.mendeley.com/datasets/szp4hfdymy/1,
45,2017-11_Sensible,433.1875,30.5,58.925,50.175,Water,Parabolic dish solar cooker,0.5,https://data.mendeley.com/datasets/szp4hfdymy/1,
46,2017-11_Sensible,440.705,30.48,59.33,50.53,Water,Parabolic dish solar cooker,0.5,https://data.mendeley.com/datasets/szp4hfdymy/1,
47,2017-11_Sensible,448.2225,30.46,59.735,50.885,Water,Parabolic dish solar cooker,0.5,https://data.mendeley.com/datasets/szp4hfdymy/1,
48,2017-11_Sensible,455.74,30.44,60.14,51.24,Water,Parabolic dish solar cooker,0.5,https://data.mendeley.com/datasets/szp4hfdymy/1,
49,2017-11_Sensible,463.2575,30.42,60.545,51.595,Water,Parabolic dish solar cooker,0.5,https://data.mendeley.com/datasets/szp4hfdymy/1,
50,2017-11_Sensible,470.775,30.4,60.95,51.95,Water,Parabolic dish solar cooker,0.5,https://data.mendeley.com/datasets/szp4hfdymy/1,
51,2017-11_Sensible,478.2925,30.38,61.355,52.305,Water,Parabolic dish solar cooker,0.5,https://data.mendeley.com/datasets/szp4hfdymy/1,
52,2017-11_Sensible,485.81,30.36,61.76,52.66,Water,Parabolic dish solar cooker,0.5,https://data.mendeley.com/datasets/szp4hfdymy/1,
53,2017-11_Sensible,493.3275,30.34,62.165,53.015,Water,Parabolic dish solar cooker,0.5,https://data.mendeley.com/datasets/szp4hfdymy/1,
54,2017-11_Sensible,500.845,30.32,62.57,53.37,Water,Parabolic dish solar cooker,0.5,https://data.mendeley.com/datasets/szp4hfdymy/1,
55,2017-11_Sensible,508.3625,30.3,62.975,53.725,Water,Parabolic dish solar cooker,0.5,https://data.mendeley.com/datasets/szp4hfdymy/1,
56,2017-11_Sensible,515.88,30.28,63.38,54.08,Water,Parabolic dish solar cooker,0.5,https://data.mendeley.com/datasets/szp4hfdymy/1,
57,2017-11_Sensible,523.3975,30.26,63.785,54.435,Water,Parabolic dish solar cooker,0.5,https://data.mendeley.com/datasets/szp4hfdymy/1,
58,2017-11_Sensible,530.915,30.24,64.19,54.79,Water,Parabolic dish solar cooker,0.5,https://data.mendeley.com/datasets/szp4hfdymy/1,
59,2017-11_Sensible,538.4325,30.22,64.595,55.145,Water,Parabolic dish solar cooker,0.5,https://data.mendeley.com/datasets/szp4hfdymy/1,
60,2017-11_Sensible,545.95,30.2,65,55.5,Water,Parabolic dish solar cooker,0.5,https://data.mendeley.com/datasets/szp4hfdymy/1,
61,2017-11_Sensible,539.3625,30.035,65.135,55.88,Water,Parabolic dish solar cooker,0.5,https://data.mendeley.com/datasets/szp4hfdymy/1,
62,2017-11_Sensible,532.775,29.87,65.27,56.26,Water,Parabolic dish solar cooker,0.5,https://data.mendeley.com/datasets/szp4hfdymy/1,
63,2017-11_Sensible,526.1875,29.705,65.405,56.64,Water,Parabolic dish solar cooker,0.5,https://data.mendeley.com/datasets/szp4hfdymy/1,
64,2017-11_Sensible,519.6,29.54,65.54,57.02,Water,Parabolic dish solar cooker,0.5,https://data.mendeley.com/datasets/szp4hfdymy/1,
65,2017-11_Sensible,513.0125,29.375,65.675,57.4,Water,Parabolic dish solar cooker,0.5,https://data.mendeley.com/datasets/szp4hfdymy/1,
66,2017-11_Sensible,506.425,29.21,65.81,57.78,Water,Parabolic dish solar cooker,0.5,https://data.mendeley.com/datasets/szp4hfdymy/1,
67,2017-11_Sensible,499.8375,29.045,65.945,58.16,Water,Parabolic dish solar cooker,0.5,https://data.mendeley.com/datasets/szp4hfdymy/1,
68,2017-11_Sensible,493.25,28.88,66.08,58.54,Water,Parabolic dish solar cooker,0.5,https://data.mendeley.com/datasets/szp4hfdymy/1,
69,2017-11_Sensible,486.6625,28.715,66.215,58.92,Water,Parabolic dish solar cooker,0.5,https://data.mendeley.com/datasets/szp4hfdymy/1,
70,2017-11_Sensible,480.075,28.55,66.35,59.3,Water,Parabolic dish solar cooker,0.5,https://data.mendeley.com/datasets/szp4hfdymy/1,
71,2017-11_Sensible,473.4875,28.385,66.485,59.68,Water,Parabolic dish solar cooker,0.5,https://data.mendeley.com/datasets/szp4hfdymy/1,
72,2017-11_Sensible,466.9,28.22,66.62,60.06,Water,Parabolic dish solar cooker,0.5,https://data.mendeley.com/datasets/szp4hfdymy/1,
73,2017-11_Sensible,460.3125,28.055,66.755,60.44,Water,Parabolic dish solar cooker,0.5,https://data.mendeley.com/datasets/szp4hfdymy/1,
74,2017-11_Sensible,453.725,27.89,66.89,60.82,Water,Parabolic dish solar cooker,0.5,https://data.mendeley.com/datasets/szp4hfdymy/1,
75,2017-11_Sensible,447.1375,27.725,67.025,61.2,Water,Parabolic dish solar cooker,0.5,https://data.mendeley.com/datasets/szp4hfdymy/1,
76,2017-11_Sensible,440.55,27.56,67.16,61.58,Water,Parabolic dish solar cooker,0.5,https://data.mendeley.com/datasets/szp4hfdymy/1,
77,2017-11_Sensible,433.9625,27.395,67.295,61.96,Water,Parabolic dish solar cooker,0.5,https://data.mendeley.com/datasets/szp4hfdymy/1,
78,2017-11_Sensible,427.375,27.23,67.43,62.34,Water,Parabolic dish solar cooker,0.5,https://data.mendeley.com/datasets/szp4hfdymy/1,
79,2017-11_Sensible,420.7875,27.065,67.565,62.72,Water,Parabolic dish solar cooker,0.5,https://data.mendeley.com/datasets/szp4hfdymy/1,
80,2017-11_Sensible,414.2,26.9,67.7,63.1,Water,Parabolic dish solar cooker,0.5,https://data.mendeley.com/datasets/szp4hfdymy/1,
81,2017-11_Sensible,425.52,27.19,68.265,63.665,Water,Parabolic dish solar cooker,0.5,https://data.mendeley.com/datasets/szp4hfdymy/1,
82,2017-11_Sensible,436.84,27.48,68.83,64.23,Water,Parabolic dish solar cooker,0.5,https://data.mendeley.com/datasets/szp4hfdymy/1,
83,2017-11_Sensible,448.16,27.77,69.395,64.795,Water,Parabolic dish solar cooker,0.5,https://data.mendeley.com/datasets/szp4hfdymy/1,
84,2017-11_Sensible,459.48,28.06,69.96,65.36,Water,Parabolic dish solar cooker,0.5,https://data.mendeley.com/datasets/szp4hfdymy/1,
85,2017-11_Sensible,470.8,28.35,70.525,65.925,Water,Parabolic dish solar cooker,0.5,https://data.mendeley.com/datasets/szp4hfdymy/1,
86,2017-11_Sensible,482.12,28.64,71.09,66.49,Water,Parabolic dish solar cooker,0.5,https://data.mendeley.com/datasets/szp4hfdymy/1,
87,2017-11_Sensible,493.44,28.93,71.655,67.055,Water,Parabolic dish solar cooker,0.5,https://data.mendeley.com/datasets/szp4hfdymy/1,
88,2017-11_Sensible,504.76,29.22,72.22,67.62,Water,Parabolic dish solar cooker,0.5,https://data.mendeley.com/datasets/szp4hfdymy/1,
89,2017-11_Sensible,516.08,29.51,72.785,68.185,Water,Parabolic dish solar cooker,0.5,https://data.mendeley.com/datasets/szp4hfdymy/1,
90,2017-11_Sensible,527.4,29.8,73.35,68.75,Water,Parabolic dish solar cooker,0.5,https://data.mendeley.com/datasets/szp4hfdymy/1,
91,2017-11_Sensible,538.72,30.09,73.915,69.315,Water,Parabolic dish solar cooker,0.5,https://data.mendeley.com/datasets/szp4hfdymy/1,
92,2017-11_Sensible,550.04,30.38,74.48,69.88,Water,Parabolic dish solar cooker,0.5,https://data.mendeley.com/datasets/szp4hfdymy/1,
93,2017-11_Sensible,561.36,30.67,75.045,70.445,Water,Parabolic dish solar cooker,0.5,https://data.mendeley.com/datasets/szp4hfdymy/1,
94,2017-11_Sensible,572.68,30.96,75.61,71.01,Water,Parabolic dish solar cooker,0.5,https://data.mendeley.com/datasets/szp4hfdymy/1,
95,2017-11_Sensible,584,31.25,76.175,71.575,Water,Parabolic dish solar cooker,0.5,https://data.mendeley.com/datasets/szp4hfdymy/1,
96,2017-11_Sensible,595.32,31.54,76.74,72.14,Water,Parabolic dish solar cooker,0.5,https://data.mendeley.com/datasets/szp4hfdymy/1,
97,2017-11_Sensible,606.64,31.83,77.305,72.705,Water,Parabolic dish solar cooker,0.5,https://data.mendeley.com/datasets/szp4hfdymy/1,
98,2017-11_Sensible,617.96,32.12,77.87,73.27,Water,Parabolic dish solar cooker,0.5,https://data.mendeley.com/datasets/szp4hfdymy/1,
99,2017-11_Sensible,629.28,32.41,78.435,73.835,Water,Parabolic dish solar cooker,0.5,https://data.mendeley.com/datasets/szp4hfdymy/1,
100,2017-11_Sensible,640.6,32.7,79,74.4,Water,Parabolic dish solar cooker,0.5,https://data.mendeley.com/datasets/szp4hfdymy/1,
101,2017-11_Sensible,646.135,32.765,79.965,75.365,Water,Parabolic dish solar cooker,0.5,https://data.mendeley.com/datasets/szp4hfdymy/1,
102,2017-11_Sensible,651.67,32.83,80.93,76.33,Water,Parabolic dish solar cooker,0.5,https://data.mendeley.com/datasets/szp4hfdymy/1,
103,2017-11_Sensible,657.205,32.895,81.895,77.295,Water,Parabolic dish solar cooker,0.5,https://data.mendeley.com/datasets/szp4hfdymy/1,
104,2017-11_Sensible,662.74,32.96,82.86,78.26,Water,Parabolic dish solar cooker,0.5,https://data.mendeley.com/datasets/szp4hfdymy/1,
105,2017-11_Sensible,668.275,33.025,83.825,79.225,Water,Parabolic dish solar cooker,0.5,https://data.mendeley.com/datasets/szp4hfdymy/1,
106,2017-11_Sensible,673.81,33.09,84.79,80.19,Water,Parabolic dish solar cooker,0.5,https://data.mendeley.com/datasets/szp4hfdymy/1,
107,2017-11_Sensible,679.345,33.155,85.755,81.155,Water,Parabolic dish solar cooker,0.5,https://data.mendeley.com/datasets/szp4hfdymy/1,
108,2017-11_Sensible,684.88,33.22,86.72,82.12,Water,Parabolic dish solar cooker,0.5,https://data.mendeley.com/datasets/szp4hfdymy/1,
109,2017-11_Sensible,690.415,33.285,87.685,83.085,Water,Parabolic dish solar cooker,0.5,https://data.mendeley.com/datasets/szp4hfdymy/1,
110,2017-11_Sensible,695.95,33.35,88.65,84.05,Water,Parabolic dish solar cooker,0.5,https://data.mendeley.com/datasets/szp4hfdymy/1,
111,2017-11_Sensible,701.485,33.415,89.615,85.015,Water,Parabolic dish solar cooker,0.5,https://data.mendeley.com/datasets/szp4hfdymy/1,
112,2017-11_Sensible,707.02,33.48,90.58,85.98,Water,Parabolic dish solar cooker,0.5,https://data.mendeley.com/datasets/szp4hfdymy/1,
113,2017-11_Sensible,712.555,33.545,91.545,86.945,Water,Parabolic dish solar cooker,0.5,https://data.mendeley.com/datasets/szp4hfdymy/1,
114,2017-11_Sensible,718.09,33.61,92.51,87.91,Water,Parabolic dish solar cooker,0.5,https://data.mendeley.com/datasets/szp4hfdymy/1,
115,2017-11_Sensible,723.625,33.675,93.475,88.875,Water,Parabolic dish solar cooker,0.5,https://data.mendeley.com/datasets/szp4hfdymy/1,
116,2017-11_Sensible,729.16,33.74,94.44,89.84,Water,Parabolic dish solar cooker,0.5,https://data.mendeley.com/datasets/szp4hfdymy/1,
117,2017-11_Sensible,734.695,33.805,95.405,90.805,Water,Parabolic dish solar cooker,0.5,https://data.mendeley.com/datasets/szp4hfdymy/1,
118,2017-11_Sensible,740.23,33.87,96.37,91.77,Water,Parabolic dish solar cooker,0.5,https://data.mendeley.com/datasets/szp4hfdymy/1,
119,2017-11_Sensible,745.765,33.935,97.335,92.735,Water,Parabolic dish solar cooker,0.5,https://data.mendeley.com/datasets/szp4hfdymy/1,
120,2017-11_Sensible,751.3,34,98.3,93.7,Water,Parabolic dish solar cooker,0.5,https://data.mendeley.com/datasets/szp4hfdymy/1,
121,2017-11_Sensible,749.225,33.835,98.41,93.81,Water,Parabolic dish solar cooker,0.5,https://data.mendeley.com/datasets/szp4hfdymy/1,
122,2017-11_Sensible,747.15,33.67,98.52,93.92,Water,Parabolic dish solar cooker,0.5,https://data.mendeley.com/datasets/szp4hfdymy/1,
123,2017-11_Sensible,745.075,33.505,98.63,94.03,Water,Parabolic dish solar cooker,0.5,https://data.mendeley.com/datasets/szp4hfdymy/1,
124,2017-11_Sensible,743,33.34,98.74,94.14,Water,Parabolic dish solar cooker,0.5,https://data.mendeley.com/datasets/szp4hfdymy/1,
125,2017-11_Sensible,740.925,33.175,98.85,94.25,Water,Parabolic dish solar cooker,0.5,https://data.mendeley.com/datasets/szp4hfdymy/1,
126,2017-11_Sensible,738.85,33.01,98.96,94.36,Water,Parabolic dish solar cooker,0.5,https://data.mendeley.com/datasets/szp4hfdymy/1,
127,2017-11_Sensible,736.775,32.845,99.07,94.47,Water,Parabolic dish solar cooker,0.5,https://data.mendeley.com/datasets/szp4hfdymy/1,
128,2017-11_Sensible,734.7,32.68,99.18,94.58,Water,Parabolic dish solar cooker,0.5,https://data.mendeley.com/datasets/szp4hfdymy/1,
129,2017-11_Sensible,732.625,32.515,99.29,94.69,Water,Parabolic dish solar cooker,0.5,https://data.mendeley.com/datasets/szp4hfdymy/1,
130,2017-11_Sensible,730.55,32.35,99.4,94.8,Water,Parabolic dish solar cooker,0.5,https://data.mendeley.com/datasets/szp4hfdymy/1,
131,2017-11_Sensible,728.475,32.185,99.51,94.91,Water,Parabolic dish solar cooker,0.5,https://data.mendeley.com/datasets/szp4hfdymy/1,
132,2017-11_Sensible,726.4,32.02,99.62,95.02,Water,Parabolic dish solar cooker,0.5,https://data.mendeley.com/datasets/szp4hfdymy/1,
133,2017-11_Sensible,724.325,31.855,99.73,95.13,Water,Parabolic dish solar cooker,0.5,https://data.mendeley.com/datasets/szp4hfdymy/1,
134,2017-11_Sensible,722.25,31.69,99.84,95.24,Water,Parabolic dish solar cooker,0.5,https://data.mendeley.com/datasets/szp4hfdymy/1,
135,2017-11_Sensible,720.175,31.525,99.95,95.35,Water,Parabolic dish solar cooker,0.5,https://data.mendeley.com/datasets/szp4hfdymy/1,
136,2017-11_Sensible,718.1,31.36,100.06,95.46,Water,Parabolic dish solar cooker,0.5,https://data.mendeley.com/datasets/szp4hfdymy/1,
137,2017-11_Sensible,716.025,31.195,100.17,95.57,Water,Parabolic dish solar cooker,0.5,https://data.mendeley.com/datasets/szp4hfdymy/1,
138,2017-11_Sensible,713.95,31.03,100.28,95.68,Water,Parabolic dish solar cooker,0.5,https://data.mendeley.com/datasets/szp4hfdymy/1,
139,2017-11_Sensible,711.875,30.865,100.39,95.79,Water,Parabolic dish solar cooker,0.5,https://data.mendeley.com/datasets/szp4hfdymy/1,
140,2017-11_Sensible,709.8,30.7,100.5,95.9,Water,Parabolic dish solar cooker,0.5,https://data.mendeley.com/datasets/szp4hfdymy/1,
141,2017-11_Sensible,714.59,30.71,100.535,95.935,Water,Parabolic dish solar cooker,0.5,https://data.mendeley.com/datasets/szp4hfdymy/1,
142,2017-11_Sensible,719.38,30.72,100.57,95.97,Water,Parabolic dish solar cooker,0.5,https://data.mendeley.com/datasets/szp4hfdymy/1,
143,2017-11_Sensible,724.17,30.73,100.605,96.005,Water,Parabolic dish solar cooker,0.5,https://data.mendeley.com/datasets/szp4hfdymy/1,
144,2017-11_Sensible,728.96,30.74,100.64,96.04,Water,Parabolic dish solar cooker,0.5,https://data.mendeley.com/datasets/szp4hfdymy/1,
145,2017-11_Sensible,733.75,30.75,100.675,96.075,Water,Parabolic dish solar cooker,0.5,https://data.mendeley.com/datasets/szp4hfdymy/1,
146,2017-11_Sensible,738.54,30.76,100.71,96.11,Water,Parabolic dish solar cooker,0.5,https://data.mendeley.com/datasets/szp4hfdymy/1,
147,2017-11_Sensible,743.33,30.77,100.745,96.145,Water,Parabolic dish solar cooker,0.5,https://data.mendeley.com/datasets/szp4hfdymy/1,
148,2017-11_Sensible,748.12,30.78,100.78,96.18,Water,Parabolic dish solar cooker,0.5,https://data.mendeley.com/datasets/szp4hfdymy/1,
149,2017-11_Sensible,752.91,30.79,100.815,96.215,Water,Parabolic dish solar cooker,0.5,https://data.mendeley.com/datasets/szp4hfdymy/1,
150,2017-11_Sensible,757.7,30.8,100.85,96.25,Water,Parabolic dish solar cooker,0.5,https://data.mendeley.com/datasets/szp4hfdymy/1,
151,2017-11_Sensible,762.49,30.81,100.885,96.285,Water,Parabolic dish solar cooker,0.5,https://data.mendeley.com/datasets/szp4hfdymy/1,
152,2017-11_Sensible,767.28,30.82,100.92,96.32,Water,Parabolic dish solar cooker,0.5,https://data.mendeley.com/datasets/szp4hfdymy/1,
153,2017-11_Sensible,772.07,30.83,100.955,96.355,Water,Parabolic dish solar cooker,0.5,https://data.mendeley.com/datasets/szp4hfdymy/1,
154,2017-11_Sensible,776.86,30.84,100.99,96.39,Water,Parabolic dish solar cooker,0.5,https://data.mendeley.com/datasets/szp4hfdymy/1,
155,2017-11_Sensible,781.65,30.85,101.025,96.425,Water,Parabolic dish solar cooker,0.5,https://data.mendeley.com/datasets/szp4hfdymy/1,
156,2017-11_Sensible,786.44,30.86,101.06,96.46,Water,Parabolic dish solar cooker,0.5,https://data.mendeley.com/datasets/szp4hfdymy/1,
157,2017-11_Sensible,791.23,30.87,101.095,96.495,Water,Parabolic dish solar cooker,0.5,https://data.mendeley.com/datasets/szp4hfdymy/1,
158,2017-11_Sensible,796.02,30.88,101.13,96.53,Water,Parabolic dish solar cooker,0.5,https://data.mendeley.com/datasets/szp4hfdymy/1,
159,2017-11_Sensible,800.81,30.89,101.165,96.565,Water,Parabolic dish solar cooker,0.5,https://data.mendeley.com/datasets/szp4hfdymy/1,
160,2017-11_Sensible,805.6,30.9,101.2,96.6,Water,Parabolic dish solar cooker,0.5,https://data.mendeley.com/datasets/szp4hfdymy/1,
161,2017-11_Sensible,809.045,30.945,101.19,96.535,Water,Parabolic dish solar cooker,0.5,https://data.mendeley.com/datasets/szp4hfdymy/1,
162,2017-11_Sensible,812.49,30.99,101.18,96.47,Water,Parabolic dish solar cooker,0.5,https://data.mendeley.com/datasets/szp4hfdymy/1,
163,2017-11_Sensible,815.935,31.035,101.17,96.405,Water,Parabolic dish solar cooker,0.5,https://data.mendeley.com/datasets/szp4hfdymy/1,
164,2017-11_Sensible,819.38,31.08,101.16,96.34,Water,Parabolic dish solar cooker,0.5,https://data.mendeley.com/datasets/szp4hfdymy/1,
165,2017-11_Sensible,822.825,31.125,101.15,96.275,Water,Parabolic dish solar cooker,0.5,https://data.mendeley.com/datasets/szp4hfdymy/1,
166,2017-11_Sensible,826.27,31.17,101.14,96.21,Water,Parabolic dish solar cooker,0.5,https://data.mendeley.com/datasets/szp4hfdymy/1,
167,2017-11_Sensible,829.715,31.215,101.13,96.145,Water,Parabolic dish solar cooker,0.5,https://data.mendeley.com/datasets/szp4hfdymy/1,
168,2017-11_Sensible,833.16,31.26,101.12,96.08,Water,Parabolic dish solar cooker,0.5,https://data.mendeley.com/datasets/szp4hfdymy/1,
169,2017-11_Sensible,836.605,31.305,101.11,96.015,Water,Parabolic dish solar cooker,0.5,https://data.mendeley.com/datasets/szp4hfdymy/1,
170,2017-11_Sensible,840.05,31.35,101.1,95.95,Water,Parabolic dish solar cooker,0.5,https://data.mendeley.com/datasets/szp4hfdymy/1,
171,2017-11_Sensible,843.495,31.395,101.09,95.885,Water,Parabolic dish solar cooker,0.5,https://data.mendeley.com/datasets/szp4hfdymy/1,
172,2017-11_Sensible,846.94,31.44,101.08,95.82,Water,Parabolic dish solar cooker,0.5,https://data.mendeley.com/datasets/szp4hfdymy/1,
173,2017-11_Sensible,850.385,31.485,101.07,95.755,Water,Parabolic dish solar cooker,0.5,https://data.mendeley.com/datasets/szp4hfdymy/1,
174,2017-11_Sensible,853.83,31.53,101.06,95.69,Water,Parabolic dish solar cooker,0.5,https://data.mendeley.com/datasets/szp4hfdymy/1,
175,2017-11_Sensible,857.275,31.575,101.05,95.625,Water,Parabolic dish solar cooker,0.5,https://data.mendeley.com/datasets/szp4hfdymy/1,
176,2017-11_Sensible,860.72,31.62,101.04,95.56,Water,Parabolic dish solar cooker,0.5,https://data.mendeley.com/datasets/szp4hfdymy/1,
177,2017-11_Sensible,864.165,31.665,101.03,95.495,Water,Parabolic dish solar cooker,0.5,https://data.mendeley.com/datasets/szp4hfdymy/1,
178,2017-11_Sensible,867.61,31.71,101.02,95.43,Water,Parabolic dish solar cooker,0.5,https://data.mendeley.com/datasets/szp4hfdymy/1,
179,2017-11_Sensible,871.055,31.755,101.01,95.365,Water,Parabolic dish solar cooker,0.5,https://data.mendeley.com/datasets/szp4hfdymy/1,
180,2017-11_Sensible,874.5,31.8,101,95.3,Water,Parabolic dish solar cooker,0.5,https://data.mendeley.com/datasets/szp4hfdymy/1,
181,2017-11_Sensible,870.52,31.595,100.9,95.2,Water,Parabolic dish solar cooker,0.5,https://data.mendeley.com/datasets/szp4hfdymy/1,
182,2017-11_Sensible,866.54,31.39,100.8,95.1,Water,Parabolic dish solar cooker,0.5,https://data.mendeley.com/datasets/szp4hfdymy/1,
183,2017-11_Sensible,862.56,31.185,100.7,95,Water,Parabolic dish solar cooker,0.5,https://data.mendeley.com/datasets/szp4hfdymy/1,
184,2017-11_Sensible,858.58,30.98,100.6,94.9,Water,Parabolic dish solar cooker,0.5,https://data.mendeley.com/datasets/szp4hfdymy/1,
185,2017-11_Sensible,854.6,30.775,100.5,94.8,Water,Parabolic dish solar cooker,0.5,https://data.mendeley.com/datasets/szp4hfdymy/1,
186,2017-11_Sensible,850.62,30.57,100.4,94.7,Water,Parabolic dish solar cooker,0.5,https://data.mendeley.com/datasets/szp4hfdymy/1,
187,2017-11_Sensible,846.64,30.365,100.3,94.6,Water,Parabolic dish solar cooker,0.5,https://data.mendeley.com/datasets/szp4hfdymy/1,
188,2017-11_Sensible,842.66,30.16,100.2,94.5,Water,Parabolic dish solar cooker,0.5,https://data.mendeley.com/datasets/szp4hfdymy/1,
189,2017-11_Sensible,838.68,29.955,100.1,94.4,Water,Parabolic dish solar cooker,0.5,https://data.mendeley.com/datasets/szp4hfdymy/1,
190,2017-11_Sensible,834.7,29.75,100,94.3,Water,Parabolic dish solar cooker,0.5,https://data.mendeley.com/datasets/szp4hfdymy/1,
191,2017-11_Sensible,830.72,29.545,99.9,94.2,Water,Parabolic dish solar cooker,0.5,https://data.mendeley.com/datasets/szp4hfdymy/1,
192,2017-11_Sensible,826.74,29.34,99.8,94.1,Water,Parabolic dish solar cooker,0.5,https://data.mendeley.com/datasets/szp4hfdymy/1,
193,2017-11_Sensible,822.76,29.135,99.7,94,Water,Parabolic dish solar cooker,0.5,https://data.mendeley.com/datasets/szp4hfdymy/1,
194,2017-11_Sensible,818.78,28.93,99.6,93.9,Water,Parabolic dish solar cooker,0.5,https://data.mendeley.com/datasets/szp4hfdymy/1,
195,2017-11_Sensible,814.8,28.725,99.5,93.8,Water,Parabolic dish solar cooker,0.5,https://data.mendeley.com/datasets/szp4hfdymy/1,
196,2017-11_Sensible,810.82,28.52,99.4,93.7,Water,Parabolic dish solar cooker,0.5,https://data.mendeley.com/datasets/szp4hfdymy/1,
197,2017-11_Sensible,806.84,28.315,99.3,93.6,Water,Parabolic dish solar cooker,0.5,https://data.mendeley.com/datasets/szp4hfdymy/1,
198,2017-11_Sensible,802.86,28.11,99.2,93.5,Water,Parabolic dish solar cooker,0.5,https://data.mendeley.com/datasets/szp4hfdymy/1,
199,2017-11_Sensible,798.88,27.905,99.1,93.4,Water,Parabolic dish solar cooker,0.5,https://data.mendeley.com/datasets/szp4hfdymy/1,
200,2017-11_Sensible,794.9,27.7,99,93.3,Water,Parabolic dish solar cooker,0.5,https://data.mendeley.com/datasets/szp4hfdymy/1,
201,2017-11_Sensible,799.09,27.925,98.59,93.3,Water,Parabolic dish solar cooker,0.5,https://data.mendeley.com/datasets/szp4hfdymy/1,
202,2017-11_Sensible,803.28,28.15,98.18,93.3,Water,Parabolic dish solar cooker,0.5,https://data.mendeley.com/datasets/szp4hfdymy/1,
203,2017-11_Sensible,807.47,28.375,97.77,93.3,Water,Parabolic dish solar cooker,0.5,https://data.mendeley.com/datasets/szp4hfdymy/1,
204,2017-11_Sensible,811.66,28.6,97.36,93.3,Water,Parabolic dish solar cooker,0.5,https://data.mendeley.com/datasets/szp4hfdymy/1,
205,2017-11_Sensible,815.85,28.825,96.95,93.3,Water,Parabolic dish solar cooker,0.5,https://data.mendeley.com/datasets/szp4hfdymy/1,
206,2017-11_Sensible,820.04,29.05,96.54,93.3,Water,Parabolic dish solar cooker,0.5,https://data.mendeley.com/datasets/szp4hfdymy/1,
207,2017-11_Sensible,824.23,29.275,96.13,93.3,Water,Parabolic dish solar cooker,0.5,https://data.mendeley.com/datasets/szp4hfdymy/1,
208,2017-11_Sensible,828.42,29.5,95.72,93.3,Water,Parabolic dish solar cooker,0.5,https://data.mendeley.com/datasets/szp4hfdymy/1,
209,2017-11_Sensible,832.61,29.725,95.31,93.3,Water,Parabolic dish solar cooker,0.5,https://data.mendeley.com/datasets/szp4hfdymy/1,
210,2017-11_Sensible,836.8,29.95,94.9,93.3,Water,Parabolic dish solar cooker,0.5,https://data.mendeley.com/datasets/szp4hfdymy/1,
211,2017-11_Sensible,840.99,30.175,94.49,93.3,Water,Parabolic dish solar cooker,0.5,https://data.mendeley.com/datasets/szp4hfdymy/1,
212,2017-11_Sensible,845.18,30.4,94.08,93.3,Water,Parabolic dish solar cooker,0.5,https://data.mendeley.com/datasets/szp4hfdymy/1,
213,2017-11_Sensible,849.37,30.625,93.67,93.3,Water,Parabolic dish solar cooker,0.5,https://data.mendeley.com/datasets/szp4hfdymy/1,
214,2017-11_Sensible,853.56,30.85,93.26,93.3,Water,Parabolic dish solar cooker,0.5,https://data.mendeley.com/datasets/szp4hfdymy/1,
215,2017-11_Sensible,857.75,31.075,92.85,93.3,Water,Parabolic dish solar cooker,0.5,https://data.mendeley.com/datasets/szp4hfdymy/1,
216,2017-11_Sensible,861.94,31.3,92.44,93.3,Water,Parabolic dish solar cooker,0.5,https://data.mendeley.com/datasets/szp4hfdymy/1,
217,2017-11_Sensible,866.13,31.525,92.03,93.3,Water,Parabolic dish solar cooker,0.5,https://data.mendeley.com/datasets/szp4hfdymy/1,
218,2017-11_Sensible,870.32,31.75,91.62,93.3,Water,Parabolic dish solar cooker,0.5,https://data.mendeley.com/datasets/szp4hfdymy/1,
219,2017-11_Sensible,874.51,31.975,91.21,93.3,Water,Parabolic dish solar cooker,0.5,https://data.mendeley.com/datasets/szp4hfdymy/1,
220,2017-11_Sensible,878.7,32.2,90.8,93.3,Water,Parabolic dish solar cooker,0.5,https://data.mendeley.com/datasets/szp4hfdymy/1,
221,2017-11_Sensible,881.62,32.085,90.7,93.2,Water,Parabolic dish solar cooker,0.5,https://data.mendeley.com/datasets/szp4hfdymy/1,
222,2017-11_Sensible,884.54,31.97,90.6,93.1,Water,Parabolic dish solar cooker,0.5,https://data.mendeley.com/datasets/szp4hfdymy/1,
223,2017-11_Sensible,887.46,31.855,90.5,93,Water,Parabolic dish solar cooker,0.5,https://data.mendeley.com/datasets/szp4hfdymy/1,
224,2017-11_Sensible,890.38,31.74,90.4,92.9,Water,Parabolic dish solar cooker,0.5,https://data.mendeley.com/datasets/szp4hfdymy/1,
225,2017-11_Sensible,893.3,31.625,90.3,92.8,Water,Parabolic dish solar cooker,0.5,https://data.mendeley.com/datasets/szp4hfdymy/1,
226,2017-11_Sensible,896.22,31.51,90.2,92.7,Water,Parabolic dish solar cooker,0.5,https://data.mendeley.com/datasets/szp4hfdymy/1,
227,2017-11_Sensible,899.14,31.395,90.1,92.6,Water,Parabolic dish solar cooker,0.5,https://data.mendeley.com/datasets/szp4hfdymy/1,
228,2017-11_Sensible,902.06,31.28,90,92.5,Water,Parabolic dish solar cooker,0.5,https://data.mendeley.com/datasets/szp4hfdymy/1,
229,2017-11_Sensible,904.98,31.165,89.9,92.4,Water,Parabolic dish solar cooker,0.5,https://data.mendeley.com/datasets/szp4hfdymy/1,
230,2017-11_Sensible,907.9,31.05,89.8,92.3,Water,Parabolic dish solar cooker,0.5,https://data.mendeley.com/datasets/szp4hfdymy/1,
231,2017-11_Sensible,910.82,30.935,89.7,92.2,Water,Parabolic dish solar cooker,0.5,https://data.mendeley.com/datasets/szp4hfdymy/1,
232,2017-11_Sensible,913.74,30.82,89.6,92.1,Water,Parabolic dish solar cooker,0.5,https://data.mendeley.com/datasets/szp4hfdymy/1,
233,2017-11_Sensible,916.66,30.705,89.5,92,Water,Parabolic dish solar cooker,0.5,https://data.mendeley.com/datasets/szp4hfdymy/1,
234,2017-11_Sensible,919.58,30.59,89.4,91.9,Water,Parabolic dish solar cooker,0.5,https://data.mendeley.com/datasets/szp4hfdymy/1,
235,2017-11_Sensible,922.5,30.475,89.3,91.8,Water,Parabolic dish solar cooker,0.5,https://data.mendeley.com/datasets/szp4hfdymy/1,
236,2017-11_Sensible,925.42,30.36,89.2,91.7,Water,Parabolic dish solar cooker,0.5,https://data.mendeley.com/datasets/szp4hfdymy/1,
237,2017-11_Sensible,928.34,30.245,89.1,91.6,Water,Parabolic dish solar cooker,0.5,https://data.mendeley.com/datasets/szp4hfdymy/1,
238,2017-11_Sensible,931.26,30.13,89,91.5,Water,Parabolic dish solar cooker,0.5,https://data.mendeley.com/datasets/szp4hfdymy/1,
239,2017-11_Sensible,934.18,30.015,88.9,91.4,Water,Parabolic dish solar cooker,0.5,https://data.mendeley.com/datasets/szp4hfdymy/1,
240,2017-11_Sensible,937.1,29.9,88.8,91.3,Water,Parabolic dish solar cooker,0.5,https://data.mendeley.com/datasets/szp4hfdymy/1,
241,2017-11_Sensible,928.255,29.945,88.74,91.24,Water,Parabolic dish solar cooker,0.5,https://data.mendeley.com/datasets/szp4hfdymy/1,
242,2017-11_Sensible,919.41,29.99,88.68,91.18,Water,Parabolic dish solar cooker,0.5,https://data.mendeley.com/datasets/szp4hfdymy/1,
243,2017-11_Sensible,910.565,30.035,88.62,91.12,Water,Parabolic dish solar cooker,0.5,https://data.mendeley.com/datasets/szp4hfdymy/1,
244,2017-11_Sensible,901.72,30.08,88.56,91.06,Water,Parabolic dish solar cooker,0.5,https://data.mendeley.com/datasets/szp4hfdymy/1,
245,2017-11_Sensible,892.875,30.125,88.5,91,Water,Parabolic dish solar cooker,0.5,https://data.mendeley.com/datasets/szp4hfdymy/1,
246,2017-11_Sensible,884.03,30.17,88.44,90.94,Water,Parabolic dish solar cooker,0.5,https://data.mendeley.com/datasets/szp4hfdymy/1,
247,2017-11_Sensible,875.185,30.215,88.38,90.88,Water,Parabolic dish solar cooker,0.5,https://data.mendeley.com/datasets/szp4hfdymy/1,
248,2017-11_Sensible,866.34,30.26,88.32,90.82,Water,Parabolic dish solar cooker,0.5,https://data.mendeley.com/datasets/szp4hfdymy/1,
249,2017-11_Sensible,857.495,30.305,88.26,90.76,Water,Parabolic dish solar cooker,0.5,https://data.mendeley.com/datasets/szp4hfdymy/1,
250,2017-11_Sensible,848.65,30.35,88.2,90.7,Water,Parabolic dish solar cooker,0.5,https://data.mendeley.com/datasets/szp4hfdymy/1,
251,2017-11_Sensible,839.805,30.395,88.14,90.64,Water,Parabolic dish solar cooker,0.5,https://data.mendeley.com/datasets/szp4hfdymy/1,
252,2017-11_Sensible,830.96,30.44,88.08,90.58,Water,Parabolic dish solar cooker,0.5,https://data.mendeley.com/datasets/szp4hfdymy/1,
253,2017-11_Sensible,822.115,30.485,88.02,90.52,Water,Parabolic dish solar cooker,0.5,https://data.mendeley.com/datasets/szp4hfdymy/1,
254,2017-11_Sensible,813.27,30.53,87.96,90.46,Water,Parabolic dish solar cooker,0.5,https://data.mendeley.com/datasets/szp4hfdymy/1,
255,2017-11_Sensible,804.425,30.575,87.9,90.4,Water,Parabolic dish solar cooker,0.5,https://data.mendeley.com/datasets/szp4hfdymy/1,
256,2017-11_Sensible,795.58,30.62,87.84,90.34,Water,Parabolic dish solar cooker,0.5,https://data.mendeley.com/datasets/szp4hfdymy/1,
257,2017-11_Sensible,786.735,30.665,87.78,90.28,Water,Parabolic dish solar cooker,0.5,https://data.mendeley.com/datasets/szp4hfdymy/1,
258,2017-11_Sensible,777.89,30.71,87.72,90.22,Water,Parabolic dish solar cooker,0.5,https://data.mendeley.com/datasets/szp4hfdymy/1,
259,2017-11_Sensible,769.045,30.755,87.66,90.16,Water,Parabolic dish solar cooker,0.5,https://data.mendeley.com/datasets/szp4hfdymy/1,
260,2017-11_Sensible,760.2,30.8,87.6,90.1,Water,Parabolic dish solar cooker,0.5,https://data.mendeley.com/datasets/szp4hfdymy/1,
261,2017-11_Sensible,758.555,30.69,87.275,89.775,Water,Parabolic dish solar cooker,0.5,https://data.mendeley.com/datasets/szp4hfdymy/1,
262,2017-11_Sensible,756.91,30.58,86.95,89.45,Water,Parabolic dish solar cooker,0.5,https://data.mendeley.com/datasets/szp4hfdymy/1,
263,2017-11_Sensible,755.265,30.47,86.625,89.125,Water,Parabolic dish solar cooker,0.5,https://data.mendeley.com/datasets/szp4hfdymy/1,
264,2017-11_Sensible,753.62,30.36,86.3,88.8,Water,Parabolic dish solar cooker,0.5,https://data.mendeley.com/datasets/szp4hfdymy/1,
265,2017-11_Sensible,751.975,30.25,85.975,88.475,Water,Parabolic dish solar cooker,0.5,https://data.mendeley.com/datasets/szp4hfdymy/1,
266,2017-11_Sensible,750.33,30.14,85.65,88.15,Water,Parabolic dish solar cooker,0.5,https://data.mendeley.com/datasets/szp4hfdymy/1,
267,2017-11_Sensible,748.685,30.03,85.325,87.825,Water,Parabolic dish solar cooker,0.5,https://data.mendeley.com/datasets/szp4hfdymy/1,
268,2017-11_Sensible,747.04,29.92,85,87.5,Water,Parabolic dish solar cooker,0.5,https://data.mendeley.com/datasets/szp4hfdymy/1,
269,2017-11_Sensible,745.395,29.81,84.675,87.175,Water,Parabolic dish solar cooker,0.5,https://data.mendeley.com/datasets/szp4hfdymy/1,
270,2017-11_Sensible,743.75,29.7,84.35,86.85,Water,Parabolic dish solar cooker,0.5,https://data.mendeley.com/datasets/szp4hfdymy/1,
271,2017-11_Sensible,742.105,29.59,84.025,86.525,Water,Parabolic dish solar cooker,0.5,https://data.mendeley.com/datasets/szp4hfdymy/1,
272,2017-11_Sensible,740.46,29.48,83.7,86.2,Water,Parabolic dish solar cooker,0.5,https://data.mendeley.com/datasets/szp4hfdymy/1,
273,2017-11_Sensible,738.815,29.37,83.375,85.875,Water,Parabolic dish solar cooker,0.5,https://data.mendeley.com/datasets/szp4hfdymy/1,
274,2017-11_Sensible,737.17,29.26,83.05,85.55,Water,Parabolic dish solar cooker,0.5,https://data.mendeley.com/datasets/szp4hfdymy/1,
275,2017-11_Sensible,735.525,29.15,82.725,85.225,Water,Parabolic dish solar cooker,0.5,https://data.mendeley.com/datasets/szp4hfdymy/1,
276,2017-11_Sensible,733.88,29.04,82.4,84.9,Water,Parabolic dish solar cooker,0.5,https://data.mendeley.com/datasets/szp4hfdymy/1,
277,2017-11_Sensible,732.235,28.93,82.075,84.575,Water,Parabolic dish solar cooker,0.5,https://data.mendeley.com/datasets/szp4hfdymy/1,
278,2017-11_Sensible,730.59,28.82,81.75,84.25,Water,Parabolic dish solar cooker,0.5,https://data.mendeley.com/datasets/szp4hfdymy/1,
279,2017-11_Sensible,728.945,28.71,81.425,83.925,Water,Parabolic dish solar cooker,0.5,https://data.mendeley.com/datasets/szp4hfdymy/1,
280,2017-11_Sensible,727.3,28.6,81.1,83.6,Water,Parabolic dish solar cooker,0.5,https://data.mendeley.com/datasets/szp4hfdymy/1,
281,2017-11_Sensible,722.6055,28.605,81.54,84.04,Water,Parabolic dish solar cooker,0.5,https://data.mendeley.com/datasets/szp4hfdymy/1,
282,2017-11_Sensible,717.911,28.61,81.98,84.48,Water,Parabolic dish solar cooker,0.5,https://data.mendeley.com/datasets/szp4hfdymy/1,
283,2017-11_Sensible,713.2165,28.615,82.42,84.92,Water,Parabolic dish solar cooker,0.5,https://data.mendeley.com/datasets/szp4hfdymy/1,
284,2017-11_Sensible,708.522,28.62,82.86,85.36,Water,Parabolic dish solar cooker,0.5,https://data.mendeley.com/datasets/szp4hfdymy/1,
285,2017-11_Sensible,703.8275,28.625,83.3,85.8,Water,Parabolic dish solar cooker,0.5,https://data.mendeley.com/datasets/szp4hfdymy/1,
286,2017-11_Sensible,699.133,28.63,83.74,86.24,Water,Parabolic dish solar cooker,0.5,https://data.mendeley.com/datasets/szp4hfdymy/1,
287,2017-11_Sensible,694.4385,28.635,84.18,86.68,Water,Parabolic dish solar cooker,0.5,https://data.mendeley.com/datasets/szp4hfdymy/1,
288,2017-11_Sensible,689.744,28.64,84.62,87.12,Water,Parabolic dish solar cooker,0.5,https://data.mendeley.com/datasets/szp4hfdymy/1,
289,2017-11_Sensible,685.0495,28.645,85.06,87.56,Water,Parabolic dish solar cooker,0.5,https://data.mendeley.com/datasets/szp4hfdymy/1,
290,2017-11_Sensible,680.355,28.65,85.5,88,Water,Parabolic dish solar cooker,0.5,https://data.mendeley.com/datasets/szp4hfdymy/1,
291,2017-11_Sensible,675.6605,28.655,85.94,88.44,Water,Parabolic dish solar cooker,0.5,https://data.mendeley.com/datasets/szp4hfdymy/1,
292,2017-11_Sensible,670.966,28.66,86.38,88.88,Water,Parabolic dish solar cooker,0.5,https://data.mendeley.com/datasets/szp4hfdymy/1,
293,2017-11_Sensible,666.2715,28.665,86.82,89.32,Water,Parabolic dish solar cooker,0.5,https://data.mendeley.com/datasets/szp4hfdymy/1,
294,2017-11_Sensible,661.577,28.67,87.26,89.76,Water,Parabolic dish solar cooker,0.5,https://data.mendeley.com/datasets/szp4hfdymy/1,
295,2017-11_Sensible,656.8825,28.675,87.7,90.2,Water,Parabolic dish solar cooker,0.5,https://data.mendeley.com/datasets/szp4hfdymy/1,
296,2017-11_Sensible,652.188,28.68,88.14,90.64,Water,Parabolic dish solar cooker,0.5,https://data.mendeley.com/datasets/szp4hfdymy/1,
297,2017-11_Sensible,647.4935,28.685,88.58,91.08,Water,Parabolic dish solar cooker,0.5,https://data.mendeley.com/datasets/szp4hfdymy/1,
298,2017-11_Sensible,642.799,28.69,89.02,91.52,Water,Parabolic dish solar cooker,0.5,https://data.mendeley.com/datasets/szp4hfdymy/1,
299,2017-11_Sensible,638.1045,28.695,89.46,91.96,Water,Parabolic dish solar cooker,0.5,https://data.mendeley.com/datasets/szp4hfdymy/1,
300,2017-11_Sensible,633.41,28.7,89.9,92.4,Water,Parabolic dish solar cooker,0.5,https://data.mendeley.com/datasets/szp4hfdymy/1,
301,2017-11_Sensible,638.2695,28.735,89.805,92.305,Water,Parabolic dish solar cooker,0.5,https://data.mendeley.com/datasets/szp4hfdymy/1,
302,2017-11_Sensible,643.129,28.77,89.71,92.21,Water,Parabolic dish solar cooker,0.5,https://data.mendeley.com/datasets/szp4hfdymy/1,
303,2017-11_Sensible,647.9885,28.805,89.615,92.115,Water,Parabolic dish solar cooker,0.5,https://data.mendeley.com/datasets/szp4hfdymy/1,
304,2017-11_Sensible,652.848,28.84,89.52,92.02,Water,Parabolic dish solar cooker,0.5,https://data.mendeley.com/datasets/szp4hfdymy/1,
305,2017-11_Sensible,657.7075,28.875,89.425,91.925,Water,Parabolic dish solar cooker,0.5,https://data.mendeley.com/datasets/szp4hfdymy/1,
306,2017-11_Sensible,662.567,28.91,89.33,91.83,Water,Parabolic dish solar cooker,0.5,https://data.mendeley.com/datasets/szp4hfdymy/1,
307,2017-11_Sensible,667.4265,28.945,89.235,91.735,Water,Parabolic dish solar cooker,0.5,https://data.mendeley.com/datasets/szp4hfdymy/1,
308,2017-11_Sensible,672.286,28.98,89.14,91.64,Water,Parabolic dish solar cooker,0.5,https://data.mendeley.com/datasets/szp4hfdymy/1,
309,2017-11_Sensible,677.1455,29.015,89.045,91.545,Water,Parabolic dish solar cooker,0.5,https://data.mendeley.com/datasets/szp4hfdymy/1,
310,2017-11_Sensible,682.005,29.05,88.95,91.45,Water,Parabolic dish solar cooker,0.5,https://data.mendeley.com/datasets/szp4hfdymy/1,
311,2017-11_Sensible,686.8645,29.085,88.855,91.355,Water,Parabolic dish solar cooker,0.5,https://data.mendeley.com/datasets/szp4hfdymy/1,
312,2017-11_Sensible,691.724,29.12,88.76,91.26,Water,Parabolic dish solar cooker,0.5,https://data.mendeley.com/datasets/szp4hfdymy/1,
313,2017-11_Sensible,696.5835,29.155,88.665,91.165,Water,Parabolic dish solar cooker,0.5,https://data.mendeley.com/datasets/szp4hfdymy/1,
314,2017-11_Sensible,701.443,29.19,88.57,91.07,Water,Parabolic dish solar cooker,0.5,https://data.mendeley.com/datasets/szp4hfdymy/1,
315,2017-11_Sensible,706.3025,29.225,88.475,90.975,Water,Parabolic dish solar cooker,0.5,https://data.mendeley.com/datasets/szp4hfdymy/1,
316,2017-11_Sensible,711.162,29.26,88.38,90.88,Water,Parabolic dish solar cooker,0.5,https://data.mendeley.com/datasets/szp4hfdymy/1,
317,2017-11_Sensible,716.0215,29.295,88.285,90.785,Water,Parabolic dish solar cooker,0.5,https://data.mendeley.com/datasets/szp4hfdymy/1,
318,2017-11_Sensible,720.881,29.33,88.19,90.69,Water,Parabolic dish solar cooker,0.5,https://data.mendeley.com/datasets/szp4hfdymy/1,
319,2017-11_Sensible,725.7405,29.365,88.095,90.595,Water,Parabolic dish solar cooker,0.5,https://data.mendeley.com/datasets/szp4hfdymy/1,
320,2017-11_Sensible,730.6,29.4,88,90.5,Water,Parabolic dish solar cooker,0.5,https://data.mendeley.com/datasets/szp4hfdymy/1,
321,2017-11_Sensible,726.5,29.355,88.21,90.71,Water,Parabolic dish solar cooker,0.5,https://data.mendeley.com/datasets/szp4hfdymy/1,
322,2017-11_Sensible,722.4,29.31,88.42,90.92,Water,Parabolic dish solar cooker,0.5,https://data.mendeley.com/datasets/szp4hfdymy/1,
323,2017-11_Sensible,718.3,29.265,88.63,91.13,Water,Parabolic dish solar cooker,0.5,https://data.mendeley.com/datasets/szp4hfdymy/1,
324,2017-11_Sensible,714.2,29.22,88.84,91.34,Water,Parabolic dish solar cooker,0.5,https://data.mendeley.com/datasets/szp4hfdymy/1,
325,2017-11_Sensible,710.1,29.175,89.05,91.55,Water,Parabolic dish solar cooker,0.5,https://data.mendeley.com/datasets/szp4hfdymy/1,
326,2017-11_Sensible,706,29.13,89.26,91.76,Water,Parabolic dish solar cooker,0.5,https://data.mendeley.com/datasets/szp4hfdymy/1,
327,2017-11_Sensible,701.9,29.085,89.47,91.97,Water,Parabolic dish solar cooker,0.5,https://data.mendeley.com/datasets/szp4hfdymy/1,
328,2017-11_Sensible,697.8,29.04,89.68,92.18,Water,Parabolic dish solar cooker,0.5,https://data.mendeley.com/datasets/szp4hfdymy/1,
329,2017-11_Sensible,693.7,28.995,89.89,92.39,Water,Parabolic dish solar cooker,0.5,https://data.mendeley.com/datasets/szp4hfdymy/1,
330,2017-11_Sensible,689.6,28.95,90.1,92.6,Water,Parabolic dish solar cooker,0.5,https://data.mendeley.com/datasets/szp4hfdymy/1,
331,2017-11_Sensible,685.5,28.905,90.31,92.81,Water,Parabolic dish solar cooker,0.5,https://data.mendeley.com/datasets/szp4hfdymy/1,
332,2017-11_Sensible,681.4,28.86,90.52,93.02,Water,Parabolic dish solar cooker,0.5,https://data.mendeley.com/datasets/szp4hfdymy/1,
333,2017-11_Sensible,677.3,28.815,90.73,93.23,Water,Parabolic dish solar cooker,0.5,https://data.mendeley.com/datasets/szp4hfdymy/1,
334,2017-11_Sensible,673.2,28.77,90.94,93.44,Water,Parabolic dish solar cooker,0.5,https://data.mendeley.com/datasets/szp4hfdymy/1,
335,2017-11_Sensible,669.1,28.725,91.15,93.65,Water,Parabolic dish solar cooker,0.5,https://data.mendeley.com/datasets/szp4hfdymy/1,
336,2017-11_Sensible,665,28.68,91.36,93.86,Water,Parabolic dish solar cooker,0.5,https://data.mendeley.com/datasets/szp4hfdymy/1,
337,2017-11_Sensible,660.9,28.635,91.57,94.07,Water,Parabolic dish solar cooker,0.5,https://data.mendeley.com/datasets/szp4hfdymy/1,
338,2017-11_Sensible,656.8,28.59,91.78,94.28,Water,Parabolic dish solar cooker,0.5,https://data.mendeley.com/datasets/szp4hfdymy/1,
339,2017-11_Sensible,652.7,28.545,91.99,94.49,Water,Parabolic dish solar cooker,0.5,https://data.mendeley.com/datasets/szp4hfdymy/1,
340,2017-11_Sensible,648.6,28.5,92.2,94.7,Water,Parabolic dish solar cooker,0.5,https://data.mendeley.com/datasets/szp4hfdymy/1,
341,2017-11_Sensible,643.9645,28.435,91.755,94.255,Water,Parabolic dish solar cooker,0.5,https://data.mendeley.com/datasets/szp4hfdymy/1,
342,2017-11_Sensible,639.329,28.37,91.31,93.81,Water,Parabolic dish solar cooker,0.5,https://data.mendeley.com/datasets/szp4hfdymy/1,
343,2017-11_Sensible,634.6935,28.305,90.865,93.365,Water,Parabolic dish solar cooker,0.5,https://data.mendeley.com/datasets/szp4hfdymy/1,
344,2017-11_Sensible,630.058,28.24,90.42,92.92,Water,Parabolic dish solar cooker,0.5,https://data.mendeley.com/datasets/szp4hfdymy/1,
345,2017-11_Sensible,625.4225,28.175,89.975,92.475,Water,Parabolic dish solar cooker,0.5,https://data.mendeley.com/datasets/szp4hfdymy/1,
346,2017-11_Sensible,620.787,28.11,89.53,92.03,Water,Parabolic dish solar cooker,0.5,https://data.mendeley.com/datasets/szp4hfdymy/1,
347,2017-11_Sensible,616.1515,28.045,89.085,91.585,Water,Parabolic dish solar cooker,0.5,https://data.mendeley.com/datasets/szp4hfdymy/1,
348,2017-11_Sensible,611.516,27.98,88.64,91.14,Water,Parabolic dish solar cooker,0.5,https://data.mendeley.com/datasets/szp4hfdymy/1,
349,2017-11_Sensible,606.8805,27.915,88.195,90.695,Water,Parabolic dish solar cooker,0.5,https://data.mendeley.com/datasets/szp4hfdymy/1,
350,2017-11_Sensible,602.245,27.85,87.75,90.25,Water,Parabolic dish solar cooker,0.5,https://data.mendeley.com/datasets/szp4hfdymy/1,
351,2017-11_Sensible,597.6095,27.785,87.305,89.805,Water,Parabolic dish solar cooker,0.5,https://data.mendeley.com/datasets/szp4hfdymy/1,
352,2017-11_Sensible,592.974,27.72,86.86,89.36,Water,Parabolic dish solar cooker,0.5,https://data.mendeley.com/datasets/szp4hfdymy/1,
353,2017-11_Sensible,588.3385,27.655,86.415,88.915,Water,Parabolic dish solar cooker,0.5,https://data.mendeley.com/datasets/szp4hfdymy/1,
354,2017-11_Sensible,583.703,27.59,85.97,88.47,Water,Parabolic dish solar cooker,0.5,https://data.mendeley.com/datasets/szp4hfdymy/1,
355,2017-11_Sensible,579.0675,27.525,85.525,88.025,Water,Parabolic dish solar cooker,0.5,https://data.mendeley.com/datasets/szp4hfdymy/1,
356,2017-11_Sensible,574.432,27.46,85.08,87.58,Water,Parabolic dish solar cooker,0.5,https://data.mendeley.com/datasets/szp4hfdymy/1,
357,2017-11_Sensible,569.7965,27.395,84.635,87.135,Water,Parabolic dish solar cooker,0.5,https://data.mendeley.com/datasets/szp4hfdymy/1,
358,2017-11_Sensible,565.161,27.33,84.19,86.69,Water,Parabolic dish solar cooker,0.5,https://data.mendeley.com/datasets/szp4hfdymy/1,
359,2017-11_Sensible,560.5255,27.265,83.745,86.245,Water,Parabolic dish solar cooker,0.5,https://data.mendeley.com/datasets/szp4hfdymy/1,
360,2017-11_Sensible,555.89,27.2,83.3,85.8,Water,Parabolic dish solar cooker,0.5,https://data.mendeley.com/datasets/szp4hfdymy/1,
361,2017-11_Sensible,549.7605,27.115,82.935,85.55,Water,Parabolic dish solar cooker,0.5,https://data.mendeley.com/datasets/szp4hfdymy/1,
362,2017-11_Sensible,543.631,27.03,82.57,85.3,Water,Parabolic dish solar cooker,0.5,https://data.mendeley.com/datasets/szp4hfdymy/1,
363,2017-11_Sensible,537.5015,26.945,82.205,85.05,Water,Parabolic dish solar cooker,0.5,https://data.mendeley.com/datasets/szp4hfdymy/1,
364,2017-11_Sensible,531.372,26.86,81.84,84.8,Water,Parabolic dish solar cooker,0.5,https://data.mendeley.com/datasets/szp4hfdymy/1,
365,2017-11_Sensible,525.2425,26.775,81.475,84.55,Water,Parabolic dish solar cooker,0.5,https://data.mendeley.com/datasets/szp4hfdymy/1,
366,2017-11_Sensible,519.113,26.69,81.11,84.3,Water,Parabolic dish solar cooker,0.5,https://data.mendeley.com/datasets/szp4hfdymy/1,
367,2017-11_Sensible,512.9835,26.605,80.745,84.05,Water,Parabolic dish solar cooker,0.5,https://data.mendeley.com/datasets/szp4hfdymy/1,
368,2017-11_Sensible,506.854,26.52,80.38,83.8,Water,Parabolic dish solar cooker,0.5,https://data.mendeley.com/datasets/szp4hfdymy/1,
369,2017-11_Sensible,500.7245,26.435,80.015,83.55,Water,Parabolic dish solar cooker,0.5,https://data.mendeley.com/datasets/szp4hfdymy/1,
370,2017-11_Sensible,494.595,26.35,79.65,83.3,Water,Parabolic dish solar cooker,0.5,https://data.mendeley.com/datasets/szp4hfdymy/1,
371,2017-11_Sensible,488.4655,26.265,79.285,83.05,Water,Parabolic dish solar cooker,0.5,https://data.mendeley.com/datasets/szp4hfdymy/1,
372,2017-11_Sensible,482.336,26.18,78.92,82.8,Water,Parabolic dish solar cooker,0.5,https://data.mendeley.com/datasets/szp4hfdymy/1,
373,2017-11_Sensible,476.2065,26.095,78.555,82.55,Water,Parabolic dish solar cooker,0.5,https://data.mendeley.com/datasets/szp4hfdymy/1,
374,2017-11_Sensible,470.077,26.01,78.19,82.3,Water,Parabolic dish solar cooker,0.5,https://data.mendeley.com/datasets/szp4hfdymy/1,
375,2017-11_Sensible,463.9475,25.925,77.825,82.05,Water,Parabolic dish solar cooker,0.5,https://data.mendeley.com/datasets/szp4hfdymy/1,
376,2017-11_Sensible,457.818,25.84,77.46,81.8,Water,Parabolic dish solar cooker,0.5,https://data.mendeley.com/datasets/szp4hfdymy/1,
377,2017-11_Sensible,451.6885,25.755,77.095,81.55,Water,Parabolic dish solar cooker,0.5,https://data.mendeley.com/datasets/szp4hfdymy/1,
378,2017-11_Sensible,445.559,25.67,76.73,81.3,Water,Parabolic dish solar cooker,0.5,https://data.mendeley.com/datasets/szp4hfdymy/1,
379,2017-11_Sensible,439.4295,25.585,76.365,81.05,Water,Parabolic dish solar cooker,0.5,https://data.mendeley.com/datasets/szp4hfdymy/1,
380,2017-11_Sensible,433.3,25.5,76,80.8,Water,Parabolic dish solar cooker,0.5,https://data.mendeley.com/datasets/szp4hfdymy/1,
381,2017-11_Sensible,430.62,25.405,75.29,80.09,Water,Parabolic dish solar cooker,0.5,https://data.mendeley.com/datasets/szp4hfdymy/1,
382,2017-11_Sensible,427.94,25.31,74.58,79.38,Water,Parabolic dish solar cooker,0.5,https://data.mendeley.com/datasets/szp4hfdymy/1,
383,2017-11_Sensible,425.26,25.215,73.87,78.67,Water,Parabolic dish solar cooker,0.5,https://data.mendeley.com/datasets/szp4hfdymy/1,
384,2017-11_Sensible,422.58,25.12,73.16,77.96,Water,Parabolic dish solar cooker,0.5,https://data.mendeley.com/datasets/szp4hfdymy/1,
385,2017-11_Sensible,419.9,25.025,72.45,77.25,Water,Parabolic dish solar cooker,0.5,https://data.mendeley.com/datasets/szp4hfdymy/1,
386,2017-11_Sensible,417.22,24.93,71.74,76.54,Water,Parabolic dish solar cooker,0.5,https://data.mendeley.com/datasets/szp4hfdymy/1,
387,2017-11_Sensible,414.54,24.835,71.03,75.83,Water,Parabolic dish solar cooker,0.5,https://data.mendeley.com/datasets/szp4hfdymy/1,
388,2017-11_Sensible,411.86,24.74,70.32,75.12,Water,Parabolic dish solar cooker,0.5,https://data.mendeley.com/datasets/szp4hfdymy/1,
389,2017-11_Sensible,409.18,24.645,69.61,74.41,Water,Parabolic dish solar cooker,0.5,https://data.mendeley.com/datasets/szp4hfdymy/1,
390,2017-11_Sensible,406.5,24.55,68.9,73.7,Water,Parabolic dish solar cooker,0.5,https://data.mendeley.com/datasets/szp4hfdymy/1,
391,2017-11_Sensible,403.82,24.455,68.19,72.99,Water,Parabolic dish solar cooker,0.5,https://data.mendeley.com/datasets/szp4hfdymy/1,
392,2017-11_Sensible,401.14,24.36,67.48,72.28,Water,Parabolic dish solar cooker,0.5,https://data.mendeley.com/datasets/szp4hfdymy/1,
393,2017-11_Sensible,398.46,24.265,66.77,71.57,Water,Parabolic dish solar cooker,0.5,https://data.mendeley.com/datasets/szp4hfdymy/1,
394,2017-11_Sensible,395.78,24.17,66.06,70.86,Water,Parabolic dish solar cooker,0.5,https://data.mendeley.com/datasets/szp4hfdymy/1,
395,2017-11_Sensible,393.1,24.075,65.35,70.15,Water,Parabolic dish solar cooker,0.5,https://data.mendeley.com/datasets/szp4hfdymy/1,
396,2017-11_Sensible,390.42,23.98,64.64,69.44,Water,Parabolic dish solar cooker,0.5,https://data.mendeley.com/datasets/szp4hfdymy/1,
397,2017-11_Sensible,387.74,23.885,63.93,68.73,Water,Parabolic dish solar cooker,0.5,https://data.mendeley.com/datasets/szp4hfdymy/1,
398,2017-11_Sensible,385.06,23.79,63.22,68.02,Water,Parabolic dish solar cooker,0.5,https://data.mendeley.com/datasets/szp4hfdymy/1,
399,2017-11_Sensible,382.38,23.695,62.51,67.31,Water,Parabolic dish solar cooker,0.5,https://data.mendeley.com/datasets/szp4hfdymy/1,
400,2017-11_Sensible,379.7,23.6,61.8,66.6,Water,Parabolic dish solar cooker,0.5,https://data.mendeley.com/datasets/szp4hfdymy/1,
401,2017-11_Sensible,378.39,23.57,61.32,66.22,Water,Parabolic dish solar cooker,0.5,https://data.mendeley.com/datasets/szp4hfdymy/1,
402,2017-11_Sensible,377.08,23.54,60.84,65.84,Water,Parabolic dish solar cooker,0.5,https://data.mendeley.com/datasets/szp4hfdymy/1,
403,2017-11_Sensible,375.77,23.51,60.36,65.46,Water,Parabolic dish solar cooker,0.5,https://data.mendeley.com/datasets/szp4hfdymy/1,
404,2017-11_Sensible,374.46,23.48,59.88,65.08,Water,Parabolic dish solar cooker,0.5,https://data.mendeley.com/datasets/szp4hfdymy/1,
405,2017-11_Sensible,373.15,23.45,59.4,64.7,Water,Parabolic dish solar cooker,0.5,https://data.mendeley.com/datasets/szp4hfdymy/1,
406,2017-11_Sensible,371.84,23.42,58.92,64.32,Water,Parabolic dish solar cooker,0.5,https://data.mendeley.com/datasets/szp4hfdymy/1,
407,2017-11_Sensible,370.53,23.39,58.44,63.94,Water,Parabolic dish solar cooker,0.5,https://data.mendeley.com/datasets/szp4hfdymy/1,
408,2017-11_Sensible,369.22,23.36,57.96,63.56,Water,Parabolic dish solar cooker,0.5,https://data.mendeley.com/datasets/szp4hfdymy/1,
409,2017-11_Sensible,367.91,23.33,57.48,63.18,Water,Parabolic dish solar cooker,0.5,https://data.mendeley.com/datasets/szp4hfdymy/1,
410,2017-11_Sensible,366.6,23.3,57,62.8,Water,Parabolic dish solar cooker,0.5,https://data.mendeley.com/datasets/szp4hfdymy/1,
411,2017-11_Sensible,365.29,23.27,56.52,62.42,Water,Parabolic dish solar cooker,0.5,https://data.mendeley.com/datasets/szp4hfdymy/1,
412,2017-11_Sensible,363.98,23.24,56.04,62.04,Water,Parabolic dish solar cooker,0.5,https://data.mendeley.com/datasets/szp4hfdymy/1,
413,2017-11_Sensible,362.67,23.21,55.56,61.66,Water,Parabolic dish solar cooker,0.5,https://data.mendeley.com/datasets/szp4hfdymy/1,
414,2017-11_Sensible,361.36,23.18,55.08,61.28,Water,Parabolic dish solar cooker,0.5,https://data.mendeley.com/datasets/szp4hfdymy/1,
415,2017-11_Sensible,360.05,23.15,54.6,60.9,Water,Parabolic dish solar cooker,0.5,https://data.mendeley.com/datasets/szp4hfdymy/1,
416,2017-11_Sensible,358.74,23.12,54.12,60.52,Water,Parabolic dish solar cooker,0.5,https://data.mendeley.com/datasets/szp4hfdymy/1,
417,2017-11_Sensible,357.43,23.09,53.64,60.14,Water,Parabolic dish solar cooker,0.5,https://data.mendeley.com/datasets/szp4hfdymy/1,
418,2017-11_Sensible,356.12,23.06,53.16,59.76,Water,Parabolic dish solar cooker,0.5,https://data.mendeley.com/datasets/szp4hfdymy/1,
419,2017-11_Sensible,354.81,23.03,52.68,59.38,Water,Parabolic dish solar cooker,0.5,https://data.mendeley.com/datasets/szp4hfdymy/1,
420,2017-11_Sensible,353.5,23,52.2,59,Water,Parabolic dish solar cooker,0.5,https://data.mendeley.com/datasets/szp4hfdymy/1,
0,2017-12_Stagnation,254.5,25.7,31.9,28.4,Chamber air (proxy),Parabolic dish solar cooker,0,https://data.mendeley.com/datasets/szp4hfdymy/1,
1,2017-12_Stagnation,255.795,25.785,32.425,28.925,Chamber air (proxy),Parabolic dish solar cooker,0,https://data.mendeley.com/datasets/szp4hfdymy/1,
2,2017-12_Stagnation,257.09,25.87,32.95,29.45,Chamber air (proxy),Parabolic dish solar cooker,0,https://data.mendeley.com/datasets/szp4hfdymy/1,
3,2017-12_Stagnation,258.385,25.955,33.475,29.975,Chamber air (proxy),Parabolic dish solar cooker,0,https://data.mendeley.com/datasets/szp4hfdymy/1,
4,2017-12_Stagnation,259.68,26.04,34,30.5,Chamber air (proxy),Parabolic dish solar cooker,0,https://data.mendeley.com/datasets/szp4hfdymy/1,
5,2017-12_Stagnation,260.975,26.125,34.525,31.025,Chamber air (proxy),Parabolic dish solar cooker,0,https://data.mendeley.com/datasets/szp4hfdymy/1,
6,2017-12_Stagnation,262.27,26.21,35.05,31.55,Chamber air (proxy),Parabolic dish solar cooker,0,https://data.mendeley.com/datasets/szp4hfdymy/1,
7,2017-12_Stagnation,263.565,26.295,35.575,32.075,Chamber air (proxy),Parabolic dish solar cooker,0,https://data.mendeley.com/datasets/szp4hfdymy/1,
8,2017-12_Stagnation,264.86,26.38,36.1,32.6,Chamber air (proxy),Parabolic dish solar cooker,0,https://data.mendeley.com/datasets/szp4hfdymy/1,
9,2017-12_Stagnation,266.155,26.465,36.625,33.125,Chamber air (proxy),Parabolic dish solar cooker,0,https://data.mendeley.com/datasets/szp4hfdymy/1,
10,2017-12_Stagnation,267.45,26.55,37.15,33.65,Chamber air (proxy),Parabolic dish solar cooker,0,https://data.mendeley.com/datasets/szp4hfdymy/1,
11,2017-12_Stagnation,268.745,26.635,37.675,34.175,Chamber air (proxy),Parabolic dish solar cooker,0,https://data.mendeley.com/datasets/szp4hfdymy/1,
12,2017-12_Stagnation,270.04,26.72,38.2,34.7,Chamber air (proxy),Parabolic dish solar cooker,0,https://data.mendeley.com/datasets/szp4hfdymy/1,
13,2017-12_Stagnation,271.335,26.805,38.725,35.225,Chamber air (proxy),Parabolic dish solar cooker,0,https://data.mendeley.com/datasets/szp4hfdymy/1,
14,2017-12_Stagnation,272.63,26.89,39.25,35.75,Chamber air (proxy),Parabolic dish solar cooker,0,https://data.mendeley.com/datasets/szp4hfdymy/1,
15,2017-12_Stagnation,273.925,26.975,39.775,36.275,Chamber air (proxy),Parabolic dish solar cooker,0,https://data.mendeley.com/datasets/szp4hfdymy/1,
16,2017-12_Stagnation,275.22,27.06,40.3,36.8,Chamber air (proxy),Parabolic dish solar cooker,0,https://data.mendeley.com/datasets/szp4hfdymy/1,
17,2017-12_Stagnation,276.515,27.145,40.825,37.325,Chamber air (proxy),Parabolic dish solar cooker,0,https://data.mendeley.com/datasets/szp4hfdymy/1,
18,2017-12_Stagnation,277.81,27.23,41.35,37.85,Chamber air (proxy),Parabolic dish solar cooker,0,https://data.mendeley.com/datasets/szp4hfdymy/1,
19,2017-12_Stagnation,279.105,27.315,41.875,38.375,Chamber air (proxy),Parabolic dish solar cooker,0,https://data.mendeley.com/datasets/szp4hfdymy/1,
20,2017-12_Stagnation,280.4,27.4,42.4,38.9,Chamber air (proxy),Parabolic dish solar cooker,0,https://data.mendeley.com/datasets/szp4hfdymy/1,
21,2017-12_Stagnation,286.16,27.58,42.995,39.495,Chamber air (proxy),Parabolic dish solar cooker,0,https://data.mendeley.com/datasets/szp4hfdymy/1,
22,2017-12_Stagnation,291.92,27.76,43.59,40.09,Chamber air (proxy),Parabolic dish solar cooker,0,https://data.mendeley.com/datasets/szp4hfdymy/1,
23,2017-12_Stagnation,297.68,27.94,44.185,40.685,Chamber air (proxy),Parabolic dish solar cooker,0,https://data.mendeley.com/datasets/szp4hfdymy/1,
24,2017-12_Stagnation,303.44,28.12,44.78,41.28,Chamber air (proxy),Parabolic dish solar cooker,0,https://data.mendeley.com/datasets/szp4hfdymy/1,
25,2017-12_Stagnation,309.2,28.3,45.375,41.875,Chamber air (proxy),Parabolic dish solar cooker,0,https://data.mendeley.com/datasets/szp4hfdymy/1,
26,2017-12_Stagnation,314.96,28.48,45.97,42.47,Chamber air (proxy),Parabolic dish solar cooker,0,https://data.mendeley.com/datasets/szp4hfdymy/1,
27,2017-12_Stagnation,320.72,28.66,46.565,43.065,Chamber air (proxy),Parabolic dish solar cooker,0,https://data.mendeley.com/datasets/szp4hfdymy/1,
28,2017-12_Stagnation,326.48,28.84,47.16,43.66,Chamber air (proxy),Parabolic dish solar cooker,0,https://data.mendeley.com/datasets/szp4hfdymy/1,
29,2017-12_Stagnation,332.24,29.02,47.755,44.255,Chamber air (proxy),Parabolic dish solar cooker,0,https://data.mendeley.com/datasets/szp4hfdymy/1,
30,2017-12_Stagnation,338,29.2,48.35,44.85,Chamber air (proxy),Parabolic dish solar cooker,0,https://data.mendeley.com/datasets/szp4hfdymy/1,
31,2017-12_Stagnation,343.76,29.38,48.945,45.445,Chamber air (proxy),Parabolic dish solar cooker,0,https://data.mendeley.com/datasets/szp4hfdymy/1,
32,2017-12_Stagnation,349.52,29.56,49.54,46.04,Chamber air (proxy),Parabolic dish solar cooker,0,https://data.mendeley.com/datasets/szp4hfdymy/1,
33,2017-12_Stagnation,355.28,29.74,50.135,46.635,Chamber air (proxy),Parabolic dish solar cooker,0,https://data.mendeley.com/datasets/szp4hfdymy/1,
34,2017-12_Stagnation,361.04,29.92,50.73,47.23,Chamber air (proxy),Parabolic dish solar cooker,0,https://data.mendeley.com/datasets/szp4hfdymy/1,
35,2017-12_Stagnation,366.8,30.1,51.325,47.825,Chamber air (proxy),Parabolic dish solar cooker,0,https://data.mendeley.com/datasets/szp4hfdymy/1,
36,2017-12_Stagnation,372.56,30.28,51.92,48.42,Chamber air (proxy),Parabolic dish solar cooker,0,https://data.mendeley.com/datasets/szp4hfdymy/1,
37,2017-12_Stagnation,378.32,30.46,52.515,49.015,Chamber air (proxy),Parabolic dish solar cooker,0,https://data.mendeley.com/datasets/szp4hfdymy/1,
38,2017-12_Stagnation,384.08,30.64,53.11,49.61,Chamber air (proxy),Parabolic dish solar cooker,0,https://data.mendeley.com/datasets/szp4hfdymy/1,
39,2017-12_Stagnation,389.84,30.82,53.705,50.205,Chamber air (proxy),Parabolic dish solar cooker,0,https://data.mendeley.com/datasets/szp4hfdymy/1,
40,2017-12_Stagnation,395.6,31,54.3,50.8,Chamber air (proxy),Parabolic dish solar cooker,0,https://data.mendeley.com/datasets/szp4hfdymy/1,
41,2017-12_Stagnation,398.1175,30.98,54.655,51.155,Chamber air (proxy),Parabolic dish solar cooker,0,https://data.mendeley.com/datasets/szp4hfdymy/1,
42,2017-12_Stagnation,400.635,30.96,55.01,51.51,Chamber air (proxy),Parabolic dish solar cooker,0,https://data.mendeley.com/datasets/szp4hfdymy/1,
43,2017-12_Stagnation,403.1525,30.94,55.365,51.865,Chamber air (proxy),Parabolic dish solar cooker,0,https://data.mendeley.com/datasets/szp4hfdymy/1,
44,2017-12_Stagnation,405.67,30.92,55.72,52.22,Chamber air (proxy),Parabolic dish solar cooker,0,https://data.mendeley.com/datasets/szp4hfdymy/1,
45,2017-12_Stagnation,408.1875,30.9,56.075,52.575,Chamber air (proxy),Parabolic dish solar cooker,0,https://data.mendeley.com/datasets/szp4hfdymy/1,
46,2017-12_Stagnation,410.705,30.88,56.43,52.93,Chamber air (proxy),Parabolic dish solar cooker,0,https://data.mendeley.com/datasets/szp4hfdymy/1,
47,2017-12_Stagnation,413.2225,30.86,56.785,53.285,Chamber air (proxy),Parabolic dish solar cooker,0,https://data.mendeley.com/datasets/szp4hfdymy/1,
48,2017-12_Stagnation,415.74,30.84,57.14,53.64,Chamber air (proxy),Parabolic dish solar cooker,0,https://data.mendeley.com/datasets/szp4hfdymy/1,
49,2017-12_Stagnation,418.2575,30.82,57.495,53.995,Chamber air (proxy),Parabolic dish solar cooker,0,https://data.mendeley.com/datasets/szp4hfdymy/1,
50,2017-12_Stagnation,420.775,30.8,57.85,54.35,Chamber air (proxy),Parabolic dish solar cooker,0,https://data.mendeley.com/datasets/szp4hfdymy/1,
51,2017-12_Stagnation,423.2925,30.78,58.205,54.705,Chamber air (proxy),Parabolic dish solar cooker,0,https://data.mendeley.com/datasets/szp4hfdymy/1,
52,2017-12_Stagnation,425.81,30.76,58.56,55.06,Chamber air (proxy),Parabolic dish solar cooker,0,https://data.mendeley.com/datasets/szp4hfdymy/1,
53,2017-12_Stagnation,428.3275,30.74,58.915,55.415,Chamber air (proxy),Parabolic dish solar cooker,0,https://data.mendeley.com/datasets/szp4hfdymy/1,
54,2017-12_Stagnation,430.845,30.72,59.27,55.77,Chamber air (proxy),Parabolic dish solar cooker,0,https://data.mendeley.com/datasets/szp4hfdymy/1,
55,2017-12_Stagnation,433.3625,30.7,59.625,56.125,Chamber air (proxy),Parabolic dish solar cooker,0,https://data.mendeley.com/datasets/szp4hfdymy/1,
56,2017-12_Stagnation,435.88,30.68,59.98,56.48,Chamber air (proxy),Parabolic dish solar cooker,0,https://data.mendeley.com/datasets/szp4hfdymy/1,
57,2017-12_Stagnation,438.3975,30.66,60.335,56.835,Chamber air (proxy),Parabolic dish solar cooker,0,https://data.mendeley.com/datasets/szp4hfdymy/1,
58,2017-12_Stagnation,440.915,30.64,60.69,57.19,Chamber air (proxy),Parabolic dish solar cooker,0,https://data.mendeley.com/datasets/szp4hfdymy/1,
59,2017-12_Stagnation,443.4325,30.62,61.045,57.545,Chamber air (proxy),Parabolic dish solar cooker,0,https://data.mendeley.com/datasets/szp4hfdymy/1,
60,2017-12_Stagnation,445.95,30.6,61.4,57.9,Chamber air (proxy),Parabolic dish solar cooker,0,https://data.mendeley.com/datasets/szp4hfdymy/1,
61,2017-12_Stagnation,449.3625,30.53,61.78,58.28,Chamber air (proxy),Parabolic dish solar cooker,0,https://data.mendeley.com/datasets/szp4hfdymy/1,
62,2017-12_Stagnation,452.775,30.46,62.16,58.66,Chamber air (proxy),Parabolic dish solar cooker,0,https://data.mendeley.com/datasets/szp4hfdymy/1,
63,2017-12_Stagnation,456.1875,30.39,62.54,59.04,Chamber air (proxy),Parabolic dish solar cooker,0,https://data.mendeley.com/datasets/szp4hfdymy/1,
64,2017-12_Stagnation,459.6,30.32,62.92,59.42,Chamber air (proxy),Parabolic dish solar cooker,0,https://data.mendeley.com/datasets/szp4hfdymy/1,
65,2017-12_Stagnation,463.0125,30.25,63.3,59.8,Chamber air (proxy),Parabolic dish solar cooker,0,https://data.mendeley.com/datasets/szp4hfdymy/1,
66,2017-12_Stagnation,466.425,30.18,63.68,60.18,Chamber air (proxy),Parabolic dish solar cooker,0,https://data.mendeley.com/datasets/szp4hfdymy/1,
67,2017-12_Stagnation,469.8375,30.11,64.06,60.56,Chamber air (proxy),Parabolic dish solar cooker,0,https://data.mendeley.com/datasets/szp4hfdymy/1,
68,2017-12_Stagnation,473.25,30.04,64.44,60.94,Chamber air (proxy),Parabolic dish solar cooker,0,https://data.mendeley.com/datasets/szp4hfdymy/1,
69,2017-12_Stagnation,476.6625,29.97,64.82,61.32,Chamber air (proxy),Parabolic dish solar cooker,0,https://data.mendeley.com/datasets/szp4hfdymy/1,
70,2017-12_Stagnation,480.075,29.9,65.2,61.7,Chamber air (proxy),Parabolic dish solar cooker,0,https://data.mendeley.com/datasets/szp4hfdymy/1,
71,2017-12_Stagnation,483.4875,29.83,65.58,62.08,Chamber air (proxy),Parabolic dish solar cooker,0,https://data.mendeley.com/datasets/szp4hfdymy/1,
72,2017-12_Stagnation,486.9,29.76,65.96,62.46,Chamber air (proxy),Parabolic dish solar cooker,0,https://data.mendeley.com/datasets/szp4hfdymy/1,
73,2017-12_Stagnation,490.3125,29.69,66.34,62.84,Chamber air (proxy),Parabolic dish solar cooker,0,https://data.mendeley.com/datasets/szp4hfdymy/1,
74,2017-12_Stagnation,493.725,29.62,66.72,63.22,Chamber air (proxy),Parabolic dish solar cooker,0,https://data.mendeley.com/datasets/szp4hfdymy/1,
75,2017-12_Stagnation,497.1375,29.55,67.1,63.6,Chamber air (proxy),Parabolic dish solar cooker,0,https://data.mendeley.com/datasets/szp4hfdymy/1,
76,2017-12_Stagnation,500.55,29.48,67.48,63.98,Chamber air (proxy),Parabolic dish solar cooker,0,https://data.mendeley.com/datasets/szp4hfdymy/1,
77,2017-12_Stagnation,503.9625,29.41,67.86,64.36,Chamber air (proxy),Parabolic dish solar cooker,0,https://data.mendeley.com/datasets/szp4hfdymy/1,
78,2017-12_Stagnation,507.375,29.34,68.24,64.74,Chamber air (proxy),Parabolic dish solar cooker,0,https://data.mendeley.com/datasets/szp4hfdymy/1,
79,2017-12_Stagnation,510.7875,29.27,68.62,65.12,Chamber air (proxy),Parabolic dish solar cooker,0,https://data.mendeley.com/datasets/szp4hfdymy/1,
80,2017-12_Stagnation,514.2,29.2,69,65.5,Chamber air (proxy),Parabolic dish solar cooker,0,https://data.mendeley.com/datasets/szp4hfdymy/1,
81,2017-12_Stagnation,520.52,29.36,69.565,66.065,Chamber air (proxy),Parabolic dish solar cooker,0,https://data.mendeley.com/datasets/szp4hfdymy/1,
82,2017-12_Stagnation,526.84,29.52,70.13,66.63,Chamber air (proxy),Parabolic dish solar cooker,0,https://data.mendeley.com/datasets/szp4hfdymy/1,
83,2017-12_Stagnation,533.16,29.68,70.695,67.195,Chamber air (proxy),Parabolic dish solar cooker,0,https://data.mendeley.com/datasets/szp4hfdymy/1,
84,2017-12_Stagnation,539.48,29.84,71.26,67.76,Chamber air (proxy),Parabolic dish solar cooker,0,https://data.mendeley.com/datasets/szp4hfdymy/1,
85,2017-12_Stagnation,545.8,30,71.825,68.325,Chamber air (proxy),Parabolic dish solar cooker,0,https://data.mendeley.com/datasets/szp4hfdymy/1,
86,2017-12_Stagnation,552.12,30.16,72.39,68.89,Chamber air (proxy),Parabolic dish solar cooker,0,https://data.mendeley.com/datasets/szp4hfdymy/1,
87,2017-12_Stagnation,558.44,30.32,72.955,69.455,Chamber air (proxy),Parabolic dish solar cooker,0,https://data.mendeley.com/datasets/szp4hfdymy/1,
88,2017-12_Stagnation,564.76,30.48,73.52,70.02,Chamber air (proxy),Parabolic dish solar cooker,0,https://data.mendeley.com/datasets/szp4hfdymy/1,
89,2017-12_Stagnation,571.08,30.64,74.085,70.585,Chamber air (proxy),Parabolic dish solar cooker,0,https://data.mendeley.com/datasets/szp4hfdymy/1,
90,2017-12_Stagnation,577.4,30.8,74.65,71.15,Chamber air (proxy),Parabolic dish solar cooker,0,https://data.mendeley.com/datasets/szp4hfdymy/1,
91,2017-12_Stagnation,583.72,30.96,75.215,71.715,Chamber air (proxy),Parabolic dish solar cooker,0,https://data.mendeley.com/datasets/szp4hfdymy/1,
92,2017-12_Stagnation,590.04,31.12,75.78,72.28,Chamber air (proxy),Parabolic dish solar cooker,0,https://data.mendeley.com/datasets/szp4hfdymy/1,
93,2017-12_Stagnation,596.36,31.28,76.345,72.845,Chamber air (proxy),Parabolic dish solar cooker,0,https://data.mendeley.com/datasets/szp4hfdymy/1,
94,2017-12_Stagnation,602.68,31.44,76.91,73.41,Chamber air (proxy),Parabolic dish solar cooker,0,https://data.mendeley.com/datasets/szp4hfdymy/1,
95,2017-12_Stagnation,609,31.6,77.475,73.975,Chamber air (proxy),Parabolic dish solar cooker,0,https://data.mendeley.com/datasets/szp4hfdymy/1,
96,2017-12_Stagnation,615.32,31.76,78.04,74.54,Chamber air (proxy),Parabolic dish solar cooker,0,https://data.mendeley.com/datasets/szp4hfdymy/1,
97,2017-12_Stagnation,621.64,31.92,78.605,75.105,Chamber air (proxy),Parabolic dish solar cooker,0,https://data.mendeley.com/datasets/szp4hfdymy/1,
98,2017-12_Stagnation,627.96,32.08,79.17,75.67,Chamber air (proxy),Parabolic dish solar cooker,0,https://data.mendeley.com/datasets/szp4hfdymy/1,
99,2017-12_Stagnation,634.28,32.24,79.735,76.235,Chamber air (proxy),Parabolic dish solar cooker,0,https://data.mendeley.com/datasets/szp4hfdymy/1,
100,2017-12_Stagnation,640.6,32.4,80.3,76.8,Chamber air (proxy),Parabolic dish solar cooker,0,https://data.mendeley.com/datasets/szp4hfdymy/1,
101,2017-12_Stagnation,646.135,32.375,81.265,77.765,Chamber air (proxy),Parabolic dish solar cooker,0,https://data.mendeley.com/datasets/szp4hfdymy/1,
102,2017-12_Stagnation,651.67,32.35,82.23,78.73,Chamber air (proxy),Parabolic dish solar cooker,0,https://data.mendeley.com/datasets/szp4hfdymy/1,
103,2017-12_Stagnation,657.205,32.325,83.195,79.695,Chamber air (proxy),Parabolic dish solar cooker,0,https://data.mendeley.com/datasets/szp4hfdymy/1,
104,2017-12_Stagnation,662.74,32.3,84.16,80.66,Chamber air (proxy),Parabolic dish solar cooker,0,https://data.mendeley.com/datasets/szp4hfdymy/1,
105,2017-12_Stagnation,668.275,32.275,85.125,81.625,Chamber air (proxy),Parabolic dish solar cooker,0,https://data.mendeley.com/datasets/szp4hfdymy/1,
106,2017-12_Stagnation,673.81,32.25,86.09,82.59,Chamber air (proxy),Parabolic dish solar cooker,0,https://data.mendeley.com/datasets/szp4hfdymy/1,
107,2017-12_Stagnation,679.345,32.225,87.055,83.555,Chamber air (proxy),Parabolic dish solar cooker,0,https://data.mendeley.com/datasets/szp4hfdymy/1,
108,2017-12_Stagnation,684.88,32.2,88.02,84.52,Chamber air (proxy),Parabolic dish solar cooker,0,https://data.mendeley.com/datasets/szp4hfdymy/1,
109,2017-12_Stagnation,690.415,32.175,88.985,85.485,Chamber air (proxy),Parabolic dish solar cooker,0,https://data.mendeley.com/datasets/szp4hfdymy/1,
110,2017-12_Stagnation,695.95,32.15,89.95,86.45,Chamber air (proxy),Parabolic dish solar cooker,0,https://data.mendeley.com/datasets/szp4hfdymy/1,
111,2017-12_Stagnation,701.485,32.125,90.915,87.415,Chamber air (proxy),Parabolic dish solar cooker,0,https://data.mendeley.com/datasets/szp4hfdymy/1,
112,2017-12_Stagnation,707.02,32.1,91.88,88.38,Chamber air (proxy),Parabolic dish solar cooker,0,https://data.mendeley.com/datasets/szp4hfdymy/1,
113,2017-12_Stagnation,712.555,32.075,92.845,89.345,Chamber air (proxy),Parabolic dish solar cooker,0,https://data.mendeley.com/datasets/szp4hfdymy/1,
114,2017-12_Stagnation,718.09,32.05,93.81,90.31,Chamber air (proxy),Parabolic dish solar cooker,0,https://data.mendeley.com/datasets/szp4hfdymy/1,
115,2017-12_Stagnation,723.625,32.025,94.775,91.275,Chamber air (proxy),Parabolic dish solar cooker,0,https://data.mendeley.com/datasets/szp4hfdymy/1,
116,2017-12_Stagnation,729.16,32,95.74,92.24,Chamber air (proxy),Parabolic dish solar cooker,0,https://data.mendeley.com/datasets/szp4hfdymy/1,
117,2017-12_Stagnation,734.695,31.975,96.705,93.205,Chamber air (proxy),Parabolic dish solar cooker,0,https://data.mendeley.com/datasets/szp4hfdymy/1,
118,2017-12_Stagnation,740.23,31.95,97.67,94.17,Chamber air (proxy),Parabolic dish solar cooker,0,https://data.mendeley.com/datasets/szp4hfdymy/1,
119,2017-12_Stagnation,745.765,31.925,98.635,95.135,Chamber air (proxy),Parabolic dish solar cooker,0,https://data.mendeley.com/datasets/szp4hfdymy/1,
120,2017-12_Stagnation,751.3,31.9,99.6,96.1,Chamber air (proxy),Parabolic dish solar cooker,0,https://data.mendeley.com/datasets/szp4hfdymy/1,
121,2017-12_Stagnation,749.225,31.92,99.76,96.26,Chamber air (proxy),Parabolic dish solar cooker,0,https://data.mendeley.com/datasets/szp4hfdymy/1,
122,2017-12_Stagnation,747.15,31.94,99.92,96.42,Chamber air (proxy),Parabolic dish solar cooker,0,https://data.mendeley.com/datasets/szp4hfdymy/1,
123,2017-12_Stagnation,745.075,31.96,100.08,96.58,Chamber air (proxy),Parabolic dish solar cooker,0,https://data.mendeley.com/datasets/szp4hfdymy/1,
124,2017-12_Stagnation,743,31.98,100.24,96.74,Chamber air (proxy),Parabolic dish solar cooker,0,https://data.mendeley.com/datasets/szp4hfdymy/1,
125,2017-12_Stagnation,740.925,32,100.4,96.9,Chamber air (proxy),Parabolic dish solar cooker,0,https://data.mendeley.com/datasets/szp4hfdymy/1,
126,2017-12_Stagnation,738.85,32.02,100.56,97.06,Chamber air (proxy),Parabolic dish solar cooker,0,https://data.mendeley.com/datasets/szp4hfdymy/1,
127,2017-12_Stagnation,736.775,32.04,100.72,97.22,Chamber air (proxy),Parabolic dish solar cooker,0,https://data.mendeley.com/datasets/szp4hfdymy/1,
128,2017-12_Stagnation,734.7,32.06,100.88,97.38,Chamber air (proxy),Parabolic dish solar cooker,0,https://data.mendeley.com/datasets/szp4hfdymy/1,
129,2017-12_Stagnation,732.625,32.08,101.04,97.54,Chamber air (proxy),Parabolic dish solar cooker,0,https://data.mendeley.com/datasets/szp4hfdymy/1,
130,2017-12_Stagnation,730.55,32.1,101.2,97.7,Chamber air (proxy),Parabolic dish solar cooker,0,https://data.mendeley.com/datasets/szp4hfdymy/1,
131,2017-12_Stagnation,728.475,32.12,101.36,97.86,Chamber air (proxy),Parabolic dish solar cooker,0,https://data.mendeley.com/datasets/szp4hfdymy/1,
132,2017-12_Stagnation,726.4,32.14,101.52,98.02,Chamber air (proxy),Parabolic dish solar cooker,0,https://data.mendeley.com/datasets/szp4hfdymy/1,
133,2017-12_Stagnation,724.325,32.16,101.68,98.18,Chamber air (proxy),Parabolic dish solar cooker,0,https://data.mendeley.com/datasets/szp4hfdymy/1,
134,2017-12_Stagnation,722.25,32.18,101.84,98.34,Chamber air (proxy),Parabolic dish solar cooker,0,https://data.mendeley.com/datasets/szp4hfdymy/1,
135,2017-12_Stagnation,720.175,32.2,102,98.5,Chamber air (proxy),Parabolic dish solar cooker,0,https://data.mendeley.com/datasets/szp4hfdymy/1,
136,2017-12_Stagnation,718.1,32.22,102.16,98.66,Chamber air (proxy),Parabolic dish solar cooker,0,https://data.mendeley.com/datasets/szp4hfdymy/1,
137,2017-12_Stagnation,716.025,32.24,102.32,98.82,Chamber air (proxy),Parabolic dish solar cooker,0,https://data.mendeley.com/datasets/szp4hfdymy/1,
138,2017-12_Stagnation,713.95,32.26,102.48,98.98,Chamber air (proxy),Parabolic dish solar cooker,0,https://data.mendeley.com/datasets/szp4hfdymy/1,
139,2017-12_Stagnation,711.875,32.28,102.64,99.14,Chamber air (proxy),Parabolic dish solar cooker,0,https://data.mendeley.com/datasets/szp4hfdymy/1,
140,2017-12_Stagnation,709.8,32.3,102.8,99.3,Chamber air (proxy),Parabolic dish solar cooker,0,https://data.mendeley.com/datasets/szp4hfdymy/1,
141,2017-12_Stagnation,714.59,32.31,103.005,99.45,Chamber air (proxy),Parabolic dish solar cooker,0,https://data.mendeley.com/datasets/szp4hfdymy/1,
142,2017-12_Stagnation,719.38,32.32,103.21,99.6,Chamber air (proxy),Parabolic dish solar cooker,0,https://data.mendeley.com/datasets/szp4hfdymy/1,
143,2017-12_Stagnation,724.17,32.33,103.415,99.75,Chamber air (proxy),Parabolic dish solar cooker,0,https://data.mendeley.com/datasets/szp4hfdymy/1,
144,2017-12_Stagnation,728.96,32.34,103.62,99.9,Chamber air (proxy),Parabolic dish solar cooker,0,https://data.mendeley.com/datasets/szp4hfdymy/1,
145,2017-12_Stagnation,733.75,32.35,103.825,100.05,Chamber air (proxy),Parabolic dish solar cooker,0,https://data.mendeley.com/datasets/szp4hfdymy/1,
146,2017-12_Stagnation,738.54,32.36,104.03,100.2,Chamber air (proxy),Parabolic dish solar cooker,0,https://data.mendeley.com/datasets/szp4hfdymy/1,
147,2017-12_Stagnation,743.33,32.37,104.235,100.35,Chamber air (proxy),Parabolic dish solar cooker,0,https://data.mendeley.com/datasets/szp4hfdymy/1,
148,2017-12_Stagnation,748.12,32.38,104.44,100.5,Chamber air (proxy),Parabolic dish solar cooker,0,https://data.mendeley.com/datasets/szp4hfdymy/1,
149,2017-12_Stagnation,752.91,32.39,104.645,100.65,Chamber air (proxy),Parabolic dish solar cooker,0,https://data.mendeley.com/datasets/szp4hfdymy/1,
150,2017-12_Stagnation,757.7,32.4,104.85,100.8,Chamber air (proxy),Parabolic dish solar cooker,0,https://data.mendeley.com/datasets/szp4hfdymy/1,
151,2017-12_Stagnation,762.49,32.41,105.055,100.95,Chamber air (proxy),Parabolic dish solar cooker,0,https://data.mendeley.com/datasets/szp4hfdymy/1,
152,2017-12_Stagnation,767.28,32.42,105.26,101.1,Chamber air (proxy),Parabolic dish solar cooker,0,https://data.mendeley.com/datasets/szp4hfdymy/1,
153,2017-12_Stagnation,772.07,32.43,105.465,101.25,Chamber air (proxy),Parabolic dish solar cooker,0,https://data.mendeley.com/datasets/szp4hfdymy/1,
154,2017-12_Stagnation,776.86,32.44,105.67,101.4,Chamber air (proxy),Parabolic dish solar cooker,0,https://data.mendeley.com/datasets/szp4hfdymy/1,
155,2017-12_Stagnation,781.65,32.45,105.875,101.55,Chamber air (proxy),Parabolic dish solar cooker,0,https://data.mendeley.com/datasets/szp4hfdymy/1,
156,2017-12_Stagnation,786.44,32.46,106.08,101.7,Chamber air (proxy),Parabolic dish solar cooker,0,https://data.mendeley.com/datasets/szp4hfdymy/1,
157,2017-12_Stagnation,791.23,32.47,106.285,101.85,Chamber air (proxy),Parabolic dish solar cooker,0,https://data.mendeley.com/datasets/szp4hfdymy/1,
158,2017-12_Stagnation,796.02,32.48,106.49,102,Chamber air (proxy),Parabolic dish solar cooker,0,https://data.mendeley.com/datasets/szp4hfdymy/1,
159,2017-12_Stagnation,800.81,32.49,106.695,102.15,Chamber air (proxy),Parabolic dish solar cooker,0,https://data.mendeley.com/datasets/szp4hfdymy/1,
160,2017-12_Stagnation,805.6,32.5,106.9,102.3,Chamber air (proxy),Parabolic dish solar cooker,0,https://data.mendeley.com/datasets/szp4hfdymy/1,
161,2017-12_Stagnation,809.045,32.545,106.835,102.235,Chamber air (proxy),Parabolic dish solar cooker,0,https://data.mendeley.com/datasets/szp4hfdymy/1,
162,2017-12_Stagnation,812.49,32.59,106.77,102.17,Chamber air (proxy),Parabolic dish solar cooker,0,https://data.mendeley.com/datasets/szp4hfdymy/1,
163,2017-12_Stagnation,815.935,32.635,106.705,102.105,Chamber air (proxy),Parabolic dish solar cooker,0,https://data.mendeley.com/datasets/szp4hfdymy/1,
164,2017-12_Stagnation,819.38,32.68,106.64,102.04,Chamber air (proxy),Parabolic dish solar cooker,0,https://data.mendeley.com/datasets/szp4hfdymy/1,
165,2017-12_Stagnation,822.825,32.725,106.575,101.975,Chamber air (proxy),Parabolic dish solar cooker,0,https://data.mendeley.com/datasets/szp4hfdymy/1,
166,2017-12_Stagnation,826.27,32.77,106.51,101.91,Chamber air (proxy),Parabolic dish solar cooker,0,https://data.mendeley.com/datasets/szp4hfdymy/1,
167,2017-12_Stagnation,829.715,32.815,106.445,101.845,Chamber air (proxy),Parabolic dish solar cooker,0,https://data.mendeley.com/datasets/szp4hfdymy/1,
168,2017-12_Stagnation,833.16,32.86,106.38,101.78,Chamber air (proxy),Parabolic dish solar cooker,0,https://data.mendeley.com/datasets/szp4hfdymy/1,
169,2017-12_Stagnation,836.605,32.905,106.315,101.715,Chamber air (proxy),Parabolic dish solar cooker,0,https://data.mendeley.com/datasets/szp4hfdymy/1,
170,2017-12_Stagnation,840.05,32.95,106.25,101.65,Chamber air (proxy),Parabolic dish solar cooker,0,https://data.mendeley.com/datasets/szp4hfdymy/1,
171,2017-12_Stagnation,843.495,32.995,106.185,101.585,Chamber air (proxy),Parabolic dish solar cooker,0,https://data.mendeley.com/datasets/szp4hfdymy/1,
172,2017-12_Stagnation,846.94,33.04,106.12,101.52,Chamber air (proxy),Parabolic dish solar cooker,0,https://data.mendeley.com/datasets/szp4hfdymy/1,
173,2017-12_Stagnation,850.385,33.085,106.055,101.455,Chamber air (proxy),Parabolic dish solar cooker,0,https://data.mendeley.com/datasets/szp4hfdymy/1,
174,2017-12_Stagnation,853.83,33.13,105.99,101.39,Chamber air (proxy),Parabolic dish solar cooker,0,https://data.mendeley.com/datasets/szp4hfdymy/1,
175,2017-12_Stagnation,857.275,33.175,105.925,101.325,Chamber air (proxy),Parabolic dish solar cooker,0,https://data.mendeley.com/datasets/szp4hfdymy/1,
176,2017-12_Stagnation,860.72,33.22,105.86,101.26,Chamber air (proxy),Parabolic dish solar cooker,0,https://data.mendeley.com/datasets/szp4hfdymy/1,
177,2017-12_Stagnation,864.165,33.265,105.795,101.195,Chamber air (proxy),Parabolic dish solar cooker,0,https://data.mendeley.com/datasets/szp4hfdymy/1,
178,2017-12_Stagnation,867.61,33.31,105.73,101.13,Chamber air (proxy),Parabolic dish solar cooker,0,https://data.mendeley.com/datasets/szp4hfdymy/1,
179,2017-12_Stagnation,871.055,33.355,105.665,101.065,Chamber air (proxy),Parabolic dish solar cooker,0,https://data.mendeley.com/datasets/szp4hfdymy/1,
180,2017-12_Stagnation,874.5,33.4,105.6,101,Chamber air (proxy),Parabolic dish solar cooker,0,https://data.mendeley.com/datasets/szp4hfdymy/1,
181,2017-12_Stagnation,870.52,33.195,105.625,101.025,Chamber air (proxy),Parabolic dish solar cooker,0,https://data.mendeley.com/datasets/szp4hfdymy/1,
182,2017-12_Stagnation,866.54,32.99,105.65,101.05,Chamber air (proxy),Parabolic dish solar cooker,0,https://data.mendeley.com/datasets/szp4hfdymy/1,
183,2017-12_Stagnation,862.56,32.785,105.675,101.075,Chamber air (proxy),Parabolic dish solar cooker,0,https://data.mendeley.com/datasets/szp4hfdymy/1,
184,2017-12_Stagnation,858.58,32.58,105.7,101.1,Chamber air (proxy),Parabolic dish solar cooker,0,https://data.mendeley.com/datasets/szp4hfdymy/1,
185,2017-12_Stagnation,854.6,32.375,105.725,101.125,Chamber air (proxy),Parabolic dish solar cooker,0,https://data.mendeley.com/datasets/szp4hfdymy/1,
186,2017-12_Stagnation,850.62,32.17,105.75,101.15,Chamber air (proxy),Parabolic dish solar cooker,0,https://data.mendeley.com/datasets/szp4hfdymy/1,
187,2017-12_Stagnation,846.64,31.965,105.775,101.175,Chamber air (proxy),Parabolic dish solar cooker,0,https://data.mendeley.com/datasets/szp4hfdymy/1,
188,2017-12_Stagnation,842.66,31.76,105.8,101.2,Chamber air (proxy),Parabolic dish solar cooker,0,https://data.mendeley.com/datasets/szp4hfdymy/1,
189,2017-12_Stagnation,838.68,31.555,105.825,101.225,Chamber air (proxy),Parabolic dish solar cooker,0,https://data.mendeley.com/datasets/szp4hfdymy/1,
190,2017-12_Stagnation,834.7,31.35,105.85,101.25,Chamber air (proxy),Parabolic dish solar cooker,0,https://data.mendeley.com/datasets/szp4hfdymy/1,
191,2017-12_Stagnation,830.72,31.145,105.875,101.275,Chamber air (proxy),Parabolic dish solar cooker,0,https://data.mendeley.com/datasets/szp4hfdymy/1,
192,2017-12_Stagnation,826.74,30.94,105.9,101.3,Chamber air (proxy),Parabolic dish solar cooker,0,https://data.mendeley.com/datasets/szp4hfdymy/1,
193,2017-12_Stagnation,822.76,30.735,105.925,101.325,Chamber air (proxy),Parabolic dish solar cooker,0,https://data.mendeley.com/datasets/szp4hfdymy/1,
194,2017-12_Stagnation,818.78,30.53,105.95,101.35,Chamber air (proxy),Parabolic dish solar cooker,0,https://data.mendeley.com/datasets/szp4hfdymy/1,
195,2017-12_Stagnation,814.8,30.325,105.975,101.375,Chamber air (proxy),Parabolic dish solar cooker,0,https://data.mendeley.com/datasets/szp4hfdymy/1,
196,2017-12_Stagnation,810.82,30.12,106,101.4,Chamber air (proxy),Parabolic dish solar cooker,0,https://data.mendeley.com/datasets/szp4hfdymy/1,
197,2017-12_Stagnation,806.84,29.915,106.025,101.425,Chamber air (proxy),Parabolic dish solar cooker,0,https://data.mendeley.com/datasets/szp4hfdymy/1,
198,2017-12_Stagnation,802.86,29.71,106.05,101.45,Chamber air (proxy),Parabolic dish solar cooker,0,https://data.mendeley.com/datasets/szp4hfdymy/1,
199,2017-12_Stagnation,798.88,29.505,106.075,101.475,Chamber air (proxy),Parabolic dish solar cooker,0,https://data.mendeley.com/datasets/szp4hfdymy/1,
200,2017-12_Stagnation,794.9,29.3,106.1,101.5,Chamber air (proxy),Parabolic dish solar cooker,0,https://data.mendeley.com/datasets/szp4hfdymy/1,
201,2017-12_Stagnation,799.09,29.395,106.1,101.5,Chamber air (proxy),Parabolic dish solar cooker,0,https://data.mendeley.com/datasets/szp4hfdymy/1,
202,2017-12_Stagnation,803.28,29.49,106.1,101.5,Chamber air (proxy),Parabolic dish solar cooker,0,https://data.mendeley.com/datasets/szp4hfdymy/1,
203,2017-12_Stagnation,807.47,29.585,106.1,101.5,Chamber air (proxy),Parabolic dish solar cooker,0,https://data.mendeley.com/datasets/szp4hfdymy/1,
204,2017-12_Stagnation,811.66,29.68,106.1,101.5,Chamber air (proxy),Parabolic dish solar cooker,0,https://data.mendeley.com/datasets/szp4hfdymy/1,
205,2017-12_Stagnation,815.85,29.775,106.1,101.5,Chamber air (proxy),Parabolic dish solar cooker,0,https://data.mendeley.com/datasets/szp4hfdymy/1,
206,2017-12_Stagnation,820.04,29.87,106.1,101.5,Chamber air (proxy),Parabolic dish solar cooker,0,https://data.mendeley.com/datasets/szp4hfdymy/1,
207,2017-12_Stagnation,824.23,29.965,106.1,101.5,Chamber air (proxy),Parabolic dish solar cooker,0,https://data.mendeley.com/datasets/szp4hfdymy/1,
208,2017-12_Stagnation,828.42,30.06,106.1,101.5,Chamber air (proxy),Parabolic dish solar cooker,0,https://data.mendeley.com/datasets/szp4hfdymy/1,
209,2017-12_Stagnation,832.61,30.155,106.1,101.5,Chamber air (proxy),Parabolic dish solar cooker,0,https://data.mendeley.com/datasets/szp4hfdymy/1,
210,2017-12_Stagnation,836.8,30.25,106.1,101.5,Chamber air (proxy),Parabolic dish solar cooker,0,https://data.mendeley.com/datasets/szp4hfdymy/1,
211,2017-12_Stagnation,840.99,30.345,106.1,101.5,Chamber air (proxy),Parabolic dish solar cooker,0,https://data.mendeley.com/datasets/szp4hfdymy/1,
212,2017-12_Stagnation,845.18,30.44,106.1,101.5,Chamber air (proxy),Parabolic dish solar cooker,0,https://data.mendeley.com/datasets/szp4hfdymy/1,
213,2017-12_Stagnation,849.37,30.535,106.1,101.5,Chamber air (proxy),Parabolic dish solar cooker,0,https://data.mendeley.com/datasets/szp4hfdymy/1,
214,2017-12_Stagnation,853.56,30.63,106.1,101.5,Chamber air (proxy),Parabolic dish solar cooker,0,https://data.mendeley.com/datasets/szp4hfdymy/1,
215,2017-12_Stagnation,857.75,30.725,106.1,101.5,Chamber air (proxy),Parabolic dish solar cooker,0,https://data.mendeley.com/datasets/szp4hfdymy/1,
216,2017-12_Stagnation,861.94,30.82,106.1,101.5,Chamber air (proxy),Parabolic dish solar cooker,0,https://data.mendeley.com/datasets/szp4hfdymy/1,
217,2017-12_Stagnation,866.13,30.915,106.1,101.5,Chamber air (proxy),Parabolic dish solar cooker,0,https://data.mendeley.com/datasets/szp4hfdymy/1,
218,2017-12_Stagnation,870.32,31.01,106.1,101.5,Chamber air (proxy),Parabolic dish solar cooker,0,https://data.mendeley.com/datasets/szp4hfdymy/1,
219,2017-12_Stagnation,874.51,31.105,106.1,101.5,Chamber air (proxy),Parabolic dish solar cooker,0,https://data.mendeley.com/datasets/szp4hfdymy/1,
220,2017-12_Stagnation,878.7,31.2,106.1,101.5,Chamber air (proxy),Parabolic dish solar cooker,0,https://data.mendeley.com/datasets/szp4hfdymy/1,
221,2017-12_Stagnation,881.62,31.165,106,101.4,Chamber air (proxy),Parabolic dish solar cooker,0,https://data.mendeley.com/datasets/szp4hfdymy/1,
222,2017-12_Stagnation,884.54,31.13,105.9,101.3,Chamber air (proxy),Parabolic dish solar cooker,0,https://data.mendeley.com/datasets/szp4hfdymy/1,
223,2017-12_Stagnation,887.46,31.095,105.8,101.2,Chamber air (proxy),Parabolic dish solar cooker,0,https://data.mendeley.com/datasets/szp4hfdymy/1,
224,2017-12_Stagnation,890.38,31.06,105.7,101.1,Chamber air (proxy),Parabolic dish solar cooker,0,https://data.mendeley.com/datasets/szp4hfdymy/1,
225,2017-12_Stagnation,893.3,31.025,105.6,101,Chamber air (proxy),Parabolic dish solar cooker,0,https://data.mendeley.com/datasets/szp4hfdymy/1,
226,2017-12_Stagnation,896.22,30.99,105.5,100.9,Chamber air (proxy),Parabolic dish solar cooker,0,https://data.mendeley.com/datasets/szp4hfdymy/1,
227,2017-12_Stagnation,899.14,30.955,105.4,100.8,Chamber air (proxy),Parabolic dish solar cooker,0,https://data.mendeley.com/datasets/szp4hfdymy/1,
228,2017-12_Stagnation,902.06,30.92,105.3,100.7,Chamber air (proxy),Parabolic dish solar cooker,0,https://data.mendeley.com/datasets/szp4hfdymy/1,
229,2017-12_Stagnation,904.98,30.885,105.2,100.6,Chamber air (proxy),Parabolic dish solar cooker,0,https://data.mendeley.com/datasets/szp4hfdymy/1,
230,2017-12_Stagnation,907.9,30.85,105.1,100.5,Chamber air (proxy),Parabolic dish solar cooker,0,https://data.mendeley.com/datasets/szp4hfdymy/1,
231,2017-12_Stagnation,910.82,30.815,105,100.4,Chamber air (proxy),Parabolic dish solar cooker,0,https://data.mendeley.com/datasets/szp4hfdymy/1,
232,2017-12_Stagnation,913.74,30.78,104.9,100.3,Chamber air (proxy),Parabolic dish solar cooker,0,https://data.mendeley.com/datasets/szp4hfdymy/1,
233,2017-12_Stagnation,916.66,30.745,104.8,100.2,Chamber air (proxy),Parabolic dish solar cooker,0,https://data.mendeley.com/datasets/szp4hfdymy/1,
234,2017-12_Stagnation,919.58,30.71,104.7,100.1,Chamber air (proxy),Parabolic dish solar cooker,0,https://data.mendeley.com/datasets/szp4hfdymy/1,
235,2017-12_Stagnation,922.5,30.675,104.6,100,Chamber air (proxy),Parabolic dish solar cooker,0,https://data.mendeley.com/datasets/szp4hfdymy/1,
236,2017-12_Stagnation,925.42,30.64,104.5,99.9,Chamber air (proxy),Parabolic dish solar cooker,0,https://data.mendeley.com/datasets/szp4hfdymy/1,
237,2017-12_Stagnation,928.34,30.605,104.4,99.8,Chamber air (proxy),Parabolic dish solar cooker,0,https://data.mendeley.com/datasets/szp4hfdymy/1,
238,2017-12_Stagnation,931.26,30.57,104.3,99.7,Chamber air (proxy),Parabolic dish solar cooker,0,https://data.mendeley.com/datasets/szp4hfdymy/1,
239,2017-12_Stagnation,934.18,30.535,104.2,99.6,Chamber air (proxy),Parabolic dish solar cooker,0,https://data.mendeley.com/datasets/szp4hfdymy/1,
240,2017-12_Stagnation,937.1,30.5,104.1,99.5,Chamber air (proxy),Parabolic dish solar cooker,0,https://data.mendeley.com/datasets/szp4hfdymy/1,
241,2017-12_Stagnation,928.255,30.48,104.04,99.44,Chamber air (proxy),Parabolic dish solar cooker,0,https://data.mendeley.com/datasets/szp4hfdymy/1,
242,2017-12_Stagnation,919.41,30.46,103.98,99.38,Chamber air (proxy),Parabolic dish solar cooker,0,https://data.mendeley.com/datasets/szp4hfdymy/1,
243,2017-12_Stagnation,910.565,30.44,103.92,99.32,Chamber air (proxy),Parabolic dish solar cooker,0,https://data.mendeley.com/datasets/szp4hfdymy/1,
244,2017-12_Stagnation,901.72,30.42,103.86,99.26,Chamber air (proxy),Parabolic dish solar cooker,0,https://data.mendeley.com/datasets/szp4hfdymy/1,
245,2017-12_Stagnation,892.875,30.4,103.8,99.2,Chamber air (proxy),Parabolic dish solar cooker,0,https://data.mendeley.com/datasets/szp4hfdymy/1,
246,2017-12_Stagnation,884.03,30.38,103.74,99.14,Chamber air (proxy),Parabolic dish solar cooker,0,https://data.mendeley.com/datasets/szp4hfdymy/1,
247,2017-12_Stagnation,875.185,30.36,103.68,99.08,Chamber air (proxy),Parabolic dish solar cooker,0,https://data.mendeley.com/datasets/szp4hfdymy/1,
248,2017-12_Stagnation,866.34,30.34,103.62,99.02,Chamber air (proxy),Parabolic dish solar cooker,0,https://data.mendeley.com/datasets/szp4hfdymy/1,
249,2017-12_Stagnation,857.495,30.32,103.56,98.96,Chamber air (proxy),Parabolic dish solar cooker,0,https://data.mendeley.com/datasets/szp4hfdymy/1,
250,2017-12_Stagnation,848.65,30.3,103.5,98.9,Chamber air (proxy),Parabolic dish solar cooker,0,https://data.mendeley.com/datasets/szp4hfdymy/1,
251,2017-12_Stagnation,839.805,30.28,103.44,98.84,Chamber air (proxy),Parabolic dish solar cooker,0,https://data.mendeley.com/datasets/szp4hfdymy/1,
252,2017-12_Stagnation,830.96,30.26,103.38,98.78,Chamber air (proxy),Parabolic dish solar cooker,0,https://data.mendeley.com/datasets/szp4hfdymy/1,
253,2017-12_Stagnation,822.115,30.24,103.32,98.72,Chamber air (proxy),Parabolic dish solar cooker,0,https://data.mendeley.com/datasets/szp4hfdymy/1,
254,2017-12_Stagnation,813.27,30.22,103.26,98.66,Chamber air (proxy),Parabolic dish solar cooker,0,https://data.mendeley.com/datasets/szp4hfdymy/1,
255,2017-12_Stagnation,804.425,30.2,103.2,98.6,Chamber air (proxy),Parabolic dish solar cooker,0,https://data.mendeley.com/datasets/szp4hfdymy/1,
256,2017-12_Stagnation,795.58,30.18,103.14,98.54,Chamber air (proxy),Parabolic dish solar cooker,0,https://data.mendeley.com/datasets/szp4hfdymy/1,
257,2017-12_Stagnation,786.735,30.16,103.08,98.48,Chamber air (proxy),Parabolic dish solar cooker,0,https://data.mendeley.com/datasets/szp4hfdymy/1,
258,2017-12_Stagnation,777.89,30.14,103.02,98.42,Chamber air (proxy),Parabolic dish solar cooker,0,https://data.mendeley.com/datasets/szp4hfdymy/1,
259,2017-12_Stagnation,769.045,30.12,102.96,98.36,Chamber air (proxy),Parabolic dish solar cooker,0,https://data.mendeley.com/datasets/szp4hfdymy/1,
260,2017-12_Stagnation,760.2,30.1,102.9,98.3,Chamber air (proxy),Parabolic dish solar cooker,0,https://data.mendeley.com/datasets/szp4hfdymy/1,
261,2017-12_Stagnation,763.555,30.05,102.575,97.975,Chamber air (proxy),Parabolic dish solar cooker,0,https://data.mendeley.com/datasets/szp4hfdymy/1,
262,2017-12_Stagnation,766.91,30,102.25,97.65,Chamber air (proxy),Parabolic dish solar cooker,0,https://data.mendeley.com/datasets/szp4hfdymy/1,
263,2017-12_Stagnation,770.265,29.95,101.925,97.325,Chamber air (proxy),Parabolic dish solar cooker,0,https://data.mendeley.com/datasets/szp4hfdymy/1,
264,2017-12_Stagnation,773.62,29.9,101.6,97,Chamber air (proxy),Parabolic dish solar cooker,0,https://data.mendeley.com/datasets/szp4hfdymy/1,
265,2017-12_Stagnation,776.975,29.85,101.275,96.675,Chamber air (proxy),Parabolic dish solar cooker,0,https://data.mendeley.com/datasets/szp4hfdymy/1,
266,2017-12_Stagnation,780.33,29.8,100.95,96.35,Chamber air (proxy),Parabolic dish solar cooker,0,https://data.mendeley.com/datasets/szp4hfdymy/1,
267,2017-12_Stagnation,783.685,29.75,100.625,96.025,Chamber air (proxy),Parabolic dish solar cooker,0,https://data.mendeley.com/datasets/szp4hfdymy/1,
268,2017-12_Stagnation,787.04,29.7,100.3,95.7,Chamber air (proxy),Parabolic dish solar cooker,0,https://data.mendeley.com/datasets/szp4hfdymy/1,
269,2017-12_Stagnation,790.395,29.65,99.975,95.375,Chamber air (proxy),Parabolic dish solar cooker,0,https://data.mendeley.com/datasets/szp4hfdymy/1,
270,2017-12_Stagnation,793.75,29.6,99.65,95.05,Chamber air (proxy),Parabolic dish solar cooker,0,https://data.mendeley.com/datasets/szp4hfdymy/1,
271,2017-12_Stagnation,797.105,29.55,99.325,94.725,Chamber air (proxy),Parabolic dish solar cooker,0,https://data.mendeley.com/datasets/szp4hfdymy/1,
272,2017-12_Stagnation,800.46,29.5,99,94.4,Chamber air (proxy),Parabolic dish solar cooker,0,https://data.mendeley.com/datasets/szp4hfdymy/1,
273,2017-12_Stagnation,803.815,29.45,98.675,94.075,Chamber air (proxy),Parabolic dish solar cooker,0,https://data.mendeley.com/datasets/szp4hfdymy/1,
274,2017-12_Stagnation,807.17,29.4,98.35,93.75,Chamber air (proxy),Parabolic dish solar cooker,0,https://data.mendeley.com/datasets/szp4hfdymy/1,
275,2017-12_Stagnation,810.525,29.35,98.025,93.425,Chamber air (proxy),Parabolic dish solar cooker,0,https://data.mendeley.com/datasets/szp4hfdymy/1,
276,2017-12_Stagnation,813.88,29.3,97.7,93.1,Chamber air (proxy),Parabolic dish solar cooker,0,https://data.mendeley.com/datasets/szp4hfdymy/1,
277,2017-12_Stagnation,817.235,29.25,97.375,92.775,Chamber air (proxy),Parabolic dish solar cooker,0,https://data.mendeley.com/datasets/szp4hfdymy/1,
278,2017-12_Stagnation,820.59,29.2,97.05,92.45,Chamber air (proxy),Parabolic dish solar cooker,0,https://data.mendeley.com/datasets/szp4hfdymy/1,
279,2017-12_Stagnation,823.945,29.15,96.725,92.125,Chamber air (proxy),Parabolic dish solar cooker,0,https://data.mendeley.com/datasets/szp4hfdymy/1,
280,2017-12_Stagnation,827.3,29.1,96.4,91.8,Chamber air (proxy),Parabolic dish solar cooker,0,https://data.mendeley.com/datasets/szp4hfdymy/1,
281,2017-12_Stagnation,827.605,29.105,96.84,92.24,Chamber air (proxy),Parabolic dish solar cooker,0,https://data.mendeley.com/datasets/szp4hfdymy/1,
282,2017-12_Stagnation,827.91,29.11,97.28,92.68,Chamber air (proxy),Parabolic dish solar cooker,0,https://data.mendeley.com/datasets/szp4hfdymy/1,
283,2017-12_Stagnation,828.215,29.115,97.72,93.12,Chamber air (proxy),Parabolic dish solar cooker,0,https://data.mendeley.com/datasets/szp4hfdymy/1,
284,2017-12_Stagnation,828.52,29.12,98.16,93.56,Chamber air (proxy),Parabolic dish solar cooker,0,https://data.mendeley.com/datasets/szp4hfdymy/1,
285,2017-12_Stagnation,828.825,29.125,98.6,94,Chamber air (proxy),Parabolic dish solar cooker,0,https://data.mendeley.com/datasets/szp4hfdymy/1,
286,2017-12_Stagnation,829.13,29.13,99.04,94.44,Chamber air (proxy),Parabolic dish solar cooker,0,https://data.mendeley.com/datasets/szp4hfdymy/1,
287,2017-12_Stagnation,829.435,29.135,99.48,94.88,Chamber air (proxy),Parabolic dish solar cooker,0,https://data.mendeley.com/datasets/szp4hfdymy/1,
288,2017-12_Stagnation,829.74,29.14,99.92,95.32,Chamber air (proxy),Parabolic dish solar cooker,0,https://data.mendeley.com/datasets/szp4hfdymy/1,
289,2017-12_Stagnation,830.045,29.145,100.36,95.76,Chamber air (proxy),Parabolic dish solar cooker,0,https://data.mendeley.com/datasets/szp4hfdymy/1,
290,2017-12_Stagnation,830.35,29.15,100.8,96.2,Chamber air (proxy),Parabolic dish solar cooker,0,https://data.mendeley.com/datasets/szp4hfdymy/1,
291,2017-12_Stagnation,830.655,29.155,101.24,96.64,Chamber air (proxy),Parabolic dish solar cooker,0,https://data.mendeley.com/datasets/szp4hfdymy/1,
292,2017-12_Stagnation,830.96,29.16,101.68,97.08,Chamber air (proxy),Parabolic dish solar cooker,0,https://data.mendeley.com/datasets/szp4hfdymy/1,
293,2017-12_Stagnation,831.265,29.165,102.12,97.52,Chamber air (proxy),Parabolic dish solar cooker,0,https://data.mendeley.com/datasets/szp4hfdymy/1,
294,2017-12_Stagnation,831.57,29.17,102.56,97.96,Chamber air (proxy),Parabolic dish solar cooker,0,https://data.mendeley.com/datasets/szp4hfdymy/1,
295,2017-12_Stagnation,831.875,29.175,103,98.4,Chamber air (proxy),Parabolic dish solar cooker,0,https://data.mendeley.com/datasets/szp4hfdymy/1,
296,2017-12_Stagnation,832.18,29.18,103.44,98.84,Chamber air (proxy),Parabolic dish solar cooker,0,https://data.mendeley.com/datasets/szp4hfdymy/1,
297,2017-12_Stagnation,832.485,29.185,103.88,99.28,Chamber air (proxy),Parabolic dish solar cooker,0,https://data.mendeley.com/datasets/szp4hfdymy/1,
298,2017-12_Stagnation,832.79,29.19,104.32,99.72,Chamber air (proxy),Parabolic dish solar cooker,0,https://data.mendeley.com/datasets/szp4hfdymy/1,
299,2017-12_Stagnation,833.095,29.195,104.76,100.16,Chamber air (proxy),Parabolic dish solar cooker,0,https://data.mendeley.com/datasets/szp4hfdymy/1,
300,2017-12_Stagnation,833.4,29.2,105.2,100.6,Chamber air (proxy),Parabolic dish solar cooker,0,https://data.mendeley.com/datasets/szp4hfdymy/1,
301,2017-12_Stagnation,830.76,29.26,105.105,100.505,Chamber air (proxy),Parabolic dish solar cooker,0,https://data.mendeley.com/datasets/szp4hfdymy/1,
302,2017-12_Stagnation,828.12,29.32,105.01,100.41,Chamber air (proxy),Parabolic dish solar cooker,0,https://data.mendeley.com/datasets/szp4hfdymy/1,
303,2017-12_Stagnation,825.48,29.38,104.915,100.315,Chamber air (proxy),Parabolic dish solar cooker,0,https://data.mendeley.com/datasets/szp4hfdymy/1,
304,2017-12_Stagnation,822.84,29.44,104.82,100.22,Chamber air (proxy),Parabolic dish solar cooker,0,https://data.mendeley.com/datasets/szp4hfdymy/1,
305,2017-12_Stagnation,820.2,29.5,104.725,100.125,Chamber air (proxy),Parabolic dish solar cooker,0,https://data.mendeley.com/datasets/szp4hfdymy/1,
306,2017-12_Stagnation,817.56,29.56,104.63,100.03,Chamber air (proxy),Parabolic dish solar cooker,0,https://data.mendeley.com/datasets/szp4hfdymy/1,
307,2017-12_Stagnation,814.92,29.62,104.535,99.935,Chamber air (proxy),Parabolic dish solar cooker,0,https://data.mendeley.com/datasets/szp4hfdymy/1,
308,2017-12_Stagnation,812.28,29.68,104.44,99.84,Chamber air (proxy),Parabolic dish solar cooker,0,https://data.mendeley.com/datasets/szp4hfdymy/1,
309,2017-12_Stagnation,809.64,29.74,104.345,99.745,Chamber air (proxy),Parabolic dish solar cooker,0,https://data.mendeley.com/datasets/szp4hfdymy/1,
310,2017-12_Stagnation,807,29.8,104.25,99.65,Chamber air (proxy),Parabolic dish solar cooker,0,https://data.mendeley.com/datasets/szp4hfdymy/1,
311,2017-12_Stagnation,804.36,29.86,104.155,99.555,Chamber air (proxy),Parabolic dish solar cooker,0,https://data.mendeley.com/datasets/szp4hfdymy/1,
312,2017-12_Stagnation,801.72,29.92,104.06,99.46,Chamber air (proxy),Parabolic dish solar cooker,0,https://data.mendeley.com/datasets/szp4hfdymy/1,
313,2017-12_Stagnation,799.08,29.98,103.965,99.365,Chamber air (proxy),Parabolic dish solar cooker,0,https://data.mendeley.com/datasets/szp4hfdymy/1,
314,2017-12_Stagnation,796.44,30.04,103.87,99.27,Chamber air (proxy),Parabolic dish solar cooker,0,https://data.mendeley.com/datasets/szp4hfdymy/1,
315,2017-12_Stagnation,793.8,30.1,103.775,99.175,Chamber air (proxy),Parabolic dish solar cooker,0,https://data.mendeley.com/datasets/szp4hfdymy/1,
316,2017-12_Stagnation,791.16,30.16,103.68,99.08,Chamber air (proxy),Parabolic dish solar cooker,0,https://data.mendeley.com/datasets/szp4hfdymy/1,
317,2017-12_Stagnation,788.52,30.22,103.585,98.985,Chamber air (proxy),Parabolic dish solar cooker,0,https://data.mendeley.com/datasets/szp4hfdymy/1,
318,2017-12_Stagnation,785.88,30.28,103.49,98.89,Chamber air (proxy),Parabolic dish solar cooker,0,https://data.mendeley.com/datasets/szp4hfdymy/1,
319,2017-12_Stagnation,783.24,30.34,103.395,98.795,Chamber air (proxy),Parabolic dish solar cooker,0,https://data.mendeley.com/datasets/szp4hfdymy/1,
320,2017-12_Stagnation,780.6,30.4,103.3,98.7,Chamber air (proxy),Parabolic dish solar cooker,0,https://data.mendeley.com/datasets/szp4hfdymy/1,
321,2017-12_Stagnation,779,30.245,103.3,98.91,Chamber air (proxy),Parabolic dish solar cooker,0,https://data.mendeley.com/datasets/szp4hfdymy/1,
322,2017-12_Stagnation,777.4,30.09,103.3,99.12,Chamber air (proxy),Parabolic dish solar cooker,0,https://data.mendeley.com/datasets/szp4hfdymy/1,
323,2017-12_Stagnation,775.8,29.935,103.3,99.33,Chamber air (proxy),Parabolic dish solar cooker,0,https://data.mendeley.com/datasets/szp4hfdymy/1,
324,2017-12_Stagnation,774.2,29.78,103.3,99.54,Chamber air (proxy),Parabolic dish solar cooker,0,https://data.mendeley.com/datasets/szp4hfdymy/1,
325,2017-12_Stagnation,772.6,29.625,103.3,99.75,Chamber air (proxy),Parabolic dish solar cooker,0,https://data.mendeley.com/datasets/szp4hfdymy/1,
326,2017-12_Stagnation,771,29.47,103.3,99.96,Chamber air (proxy),Parabolic dish solar cooker,0,https://data.mendeley.com/datasets/szp4hfdymy/1,
327,2017-12_Stagnation,769.4,29.315,103.3,100.17,Chamber air (proxy),Parabolic dish solar cooker,0,https://data.mendeley.com/datasets/szp4hfdymy/1,
328,2017-12_Stagnation,767.8,29.16,103.3,100.38,Chamber air (proxy),Parabolic dish solar cooker,0,https://data.mendeley.com/datasets/szp4hfdymy/1,
329,2017-12_Stagnation,766.2,29.005,103.3,100.59,Chamber air (proxy),Parabolic dish solar cooker,0,https://data.mendeley.com/datasets/szp4hfdymy/1,
330,2017-12_Stagnation,764.6,28.85,103.3,100.8,Chamber air (proxy),Parabolic dish solar cooker,0,https://data.mendeley.com/datasets/szp4hfdymy/1,
331,2017-12_Stagnation,763,28.695,103.3,101.01,Chamber air (proxy),Parabolic dish solar cooker,0,https://data.mendeley.com/datasets/szp4hfdymy/1,
332,2017-12_Stagnation,761.4,28.54,103.3,101.22,Chamber air (proxy),Parabolic dish solar cooker,0,https://data.mendeley.com/datasets/szp4hfdymy/1,
333,2017-12_Stagnation,759.8,28.385,103.3,101.43,Chamber air (proxy),Parabolic dish solar cooker,0,https://data.mendeley.com/datasets/szp4hfdymy/1,
334,2017-12_Stagnation,758.2,28.23,103.3,101.64,Chamber air (proxy),Parabolic dish solar cooker,0,https://data.mendeley.com/datasets/szp4hfdymy/1,
335,2017-12_Stagnation,756.6,28.075,103.3,101.85,Chamber air (proxy),Parabolic dish solar cooker,0,https://data.mendeley.com/datasets/szp4hfdymy/1,
336,2017-12_Stagnation,755,27.92,103.3,102.06,Chamber air (proxy),Parabolic dish solar cooker,0,https://data.mendeley.com/datasets/szp4hfdymy/1,
337,2017-12_Stagnation,753.4,27.765,103.3,102.27,Chamber air (proxy),Parabolic dish solar cooker,0,https://data.mendeley.com/datasets/szp4hfdymy/1,
338,2017-12_Stagnation,751.8,27.61,103.3,102.48,Chamber air (proxy),Parabolic dish solar cooker,0,https://data.mendeley.com/datasets/szp4hfdymy/1,
339,2017-12_Stagnation,750.2,27.455,103.3,102.69,Chamber air (proxy),Parabolic dish solar cooker,0,https://data.mendeley.com/datasets/szp4hfdymy/1,
340,2017-12_Stagnation,748.6,27.3,103.3,102.9,Chamber air (proxy),Parabolic dish solar cooker,0,https://data.mendeley.com/datasets/szp4hfdymy/1,
341,2017-12_Stagnation,746.96,27.385,102.795,102.455,Chamber air (proxy),Parabolic dish solar cooker,0,https://data.mendeley.com/datasets/szp4hfdymy/1,
342,2017-12_Stagnation,745.32,27.47,102.29,102.01,Chamber air (proxy),Parabolic dish solar cooker,0,https://data.mendeley.com/datasets/szp4hfdymy/1,
343,2017-12_Stagnation,743.68,27.555,101.785,101.565,Chamber air (proxy),Parabolic dish solar cooker,0,https://data.mendeley.com/datasets/szp4hfdymy/1,
344,2017-12_Stagnation,742.04,27.64,101.28,101.12,Chamber air (proxy),Parabolic dish solar cooker,0,https://data.mendeley.com/datasets/szp4hfdymy/1,
345,2017-12_Stagnation,740.4,27.725,100.775,100.675,Chamber air (proxy),Parabolic dish solar cooker,0,https://data.mendeley.com/datasets/szp4hfdymy/1,
346,2017-12_Stagnation,738.76,27.81,100.27,100.23,Chamber air (proxy),Parabolic dish solar cooker,0,https://data.mendeley.com/datasets/szp4hfdymy/1,
347,2017-12_Stagnation,737.12,27.895,99.765,99.785,Chamber air (proxy),Parabolic dish solar cooker,0,https://data.mendeley.com/datasets/szp4hfdymy/1,
348,2017-12_Stagnation,735.48,27.98,99.26,99.34,Chamber air (proxy),Parabolic dish solar cooker,0,https://data.mendeley.com/datasets/szp4hfdymy/1,
349,2017-12_Stagnation,733.84,28.065,98.755,98.895,Chamber air (proxy),Parabolic dish solar cooker,0,https://data.mendeley.com/datasets/szp4hfdymy/1,
350,2017-12_Stagnation,732.2,28.15,98.25,98.45,Chamber air (proxy),Parabolic dish solar cooker,0,https://data.mendeley.com/datasets/szp4hfdymy/1,
351,2017-12_Stagnation,730.56,28.235,97.745,98.005,Chamber air (proxy),Parabolic dish solar cooker,0,https://data.mendeley.com/datasets/szp4hfdymy/1,
352,2017-12_Stagnation,728.92,28.32,97.24,97.56,Chamber air (proxy),Parabolic dish solar cooker,0,https://data.mendeley.com/datasets/szp4hfdymy/1,
353,2017-12_Stagnation,727.28,28.405,96.735,97.115,Chamber air (proxy),Parabolic dish solar cooker,0,https://data.mendeley.com/datasets/szp4hfdymy/1,
354,2017-12_Stagnation,725.64,28.49,96.23,96.67,Chamber air (proxy),Parabolic dish solar cooker,0,https://data.mendeley.com/datasets/szp4hfdymy/1,
355,2017-12_Stagnation,724,28.575,95.725,96.225,Chamber air (proxy),Parabolic dish solar cooker,0,https://data.mendeley.com/datasets/szp4hfdymy/1,
356,2017-12_Stagnation,722.36,28.66,95.22,95.78,Chamber air (proxy),Parabolic dish solar cooker,0,https://data.mendeley.com/datasets/szp4hfdymy/1,
357,2017-12_Stagnation,720.72,28.745,94.715,95.335,Chamber air (proxy),Parabolic dish solar cooker,0,https://data.mendeley.com/datasets/szp4hfdymy/1,
358,2017-12_Stagnation,719.08,28.83,94.21,94.89,Chamber air (proxy),Parabolic dish solar cooker,0,https://data.mendeley.com/datasets/szp4hfdymy/1,
359,2017-12_Stagnation,717.44,28.915,93.705,94.445,Chamber air (proxy),Parabolic dish solar cooker,0,https://data.mendeley.com/datasets/szp4hfdymy/1,
360,2017-12_Stagnation,715.8,29,93.2,94,Chamber air (proxy),Parabolic dish solar cooker,0,https://data.mendeley.com/datasets/szp4hfdymy/1,
361,2017-12_Stagnation,712.175,28.915,92.95,93.75,Chamber air (proxy),Parabolic dish solar cooker,0,https://data.mendeley.com/datasets/szp4hfdymy/1,
362,2017-12_Stagnation,708.55,28.83,92.7,93.5,Chamber air (proxy),Parabolic dish solar cooker,0,https://data.mendeley.com/datasets/szp4hfdymy/1,
363,2017-12_Stagnation,704.925,28.745,92.45,93.25,Chamber air (proxy),Parabolic dish solar cooker,0,https://data.mendeley.com/datasets/szp4hfdymy/1,
364,2017-12_Stagnation,701.3,28.66,92.2,93,Chamber air (proxy),Parabolic dish solar cooker,0,https://data.mendeley.com/datasets/szp4hfdymy/1,
365,2017-12_Stagnation,697.675,28.575,91.95,92.75,Chamber air (proxy),Parabolic dish solar cooker,0,https://data.mendeley.com/datasets/szp4hfdymy/1,
366,2017-12_Stagnation,694.05,28.49,91.7,92.5,Chamber air (proxy),Parabolic dish solar cooker,0,https://data.mendeley.com/datasets/szp4hfdymy/1,
367,2017-12_Stagnation,690.425,28.405,91.45,92.25,Chamber air (proxy),Parabolic dish solar cooker,0,https://data.mendeley.com/datasets/szp4hfdymy/1,
368,2017-12_Stagnation,686.8,28.32,91.2,92,Chamber air (proxy),Parabolic dish solar cooker,0,https://data.mendeley.com/datasets/szp4hfdymy/1,
369,2017-12_Stagnation,683.175,28.235,90.95,91.75,Chamber air (proxy),Parabolic dish solar cooker,0,https://data.mendeley.com/datasets/szp4hfdymy/1,
370,2017-12_Stagnation,679.55,28.15,90.7,91.5,Chamber air (proxy),Parabolic dish solar cooker,0,https://data.mendeley.com/datasets/szp4hfdymy/1,
371,2017-12_Stagnation,675.925,28.065,90.45,91.25,Chamber air (proxy),Parabolic dish solar cooker,0,https://data.mendeley.com/datasets/szp4hfdymy/1,
372,2017-12_Stagnation,672.3,27.98,90.2,91,Chamber air (proxy),Parabolic dish solar cooker,0,https://data.mendeley.com/datasets/szp4hfdymy/1,
373,2017-12_Stagnation,668.675,27.895,89.95,90.75,Chamber air (proxy),Parabolic dish solar cooker,0,https://data.mendeley.com/datasets/szp4hfdymy/1,
374,2017-12_Stagnation,665.05,27.81,89.7,90.5,Chamber air (proxy),Parabolic dish solar cooker,0,https://data.mendeley.com/datasets/szp4hfdymy/1,
375,2017-12_Stagnation,661.425,27.725,89.45,90.25,Chamber air (proxy),Parabolic dish solar cooker,0,https://data.mendeley.com/datasets/szp4hfdymy/1,
376,2017-12_Stagnation,657.8,27.64,89.2,90,Chamber air (proxy),Parabolic dish solar cooker,0,https://data.mendeley.com/datasets/szp4hfdymy/1,
377,2017-12_Stagnation,654.175,27.555,88.95,89.75,Chamber air (proxy),Parabolic dish solar cooker,0,https://data.mendeley.com/datasets/szp4hfdymy/1,
378,2017-12_Stagnation,650.55,27.47,88.7,89.5,Chamber air (proxy),Parabolic dish solar cooker,0,https://data.mendeley.com/datasets/szp4hfdymy/1,
379,2017-12_Stagnation,646.925,27.385,88.45,89.25,Chamber air (proxy),Parabolic dish solar cooker,0,https://data.mendeley.com/datasets/szp4hfdymy/1,
380,2017-12_Stagnation,643.3,27.3,88.2,89,Chamber air (proxy),Parabolic dish solar cooker,0,https://data.mendeley.com/datasets/szp4hfdymy/1,
381,2017-12_Stagnation,639.52,27.205,87.49,88.29,Chamber air (proxy),Parabolic dish solar cooker,0,https://data.mendeley.com/datasets/szp4hfdymy/1,
382,2017-12_Stagnation,635.74,27.11,86.78,87.58,Chamber air (proxy),Parabolic dish solar cooker,0,https://data.mendeley.com/datasets/szp4hfdymy/1,
383,2017-12_Stagnation,631.96,27.015,86.07,86.87,Chamber air (proxy),Parabolic dish solar cooker,0,https://data.mendeley.com/datasets/szp4hfdymy/1,
384,2017-12_Stagnation,628.18,26.92,85.36,86.16,Chamber air (proxy),Parabolic dish solar cooker,0,https://data.mendeley.com/datasets/szp4hfdymy/1,
385,2017-12_Stagnation,624.4,26.825,84.65,85.45,Chamber air (proxy),Parabolic dish solar cooker,0,https://data.mendeley.com/datasets/szp4hfdymy/1,
386,2017-12_Stagnation,620.62,26.73,83.94,84.74,Chamber air (proxy),Parabolic dish solar cooker,0,https://data.mendeley.com/datasets/szp4hfdymy/1,
387,2017-12_Stagnation,616.84,26.635,83.23,84.03,Chamber air (proxy),Parabolic dish solar cooker,0,https://data.mendeley.com/datasets/szp4hfdymy/1,
388,2017-12_Stagnation,613.06,26.54,82.52,83.32,Chamber air (proxy),Parabolic dish solar cooker,0,https://data.mendeley.com/datasets/szp4hfdymy/1,
389,2017-12_Stagnation,609.28,26.445,81.81,82.61,Chamber air (proxy),Parabolic dish solar cooker,0,https://data.mendeley.com/datasets/szp4hfdymy/1,
390,2017-12_Stagnation,605.5,26.35,81.1,81.9,Chamber air (proxy),Parabolic dish solar cooker,0,https://data.mendeley.com/datasets/szp4hfdymy/1,
391,2017-12_Stagnation,601.72,26.255,80.39,81.19,Chamber air (proxy),Parabolic dish solar cooker,0,https://data.mendeley.com/datasets/szp4hfdymy/1,
392,2017-12_Stagnation,597.94,26.16,79.68,80.48,Chamber air (proxy),Parabolic dish solar cooker,0,https://data.mendeley.com/datasets/szp4hfdymy/1,
393,2017-12_Stagnation,594.16,26.065,78.97,79.77,Chamber air (proxy),Parabolic dish solar cooker,0,https://data.mendeley.com/datasets/szp4hfdymy/1,
394,2017-12_Stagnation,590.38,25.97,78.26,79.06,Chamber air (proxy),Parabolic dish solar cooker,0,https://data.mendeley.com/datasets/szp4hfdymy/1,
395,2017-12_Stagnation,586.6,25.875,77.55,78.35,Chamber air (proxy),Parabolic dish solar cooker,0,https://data.mendeley.com/datasets/szp4hfdymy/1,
396,2017-12_Stagnation,582.82,25.78,76.84,77.64,Chamber air (proxy),Parabolic dish solar cooker,0,https://data.mendeley.com/datasets/szp4hfdymy/1,
397,2017-12_Stagnation,579.04,25.685,76.13,76.93,Chamber air (proxy),Parabolic dish solar cooker,0,https://data.mendeley.com/datasets/szp4hfdymy/1,
398,2017-12_Stagnation,575.26,25.59,75.42,76.22,Chamber air (proxy),Parabolic dish solar cooker,0,https://data.mendeley.com/datasets/szp4hfdymy/1,
399,2017-12_Stagnation,571.48,25.495,74.71,75.51,Chamber air (proxy),Parabolic dish solar cooker,0,https://data.mendeley.com/datasets/szp4hfdymy/1,
400,2017-12_Stagnation,567.7,25.4,74,74.8,Chamber air (proxy),Parabolic dish solar cooker,0,https://data.mendeley.com/datasets/szp4hfdymy/1,
401,2017-12_Stagnation,562.99,25.37,73.27,74.07,Chamber air (proxy),Parabolic dish solar cooker,0,https://data.mendeley.com/datasets/szp4hfdymy/1,
402,2017-12_Stagnation,558.28,25.34,72.54,73.34,Chamber air (proxy),Parabolic dish solar cooker,0,https://data.mendeley.com/datasets/szp4hfdymy/1,
403,2017-12_Stagnation,553.57,25.31,71.81,72.61,Chamber air (proxy),Parabolic dish solar cooker,0,https://data.mendeley.com/datasets/szp4hfdymy/1,
404,2017-12_Stagnation,548.86,25.28,71.08,71.88,Chamber air (proxy),Parabolic dish solar cooker,0,https://data.mendeley.com/datasets/szp4hfdymy/1,
405,2017-12_Stagnation,544.15,25.25,70.35,71.15,Chamber air (proxy),Parabolic dish solar cooker,0,https://data.mendeley.com/datasets/szp4hfdymy/1,
406,2017-12_Stagnation,539.44,25.22,69.62,70.42,Chamber air (proxy),Parabolic dish solar cooker,0,https://data.mendeley.com/datasets/szp4hfdymy/1,
407,2017-12_Stagnation,534.73,25.19,68.89,69.69,Chamber air (proxy),Parabolic dish solar cooker,0,https://data.mendeley.com/datasets/szp4hfdymy/1,
408,2017-12_Stagnation,530.02,25.16,68.16,68.96,Chamber air (proxy),Parabolic dish solar cooker,0,https://data.mendeley.com/datasets/szp4hfdymy/1,
409,2017-12_Stagnation,525.31,25.13,67.43,68.23,Chamber air (proxy),Parabolic dish solar cooker,0,https://data.mendeley.com/datasets/szp4hfdymy/1,
410,2017-12_Stagnation,520.6,25.1,66.7,67.5,Chamber air (proxy),Parabolic dish solar cooker,0,https://data.mendeley.com/datasets/szp4hfdymy/1,
411,2017-12_Stagnation,515.89,25.07,65.97,66.77,Chamber air (proxy),Parabolic dish solar cooker,0,https://data.mendeley.com/datasets/szp4hfdymy/1,
412,2017-12_Stagnation,511.18,25.04,65.24,66.04,Chamber air (proxy),Parabolic dish solar cooker,0,https://data.mendeley.com/datasets/szp4hfdymy/1,
413,2017-12_Stagnation,506.47,25.01,64.51,65.31,Chamber air (proxy),Parabolic dish solar cooker,0,https://data.mendeley.com/datasets/szp4hfdymy/1,
414,2017-12_Stagnation,501.76,24.98,63.78,64.58,Chamber air (proxy),Parabolic dish solar cooker,0,https://data.mendeley.com/datasets/szp4hfdymy/1,
415,2017-12_Stagnation,497.05,24.95,63.05,63.85,Chamber air (proxy),Parabolic dish solar cooker,0,https://data.mendeley.com/datasets/szp4hfdymy/1,
416,2017-12_Stagnation,492.34,24.92,62.32,63.12,Chamber air (proxy),Parabolic dish solar cooker,0,https://data.mendeley.com/datasets/szp4hfdymy/1,
417,2017-12_Stagnation,487.63,24.89,61.59,62.39,Chamber air (proxy),Parabolic dish solar cooker,0,https://data.mendeley.com/datasets/szp4hfdymy/1,
418,2017-12_Stagnation,482.92,24.86,60.86,61.66,Chamber air (proxy),Parabolic dish solar cooker,0,https://data.mendeley.com/datasets/szp4hfdymy/1,
419,2017-12_Stagnation,478.21,24.83,60.13,60.93,Chamber air (proxy),Parabolic dish solar cooker,0,https://data.mendeley.com/datasets/szp4hfdymy/1,
420,2017-12_Stagnation,473.5,24.8,59.4,60.2,Chamber air (proxy),Parabolic dish solar cooker,0,https://data.mendeley.com/datasets/szp4hfdymy/1,
0,20170314_Set1_Frying,817.81,39.2,234.55,27,Potato chips,Thermal storage solar cooker,0.25,http://doi.org/10.1016/j.solmat.2020.110394,
1,20170314_Set1_Frying,817.81,39.2,226.6,31.4,Potato chips,Thermal storage solar cooker,0.25,http://doi.org/10.1016/j.solmat.2020.110394,
2,20170314_Set1_Frying,817.81,39.2,227.7,54.8,Potato chips,Thermal storage solar cooker,0.25,http://doi.org/10.1016/j.solmat.2020.110394,
3,20170314_Set1_Frying,817.81,39.2,227.5,71.8,Potato chips,Thermal storage solar cooker,0.25,http://doi.org/10.1016/j.solmat.2020.110394,
4,20170314_Set1_Frying,817.81,39.2,228.4,88.9,Potato chips,Thermal storage solar cooker,0.25,http://doi.org/10.1016/j.solmat.2020.110394,
5,20170314_Set1_Frying,817.81,39.2,227.4,105.3,Potato chips,Thermal storage solar cooker,0.25,http://doi.org/10.1016/j.solmat.2020.110394,
6,20170314_Set1_Frying,817.81,39.2,226.85,111.7,Potato chips,Thermal storage solar cooker,0.25,http://doi.org/10.1016/j.solmat.2020.110394,
7,20170314_Set1_Frying,817.81,39.2,226.1,128.9,Potato chips,Thermal storage solar cooker,0.25,http://doi.org/10.1016/j.solmat.2020.110394,
8,20170314_Set1_Frying,817.81,39.2,225.7,134.8,Potato chips,Thermal storage solar cooker,0.25,http://doi.org/10.1016/j.solmat.2020.110394,
9,20170314_Set1_Frying,817.81,39.2,225.2,149.8,Potato chips,Thermal storage solar cooker,0.25,http://doi.org/10.1016/j.solmat.2020.110394,
10,20170314_Set1_Frying,817.81,39.2,224.65,165.6,Potato chips,Thermal storage solar cooker,0.25,http://doi.org/10.1016/j.solmat.2020.110394,
11,20170314_Set1_Frying,817.81,39.2,224.2,180.4,Potato chips,Thermal storage solar cooker,0.25,http://doi.org/10.1016/j.solmat.2020.110394,
12,20170314_Set1_Frying,817.81,39.2,221.25,143.8,Potato chips,Thermal storage solar cooker,0.25,http://doi.org/10.1016/j.solmat.2020.110394,
13,20170314_Set1_Frying,817.81,39.2,220,162.3,Potato chips,Thermal storage solar cooker,0.25,http://doi.org/10.1016/j.solmat.2020.110394,
14,20170314_Set1_Frying,817.81,39.2,220.25,181.3,Potato chips,Thermal storage solar cooker,0.25,http://doi.org/10.1016/j.solmat.2020.110394,
15,20170314_Set1_Frying,817.81,39.2,218.55,160.8,Potato chips,Thermal storage solar cooker,0.25,http://doi.org/10.1016/j.solmat.2020.110394,
16,20170314_Set1_Frying,817.81,39.2,219.35,178.4,Potato chips,Thermal storage solar cooker,0.25,http://doi.org/10.1016/j.solmat.2020.110394,
17,20170314_Set1_Frying,817.81,39.2,218.85,175.4,Potato chips,Thermal storage solar cooker,0.25,http://doi.org/10.1016/j.solmat.2020.110394,
0,20170426_Set2_Rice,616.9153,39,230.8,30.7,Rice,Thermal storage solar cooker,0.25,http://doi.org/10.1016/j.solmat.2020.110394,
1,20170426_Set2_Rice,616.9153,39,230.225,37.6,Rice,Thermal storage solar cooker,0.25,http://doi.org/10.1016/j.solmat.2020.110394,
2,20170426_Set2_Rice,616.9153,39,229.65,44.5,Rice,Thermal storage solar cooker,0.25,http://doi.org/10.1016/j.solmat.2020.110394,
3,20170426_Set2_Rice,616.9153,39,226.375,56.85,Rice,Thermal storage solar cooker,0.25,http://doi.org/10.1016/j.solmat.2020.110394,
4,20170426_Set2_Rice,616.9153,39,223.1,69.2,Rice,Thermal storage solar cooker,0.25,http://doi.org/10.1016/j.solmat.2020.110394,
5,20170426_Set2_Rice,616.9153,39,224.575,75.95,Rice,Thermal storage solar cooker,0.25,http://doi.org/10.1016/j.solmat.2020.110394,
6,20170426_Set2_Rice,616.9153,39,226.05,82.7,Rice,Thermal storage solar cooker,0.25,http://doi.org/10.1016/j.solmat.2020.110394,
7,20170426_Set2_Rice,616.9153,39,226.275,90.55,Rice,Thermal storage solar cooker,0.25,http://doi.org/10.1016/j.solmat.2020.110394,
8,20170426_Set2_Rice,616.9153,39,226.5,98.4,Rice,Thermal storage solar cooker,0.25,http://doi.org/10.1016/j.solmat.2020.110394,
9,20170426_Set2_Rice,616.9153,39,226.9,99.6,Rice,Thermal storage solar cooker,0.25,http://doi.org/10.1016/j.solmat.2020.110394,
10,20170426_Set2_Rice,616.9153,39,227.3,100.8,Rice,Thermal storage solar cooker,0.25,http://doi.org/10.1016/j.solmat.2020.110394,
11,20170426_Set2_Rice,616.9153,39,227.125,100.85,Rice,Thermal storage solar cooker,0.25,http://doi.org/10.1016/j.solmat.2020.110394,
12,20170426_Set2_Rice,616.9153,39,226.95,100.9,Rice,Thermal storage solar cooker,0.25,http://doi.org/10.1016/j.solmat.2020.110394,
13,20170426_Set2_Rice,616.9153,39,226.775,101.05,Rice,Thermal storage solar cooker,0.25,http://doi.org/10.1016/j.solmat.2020.110394,
14,20170426_Set2_Rice,616.9153,39,226.6,101.2,Rice,Thermal storage solar cooker,0.25,http://doi.org/10.1016/j.solmat.2020.110394,
15,20170426_Set2_Rice,616.9153,39,226.275,101.15,Rice,Thermal storage solar cooker,0.25,http://doi.org/10.1016/j.solmat.2020.110394,
16,20170426_Set2_Rice,616.9153,39,225.95,101.1,Rice,Thermal storage solar cooker,0.25,http://doi.org/10.1016/j.solmat.2020.110394,
17,20170426_Set2_Rice,616.9153,39,225.7,101,Rice,Thermal storage solar cooker,0.25,http://doi.org/10.1016/j.solmat.2020.110394,
18,20170426_Set2_Rice,616.9153,39,225.45,100.9,Rice,Thermal storage solar cooker,0.25,http://doi.org/10.1016/j.solmat.2020.110394,
19,20170426_Set2_Rice,616.9153,39,225.175,65.65,Rice,Thermal storage solar cooker,0.25,http://doi.org/10.1016/j.solmat.2020.110394,
20,20170426_Set2_Rice,616.9153,39,224.9,30.4,Rice,Thermal storage solar cooker,0.25,http://doi.org/10.1016/j.solmat.2020.110394,
21,20170426_Set2_Rice,616.9153,39,221.575,36.6,Rice,Thermal storage solar cooker,0.25,http://doi.org/10.1016/j.solmat.2020.110394,
22,20170426_Set2_Rice,616.9153,39,218.25,42.8,Rice,Thermal storage solar cooker,0.25,http://doi.org/10.1016/j.solmat.2020.110394,
23,20170426_Set2_Rice,616.9153,39,218.925,54.05,Rice,Thermal storage solar cooker,0.25,http://doi.org/10.1016/j.solmat.2020.110394,
24,20170426_Set2_Rice,616.9153,39,219.6,65.3,Rice,Thermal storage solar cooker,0.25,http://doi.org/10.1016/j.solmat.2020.110394,
25,20170426_Set2_Rice,616.9153,39,219.85,71.2,Rice,Thermal storage solar cooker,0.25,http://doi.org/10.1016/j.solmat.2020.110394,
26,20170426_Set2_Rice,616.9153,39,220.1,77.1,Rice,Thermal storage solar cooker,0.25,http://doi.org/10.1016/j.solmat.2020.110394,
27,20170426_Set2_Rice,616.9153,39,220.25,83.7,Rice,Thermal storage solar cooker,0.25,http://doi.org/10.1016/j.solmat.2020.110394,
28,20170426_Set2_Rice,616.9153,39,220.4,90.3,Rice,Thermal storage solar cooker,0.25,http://doi.org/10.1016/j.solmat.2020.110394,
29,20170426_Set2_Rice,616.9153,39,220.375,93.85,Rice,Thermal storage solar cooker,0.25,http://doi.org/10.1016/j.solmat.2020.110394,
30,20170426_Set2_Rice,616.9153,39,220.35,97.4,Rice,Thermal storage solar cooker,0.25,http://doi.org/10.1016/j.solmat.2020.110394,
31,20170426_Set2_Rice,616.9153,39,220.15,99.25,Rice,Thermal storage solar cooker,0.25,http://doi.org/10.1016/j.solmat.2020.110394,
32,20170426_Set2_Rice,616.9153,39,219.95,101.1,Rice,Thermal storage solar cooker,0.25,http://doi.org/10.1016/j.solmat.2020.110394,
33,20170426_Set2_Rice,616.9153,39,219.75,101,Rice,Thermal storage solar cooker,0.25,http://doi.org/10.1016/j.solmat.2020.110394,
34,20170426_Set2_Rice,616.9153,39,219.55,100.9,Rice,Thermal storage solar cooker,0.25,http://doi.org/10.1016/j.solmat.2020.110394,
35,20170426_Set2_Rice,616.9153,39,219.275,101.1,Rice,Thermal storage solar cooker,0.25,http://doi.org/10.1016/j.solmat.2020.110394,
36,20170426_Set2_Rice,616.9153,39,219,101.3,Rice,Thermal storage solar cooker,0.25,http://doi.org/10.1016/j.solmat.2020.110394,
37,20170426_Set2_Rice,616.9153,39,218.4,101.1,Rice,Thermal storage solar cooker,0.25,http://doi.org/10.1016/j.solmat.2020.110394,
38,20170426_Set2_Rice,616.9153,39,217.8,100.9,Rice,Thermal storage solar cooker,0.25,http://doi.org/10.1016/j.solmat.2020.110394,
39,20170426_Set2_Rice,616.9153,39,217.5,100.95,Rice,Thermal storage solar cooker,0.25,http://doi.org/10.1016/j.solmat.2020.110394,
40,20170426_Set2_Rice,616.9153,39,217.2,101,Rice,Thermal storage solar cooker,0.25,http://doi.org/10.1016/j.solmat.2020.110394,
0,2018-01_Sensible,790,25.1,26,21,Water,Parabolic dish solar cooker,0.5,https://data.mendeley.com/datasets/szp4hfdymy/1,
1,2018-01_Sensible,792,25.135,26.05,21.2,Water,Parabolic dish solar cooker,0.5,https://data.mendeley.com/datasets/szp4hfdymy/1,
2,2018-01_Sensible,794,25.17,26.1,21.4,Water,Parabolic dish solar cooker,0.5,https://data.mendeley.com/datasets/szp4hfdymy/1,
3,2018-01_Sensible,796,25.205,26.15,21.6,Water,Parabolic dish solar cooker,0.5,https://data.mendeley.com/datasets/szp4hfdymy/1,
4,2018-01_Sensible,798,25.24,26.2,21.8,Water,Parabolic dish solar cooker,0.5,https://data.mendeley.com/datasets/szp4hfdymy/1,
5,2018-01_Sensible,800,25.275,26.25,22,Water,Parabolic dish solar cooker,0.5,https://data.mendeley.com/datasets/szp4hfdymy/1,
6,2018-01_Sensible,802,25.31,26.3,22.2,Water,Parabolic dish solar cooker,0.5,https://data.mendeley.com/datasets/szp4hfdymy/1,
7,2018-01_Sensible,804,25.345,26.35,22.4,Water,Parabolic dish solar cooker,0.5,https://data.mendeley.com/datasets/szp4hfdymy/1,
8,2018-01_Sensible,806,25.38,26.4,22.6,Water,Parabolic dish solar cooker,0.5,https://data.mendeley.com/datasets/szp4hfdymy/1,
9,2018-01_Sensible,808,25.415,26.45,22.8,Water,Parabolic dish solar cooker,0.5,https://data.mendeley.com/datasets/szp4hfdymy/1,
10,2018-01_Sensible,810,25.45,26.5,23,Water,Parabolic dish solar cooker,0.5,https://data.mendeley.com/datasets/szp4hfdymy/1,
11,2018-01_Sensible,812,25.485,26.55,23.2,Water,Parabolic dish solar cooker,0.5,https://data.mendeley.com/datasets/szp4hfdymy/1,
12,2018-01_Sensible,814,25.52,26.6,23.4,Water,Parabolic dish solar cooker,0.5,https://data.mendeley.com/datasets/szp4hfdymy/1,
13,2018-01_Sensible,816,25.555,26.65,23.6,Water,Parabolic dish solar cooker,0.5,https://data.mendeley.com/datasets/szp4hfdymy/1,
14,2018-01_Sensible,818,25.59,26.7,23.8,Water,Parabolic dish solar cooker,0.5,https://data.mendeley.com/datasets/szp4hfdymy/1,
15,2018-01_Sensible,820,25.625,26.75,24,Water,Parabolic dish solar cooker,0.5,https://data.mendeley.com/datasets/szp4hfdymy/1,
16,2018-01_Sensible,822,25.66,26.8,24.2,Water,Parabolic dish solar cooker,0.5,https://data.mendeley.com/datasets/szp4hfdymy/1,
17,2018-01_Sensible,824,25.695,26.85,24.4,Water,Parabolic dish solar cooker,0.5,https://data.mendeley.com/datasets/szp4hfdymy/1,
18,2018-01_Sensible,826,25.73,26.9,24.6,Water,Parabolic dish solar cooker,0.5,https://data.mendeley.com/datasets/szp4hfdymy/1,
19,2018-01_Sensible,828,25.765,26.95,24.8,Water,Parabolic dish solar cooker,0.5,https://data.mendeley.com/datasets/szp4hfdymy/1,
20,2018-01_Sensible,830,25.8,27,25,Water,Parabolic dish solar cooker,0.5,https://data.mendeley.com/datasets/szp4hfdymy/1,
21,2018-01_Sensible,829,25.855,27.575,25.55,Water,Parabolic dish solar cooker,0.5,https://data.mendeley.com/datasets/szp4hfdymy/1,
22,2018-01_Sensible,828,25.91,28.15,26.1,Water,Parabolic dish solar cooker,0.5,https://data.mendeley.com/datasets/szp4hfdymy/1,
23,2018-01_Sensible,827,25.965,28.725,26.65,Water,Parabolic dish solar cooker,0.5,https://data.mendeley.com/datasets/szp4hfdymy/1,
24,2018-01_Sensible,826,26.02,29.3,27.2,Water,Parabolic dish solar cooker,0.5,https://data.mendeley.com/datasets/szp4hfdymy/1,
25,2018-01_Sensible,825,26.075,29.875,27.75,Water,Parabolic dish solar cooker,0.5,https://data.mendeley.com/datasets/szp4hfdymy/1,
26,2018-01_Sensible,824,26.13,30.45,28.3,Water,Parabolic dish solar cooker,0.5,https://data.mendeley.com/datasets/szp4hfdymy/1,
27,2018-01_Sensible,823,26.185,31.025,28.85,Water,Parabolic dish solar cooker,0.5,https://data.mendeley.com/datasets/szp4hfdymy/1,
28,2018-01_Sensible,822,26.24,31.6,29.4,Water,Parabolic dish solar cooker,0.5,https://data.mendeley.com/datasets/szp4hfdymy/1,
29,2018-01_Sensible,821,26.295,32.175,29.95,Water,Parabolic dish solar cooker,0.5,https://data.mendeley.com/datasets/szp4hfdymy/1,
30,2018-01_Sensible,820,26.35,32.75,30.5,Water,Parabolic dish solar cooker,0.5,https://data.mendeley.com/datasets/szp4hfdymy/1,
31,2018-01_Sensible,819,26.405,33.325,31.05,Water,Parabolic dish solar cooker,0.5,https://data.mendeley.com/datasets/szp4hfdymy/1,
32,2018-01_Sensible,818,26.46,33.9,31.6,Water,Parabolic dish solar cooker,0.5,https://data.mendeley.com/datasets/szp4hfdymy/1,
33,2018-01_Sensible,817,26.515,34.475,32.15,Water,Parabolic dish solar cooker,0.5,https://data.mendeley.com/datasets/szp4hfdymy/1,
34,2018-01_Sensible,816,26.57,35.05,32.7,Water,Parabolic dish solar cooker,0.5,https://data.mendeley.com/datasets/szp4hfdymy/1,
35,2018-01_Sensible,815,26.625,35.625,33.25,Water,Parabolic dish solar cooker,0.5,https://data.mendeley.com/datasets/szp4hfdymy/1,
36,2018-01_Sensible,814,26.68,36.2,33.8,Water,Parabolic dish solar cooker,0.5,https://data.mendeley.com/datasets/szp4hfdymy/1,
37,2018-01_Sensible,813,26.735,36.775,34.35,Water,Parabolic dish solar cooker,0.5,https://data.mendeley.com/datasets/szp4hfdymy/1,
38,2018-01_Sensible,812,26.79,37.35,34.9,Water,Parabolic dish solar cooker,0.5,https://data.mendeley.com/datasets/szp4hfdymy/1,
39,2018-01_Sensible,811,26.845,37.925,35.45,Water,Parabolic dish solar cooker,0.5,https://data.mendeley.com/datasets/szp4hfdymy/1,
40,2018-01_Sensible,810,26.9,38.5,36,Water,Parabolic dish solar cooker,0.5,https://data.mendeley.com/datasets/szp4hfdymy/1,
41,2018-01_Sensible,813.1,26.925,39.29,36.55,Water,Parabolic dish solar cooker,0.5,https://data.mendeley.com/datasets/szp4hfdymy/1,
42,2018-01_Sensible,816.2,26.95,40.08,37.1,Water,Parabolic dish solar cooker,0.5,https://data.mendeley.com/datasets/szp4hfdymy/1,
43,2018-01_Sensible,819.3,26.975,40.87,37.65,Water,Parabolic dish solar cooker,0.5,https://data.mendeley.com/datasets/szp4hfdymy/1,
44,2018-01_Sensible,822.4,27,41.66,38.2,Water,Parabolic dish solar cooker,0.5,https://data.mendeley.com/datasets/szp4hfdymy/1,
45,2018-01_Sensible,825.5,27.025,42.45,38.75,Water,Parabolic dish solar cooker,0.5,https://data.mendeley.com/datasets/szp4hfdymy/1,
46,2018-01_Sensible,828.6,27.05,43.24,39.3,Water,Parabolic dish solar cooker,0.5,https://data.mendeley.com/datasets/szp4hfdymy/1,
47,2018-01_Sensible,831.7,27.075,44.03,39.85,Water,Parabolic dish solar cooker,0.5,https://data.mendeley.com/datasets/szp4hfdymy/1,
48,2018-01_Sensible,834.8,27.1,44.82,40.4,Water,Parabolic dish solar cooker,0.5,https://data.mendeley.com/datasets/szp4hfdymy/1,
49,2018-01_Sensible,837.9,27.125,45.61,40.95,Water,Parabolic dish solar cooker,0.5,https://data.mendeley.com/datasets/szp4hfdymy/1,
50,2018-01_Sensible,841,27.15,46.4,41.5,Water,Parabolic dish solar cooker,0.5,https://data.mendeley.com/datasets/szp4hfdymy/1,
51,2018-01_Sensible,844.1,27.175,47.19,42.05,Water,Parabolic dish solar cooker,0.5,https://data.mendeley.com/datasets/szp4hfdymy/1,
52,2018-01_Sensible,847.2,27.2,47.98,42.6,Water,Parabolic dish solar cooker,0.5,https://data.mendeley.com/datasets/szp4hfdymy/1,
53,2018-01_Sensible,850.3,27.225,48.77,43.15,Water,Parabolic dish solar cooker,0.5,https://data.mendeley.com/datasets/szp4hfdymy/1,
54,2018-01_Sensible,853.4,27.25,49.56,43.7,Water,Parabolic dish solar cooker,0.5,https://data.mendeley.com/datasets/szp4hfdymy/1,
55,2018-01_Sensible,856.5,27.275,50.35,44.25,Water,Parabolic dish solar cooker,0.5,https://data.mendeley.com/datasets/szp4hfdymy/1,
56,2018-01_Sensible,859.6,27.3,51.14,44.8,Water,Parabolic dish solar cooker,0.5,https://data.mendeley.com/datasets/szp4hfdymy/1,
57,2018-01_Sensible,862.7,27.325,51.93,45.35,Water,Parabolic dish solar cooker,0.5,https://data.mendeley.com/datasets/szp4hfdymy/1,
58,2018-01_Sensible,865.8,27.35,52.72,45.9,Water,Parabolic dish solar cooker,0.5,https://data.mendeley.com/datasets/szp4hfdymy/1,
59,2018-01_Sensible,868.9,27.375,53.51,46.45,Water,Parabolic dish solar cooker,0.5,https://data.mendeley.com/datasets/szp4hfdymy/1,
60,2018-01_Sensible,872,27.4,54.3,47,Water,Parabolic dish solar cooker,0.5,https://data.mendeley.com/datasets/szp4hfdymy/1,
61,2018-01_Sensible,875.2,27.465,55.005,47.72,Water,Parabolic dish solar cooker,0.5,https://data.mendeley.com/datasets/szp4hfdymy/1,
62,2018-01_Sensible,878.4,27.53,55.71,48.44,Water,Parabolic dish solar cooker,0.5,https://data.mendeley.com/datasets/szp4hfdymy/1,
63,2018-01_Sensible,881.6,27.595,56.415,49.16,Water,Parabolic dish solar cooker,0.5,https://data.mendeley.com/datasets/szp4hfdymy/1,
64,2018-01_Sensible,884.8,27.66,57.12,49.88,Water,Parabolic dish solar cooker,0.5,https://data.mendeley.com/datasets/szp4hfdymy/1,
65,2018-01_Sensible,888,27.725,57.825,50.6,Water,Parabolic dish solar cooker,0.5,https://data.mendeley.com/datasets/szp4hfdymy/1,
66,2018-01_Sensible,891.2,27.79,58.53,51.32,Water,Parabolic dish solar cooker,0.5,https://data.mendeley.com/datasets/szp4hfdymy/1,
67,2018-01_Sensible,894.4,27.855,59.235,52.04,Water,Parabolic dish solar cooker,0.5,https://data.mendeley.com/datasets/szp4hfdymy/1,
68,2018-01_Sensible,897.6,27.92,59.94,52.76,Water,Parabolic dish solar cooker,0.5,https://data.mendeley.com/datasets/szp4hfdymy/1,
69,2018-01_Sensible,900.8,27.985,60.645,53.48,Water,Parabolic dish solar cooker,0.5,https://data.mendeley.com/datasets/szp4hfdymy/1,
70,2018-01_Sensible,904,28.05,61.35,54.2,Water,Parabolic dish solar cooker,0.5,https://data.mendeley.com/datasets/szp4hfdymy/1,
71,2018-01_Sensible,907.2,28.115,62.055,54.92,Water,Parabolic dish solar cooker,0.5,https://data.mendeley.com/datasets/szp4hfdymy/1,
72,2018-01_Sensible,910.4,28.18,62.76,55.64,Water,Parabolic dish solar cooker,0.5,https://data.mendeley.com/datasets/szp4hfdymy/1,
73,2018-01_Sensible,913.6,28.245,63.465,56.36,Water,Parabolic dish solar cooker,0.5,https://data.mendeley.com/datasets/szp4hfdymy/1,
74,2018-01_Sensible,916.8,28.31,64.17,57.08,Water,Parabolic dish solar cooker,0.5,https://data.mendeley.com/datasets/szp4hfdymy/1,
75,2018-01_Sensible,920,28.375,64.875,57.8,Water,Parabolic dish solar cooker,0.5,https://data.mendeley.com/datasets/szp4hfdymy/1,
76,2018-01_Sensible,923.2,28.44,65.58,58.52,Water,Parabolic dish solar cooker,0.5,https://data.mendeley.com/datasets/szp4hfdymy/1,
77,2018-01_Sensible,926.4,28.505,66.285,59.24,Water,Parabolic dish solar cooker,0.5,https://data.mendeley.com/datasets/szp4hfdymy/1,
78,2018-01_Sensible,929.6,28.57,66.99,59.96,Water,Parabolic dish solar cooker,0.5,https://data.mendeley.com/datasets/szp4hfdymy/1,
79,2018-01_Sensible,932.8,28.635,67.695,60.68,Water,Parabolic dish solar cooker,0.5,https://data.mendeley.com/datasets/szp4hfdymy/1,
80,2018-01_Sensible,936,28.7,68.4,61.4,Water,Parabolic dish solar cooker,0.5,https://data.mendeley.com/datasets/szp4hfdymy/1,
81,2018-01_Sensible,936.45,28.745,69.105,62.33,Water,Parabolic dish solar cooker,0.5,https://data.mendeley.com/datasets/szp4hfdymy/1,
82,2018-01_Sensible,936.9,28.79,69.81,63.26,Water,Parabolic dish solar cooker,0.5,https://data.mendeley.com/datasets/szp4hfdymy/1,
83,2018-01_Sensible,937.35,28.835,70.515,64.19,Water,Parabolic dish solar cooker,0.5,https://data.mendeley.com/datasets/szp4hfdymy/1,
84,2018-01_Sensible,937.8,28.88,71.22,65.12,Water,Parabolic dish solar cooker,0.5,https://data.mendeley.com/datasets/szp4hfdymy/1,
85,2018-01_Sensible,938.25,28.925,71.925,66.05,Water,Parabolic dish solar cooker,0.5,https://data.mendeley.com/datasets/szp4hfdymy/1,
86,2018-01_Sensible,938.7,28.97,72.63,66.98,Water,Parabolic dish solar cooker,0.5,https://data.mendeley.com/datasets/szp4hfdymy/1,
87,2018-01_Sensible,939.15,29.015,73.335,67.91,Water,Parabolic dish solar cooker,0.5,https://data.mendeley.com/datasets/szp4hfdymy/1,
88,2018-01_Sensible,939.6,29.06,74.04,68.84,Water,Parabolic dish solar cooker,0.5,https://data.mendeley.com/datasets/szp4hfdymy/1,
89,2018-01_Sensible,940.05,29.105,74.745,69.77,Water,Parabolic dish solar cooker,0.5,https://data.mendeley.com/datasets/szp4hfdymy/1,
90,2018-01_Sensible,940.5,29.15,75.45,70.7,Water,Parabolic dish solar cooker,0.5,https://data.mendeley.com/datasets/szp4hfdymy/1,
91,2018-01_Sensible,940.95,29.195,76.155,71.63,Water,Parabolic dish solar cooker,0.5,https://data.mendeley.com/datasets/szp4hfdymy/1,
92,2018-01_Sensible,941.4,29.24,76.86,72.56,Water,Parabolic dish solar cooker,0.5,https://data.mendeley.com/datasets/szp4hfdymy/1,
93,2018-01_Sensible,941.85,29.285,77.565,73.49,Water,Parabolic dish solar cooker,0.5,https://data.mendeley.com/datasets/szp4hfdymy/1,
94,2018-01_Sensible,942.3,29.33,78.27,74.42,Water,Parabolic dish solar cooker,0.5,https://data.mendeley.com/datasets/szp4hfdymy/1,
95,2018-01_Sensible,942.75,29.375,78.975,75.35,Water,Parabolic dish solar cooker,0.5,https://data.mendeley.com/datasets/szp4hfdymy/1,
96,2018-01_Sensible,943.2,29.42,79.68,76.28,Water,Parabolic dish solar cooker,0.5,https://data.mendeley.com/datasets/szp4hfdymy/1,
97,2018-01_Sensible,943.65,29.465,80.385,77.21,Water,Parabolic dish solar cooker,0.5,https://data.mendeley.com/datasets/szp4hfdymy/1,
98,2018-01_Sensible,944.1,29.51,81.09,78.14,Water,Parabolic dish solar cooker,0.5,https://data.mendeley.com/datasets/szp4hfdymy/1,
99,2018-01_Sensible,944.55,29.555,81.795,79.07,Water,Parabolic dish solar cooker,0.5,https://data.mendeley.com/datasets/szp4hfdymy/1,
100,2018-01_Sensible,945,29.6,82.5,80,Water,Parabolic dish solar cooker,0.5,https://data.mendeley.com/datasets/szp4hfdymy/1,
101,2018-01_Sensible,944.8,29.67,83.305,80.865,Water,Parabolic dish solar cooker,0.5,https://data.mendeley.com/datasets/szp4hfdymy/1,
102,2018-01_Sensible,944.6,29.74,84.11,81.73,Water,Parabolic dish solar cooker,0.5,https://data.mendeley.com/datasets/szp4hfdymy/1,
103,2018-01_Sensible,944.4,29.81,84.915,82.595,Water,Parabolic dish solar cooker,0.5,https://data.mendeley.com/datasets/szp4hfdymy/1,
104,2018-01_Sensible,944.2,29.88,85.72,83.46,Water,Parabolic dish solar cooker,0.5,https://data.mendeley.com/datasets/szp4hfdymy/1,
105,2018-01_Sensible,944,29.95,86.525,84.325,Water,Parabolic dish solar cooker,0.5,https://data.mendeley.com/datasets/szp4hfdymy/1,
106,2018-01_Sensible,943.8,30.02,87.33,85.19,Water,Parabolic dish solar cooker,0.5,https://data.mendeley.com/datasets/szp4hfdymy/1,
107,2018-01_Sensible,943.6,30.09,88.135,86.055,Water,Parabolic dish solar cooker,0.5,https://data.mendeley.com/datasets/szp4hfdymy/1,
108,2018-01_Sensible,943.4,30.16,88.94,86.92,Water,Parabolic dish solar cooker,0.5,https://data.mendeley.com/datasets/szp4hfdymy/1,
109,2018-01_Sensible,943.2,30.23,89.745,87.785,Water,Parabolic dish solar cooker,0.5,https://data.mendeley.com/datasets/szp4hfdymy/1,
110,2018-01_Sensible,943,30.3,90.55,88.65,Water,Parabolic dish solar cooker,0.5,https://data.mendeley.com/datasets/szp4hfdymy/1,
111,2018-01_Sensible,942.8,30.37,91.355,89.515,Water,Parabolic dish solar cooker,0.5,https://data.mendeley.com/datasets/szp4hfdymy/1,
112,2018-01_Sensible,942.6,30.44,92.16,90.38,Water,Parabolic dish solar cooker,0.5,https://data.mendeley.com/datasets/szp4hfdymy/1,
113,2018-01_Sensible,942.4,30.51,92.965,91.245,Water,Parabolic dish solar cooker,0.5,https://data.mendeley.com/datasets/szp4hfdymy/1,
114,2018-01_Sensible,942.2,30.58,93.77,92.11,Water,Parabolic dish solar cooker,0.5,https://data.mendeley.com/datasets/szp4hfdymy/1,
115,2018-01_Sensible,942,30.65,94.575,92.975,Water,Parabolic dish solar cooker,0.5,https://data.mendeley.com/datasets/szp4hfdymy/1,
116,2018-01_Sensible,941.8,30.72,95.38,93.84,Water,Parabolic dish solar cooker,0.5,https://data.mendeley.com/datasets/szp4hfdymy/1,
117,2018-01_Sensible,941.6,30.79,96.185,94.705,Water,Parabolic dish solar cooker,0.5,https://data.mendeley.com/datasets/szp4hfdymy/1,
118,2018-01_Sensible,941.4,30.86,96.99,95.57,Water,Parabolic dish solar cooker,0.5,https://data.mendeley.com/datasets/szp4hfdymy/1,
119,2018-01_Sensible,941.2,30.93,97.795,96.435,Water,Parabolic dish solar cooker,0.5,https://data.mendeley.com/datasets/szp4hfdymy/1,
120,2018-01_Sensible,941,31,98.6,97.3,Water,Parabolic dish solar cooker,0.5,https://data.mendeley.com/datasets/szp4hfdymy/1,
121,2018-01_Sensible,940.65,31.01,99.07,97.415,Water,Parabolic dish solar cooker,0.5,https://data.mendeley.com/datasets/szp4hfdymy/1,
122,2018-01_Sensible,940.3,31.02,99.54,97.53,Water,Parabolic dish solar cooker,0.5,https://data.mendeley.com/datasets/szp4hfdymy/1,
123,2018-01_Sensible,939.95,31.03,100.01,97.645,Water,Parabolic dish solar cooker,0.5,https://data.mendeley.com/datasets/szp4hfdymy/1,
124,2018-01_Sensible,939.6,31.04,100.48,97.76,Water,Parabolic dish solar cooker,0.5,https://data.mendeley.com/datasets/szp4hfdymy/1,
125,2018-01_Sensible,939.25,31.05,100.95,97.875,Water,Parabolic dish solar cooker,0.5,https://data.mendeley.com/datasets/szp4hfdymy/1,
126,2018-01_Sensible,938.9,31.06,101.42,97.99,Water,Parabolic dish solar cooker,0.5,https://data.mendeley.com/datasets/szp4hfdymy/1,
127,2018-01_Sensible,938.55,31.07,101.89,98.105,Water,Parabolic dish solar cooker,0.5,https://data.mendeley.com/datasets/szp4hfdymy/1,
128,2018-01_Sensible,938.2,31.08,102.36,98.22,Water,Parabolic dish solar cooker,0.5,https://data.mendeley.com/datasets/szp4hfdymy/1,
129,2018-01_Sensible,937.85,31.09,102.83,98.335,Water,Parabolic dish solar cooker,0.5,https://data.mendeley.com/datasets/szp4hfdymy/1,
130,2018-01_Sensible,937.5,31.1,103.3,98.45,Water,Parabolic dish solar cooker,0.5,https://data.mendeley.com/datasets/szp4hfdymy/1,
131,2018-01_Sensible,937.15,31.11,103.77,98.565,Water,Parabolic dish solar cooker,0.5,https://data.mendeley.com/datasets/szp4hfdymy/1,
132,2018-01_Sensible,936.8,31.12,104.24,98.68,Water,Parabolic dish solar cooker,0.5,https://data.mendeley.com/datasets/szp4hfdymy/1,
133,2018-01_Sensible,936.45,31.13,104.71,98.795,Water,Parabolic dish solar cooker,0.5,https://data.mendeley.com/datasets/szp4hfdymy/1,
134,2018-01_Sensible,936.1,31.14,105.18,98.91,Water,Parabolic dish solar cooker,0.5,https://data.mendeley.com/datasets/szp4hfdymy/1,
135,2018-01_Sensible,935.75,31.15,105.65,99.025,Water,Parabolic dish solar cooker,0.5,https://data.mendeley.com/datasets/szp4hfdymy/1,
136,2018-01_Sensible,935.4,31.16,106.12,99.14,Water,Parabolic dish solar cooker,0.5,https://data.mendeley.com/datasets/szp4hfdymy/1,
137,2018-01_Sensible,935.05,31.17,106.59,99.255,Water,Parabolic dish solar cooker,0.5,https://data.mendeley.com/datasets/szp4hfdymy/1,
138,2018-01_Sensible,934.7,31.18,107.06,99.37,Water,Parabolic dish solar cooker,0.5,https://data.mendeley.com/datasets/szp4hfdymy/1,
139,2018-01_Sensible,934.35,31.19,107.53,99.485,Water,Parabolic dish solar cooker,0.5,https://data.mendeley.com/datasets/szp4hfdymy/1,
140,2018-01_Sensible,934,31.2,108,99.6,Water,Parabolic dish solar cooker,0.5,https://data.mendeley.com/datasets/szp4hfdymy/1,
141,2018-01_Sensible,934,31.185,108.385,99.62,Water,Parabolic dish solar cooker,0.5,https://data.mendeley.com/datasets/szp4hfdymy/1,
142,2018-01_Sensible,934,31.17,108.77,99.64,Water,Parabolic dish solar cooker,0.5,https://data.mendeley.com/datasets/szp4hfdymy/1,
143,2018-01_Sensible,934,31.155,109.155,99.66,Water,Parabolic dish solar cooker,0.5,https://data.mendeley.com/datasets/szp4hfdymy/1,
144,2018-01_Sensible,934,31.14,109.54,99.68,Water,Parabolic dish solar cooker,0.5,https://data.mendeley.com/datasets/szp4hfdymy/1,
145,2018-01_Sensible,934,31.125,109.925,99.7,Water,Parabolic dish solar cooker,0.5,https://data.mendeley.com/datasets/szp4hfdymy/1,
146,2018-01_Sensible,934,31.11,110.31,99.72,Water,Parabolic dish solar cooker,0.5,https://data.mendeley.com/datasets/szp4hfdymy/1,
147,2018-01_Sensible,934,31.095,110.695,99.74,Water,Parabolic dish solar cooker,0.5,https://data.mendeley.com/datasets/szp4hfdymy/1,
148,2018-01_Sensible,934,31.08,111.08,99.76,Water,Parabolic dish solar cooker,0.5,https://data.mendeley.com/datasets/szp4hfdymy/1,
149,2018-01_Sensible,934,31.065,111.465,99.78,Water,Parabolic dish solar cooker,0.5,https://data.mendeley.com/datasets/szp4hfdymy/1,
150,2018-01_Sensible,934,31.05,111.85,99.8,Water,Parabolic dish solar cooker,0.5,https://data.mendeley.com/datasets/szp4hfdymy/1,
151,2018-01_Sensible,934,31.035,112.235,99.82,Water,Parabolic dish solar cooker,0.5,https://data.mendeley.com/datasets/szp4hfdymy/1,
152,2018-01_Sensible,934,31.02,112.62,99.84,Water,Parabolic dish solar cooker,0.5,https://data.mendeley.com/datasets/szp4hfdymy/1,
153,2018-01_Sensible,934,31.005,113.005,99.86,Water,Parabolic dish solar cooker,0.5,https://data.mendeley.com/datasets/szp4hfdymy/1,
154,2018-01_Sensible,934,30.99,113.39,99.88,Water,Parabolic dish solar cooker,0.5,https://data.mendeley.com/datasets/szp4hfdymy/1,
155,2018-01_Sensible,934,30.975,113.775,99.9,Water,Parabolic dish solar cooker,0.5,https://data.mendeley.com/datasets/szp4hfdymy/1,
156,2018-01_Sensible,934,30.96,114.16,99.92,Water,Parabolic dish solar cooker,0.5,https://data.mendeley.com/datasets/szp4hfdymy/1,
157,2018-01_Sensible,934,30.945,114.545,99.94,Water,Parabolic dish solar cooker,0.5,https://data.mendeley.com/datasets/szp4hfdymy/1,
158,2018-01_Sensible,934,30.93,114.93,99.96,Water,Parabolic dish solar cooker,0.5,https://data.mendeley.com/datasets/szp4hfdymy/1,
159,2018-01_Sensible,934,30.915,115.315,99.98,Water,Parabolic dish solar cooker,0.5,https://data.mendeley.com/datasets/szp4hfdymy/1,
160,2018-01_Sensible,934,30.9,115.7,100,Water,Parabolic dish solar cooker,0.5,https://data.mendeley.com/datasets/szp4hfdymy/1,
161,2018-01_Sensible,933.3,30.945,115.6,99.97,Water,Parabolic dish solar cooker,0.5,https://data.mendeley.com/datasets/szp4hfdymy/1,
162,2018-01_Sensible,932.6,30.99,115.5,99.94,Water,Parabolic dish solar cooker,0.5,https://data.mendeley.com/datasets/szp4hfdymy/1,
163,2018-01_Sensible,931.9,31.035,115.4,99.91,Water,Parabolic dish solar cooker,0.5,https://data.mendeley.com/datasets/szp4hfdymy/1,
164,2018-01_Sensible,931.2,31.08,115.3,99.88,Water,Parabolic dish solar cooker,0.5,https://data.mendeley.com/datasets/szp4hfdymy/1,
165,2018-01_Sensible,930.5,31.125,115.2,99.85,Water,Parabolic dish solar cooker,0.5,https://data.mendeley.com/datasets/szp4hfdymy/1,
166,2018-01_Sensible,929.8,31.17,115.1,99.82,Water,Parabolic dish solar cooker,0.5,https://data.mendeley.com/datasets/szp4hfdymy/1,
167,2018-01_Sensible,929.1,31.215,115,99.79,Water,Parabolic dish solar cooker,0.5,https://data.mendeley.com/datasets/szp4hfdymy/1,
168,2018-01_Sensible,928.4,31.26,114.9,99.76,Water,Parabolic dish solar cooker,0.5,https://data.mendeley.com/datasets/szp4hfdymy/1,
169,2018-01_Sensible,927.7,31.305,114.8,99.73,Water,Parabolic dish solar cooker,0.5,https://data.mendeley.com/datasets/szp4hfdymy/1,
170,2018-01_Sensible,927,31.35,114.7,99.7,Water,Parabolic dish solar cooker,0.5,https://data.mendeley.com/datasets/szp4hfdymy/1,
171,2018-01_Sensible,926.3,31.395,114.6,99.67,Water,Parabolic dish solar cooker,0.5,https://data.mendeley.com/datasets/szp4hfdymy/1,
172,2018-01_Sensible,925.6,31.44,114.5,99.64,Water,Parabolic dish solar cooker,0.5,https://data.mendeley.com/datasets/szp4hfdymy/1,
173,2018-01_Sensible,924.9,31.485,114.4,99.61,Water,Parabolic dish solar cooker,0.5,https://data.mendeley.com/datasets/szp4hfdymy/1,
174,2018-01_Sensible,924.2,31.53,114.3,99.58,Water,Parabolic dish solar cooker,0.5,https://data.mendeley.com/datasets/szp4hfdymy/1,
175,2018-01_Sensible,923.5,31.575,114.2,99.55,Water,Parabolic dish solar cooker,0.5,https://data.mendeley.com/datasets/szp4hfdymy/1,
176,2018-01_Sensible,922.8,31.62,114.1,99.52,Water,Parabolic dish solar cooker,0.5,https://data.mendeley.com/datasets/szp4hfdymy/1,
177,2018-01_Sensible,922.1,31.665,114,99.49,Water,Parabolic dish solar cooker,0.5,https://data.mendeley.com/datasets/szp4hfdymy/1,
178,2018-01_Sensible,921.4,31.71,113.9,99.46,Water,Parabolic dish solar cooker,0.5,https://data.mendeley.com/datasets/szp4hfdymy/1,
179,2018-01_Sensible,920.7,31.755,113.8,99.43,Water,Parabolic dish solar cooker,0.5,https://data.mendeley.com/datasets/szp4hfdymy/1,
180,2018-01_Sensible,920,31.8,113.7,99.4,Water,Parabolic dish solar cooker,0.5,https://data.mendeley.com/datasets/szp4hfdymy/1,
181,2018-01_Sensible,919.4,31.77,113.415,99.08,Water,Parabolic dish solar cooker,0.5,https://data.mendeley.com/datasets/szp4hfdymy/1,
182,2018-01_Sensible,918.8,31.74,113.13,98.76,Water,Parabolic dish solar cooker,0.5,https://data.mendeley.com/datasets/szp4hfdymy/1,
183,2018-01_Sensible,918.2,31.71,112.845,98.44,Water,Parabolic dish solar cooker,0.5,https://data.mendeley.com/datasets/szp4hfdymy/1,
184,2018-01_Sensible,917.6,31.68,112.56,98.12,Water,Parabolic dish solar cooker,0.5,https://data.mendeley.com/datasets/szp4hfdymy/1,
185,2018-01_Sensible,917,31.65,112.275,97.8,Water,Parabolic dish solar cooker,0.5,https://data.mendeley.com/datasets/szp4hfdymy/1,
186,2018-01_Sensible,916.4,31.62,111.99,97.48,Water,Parabolic dish solar cooker,0.5,https://data.mendeley.com/datasets/szp4hfdymy/1,
187,2018-01_Sensible,915.8,31.59,111.705,97.16,Water,Parabolic dish solar cooker,0.5,https://data.mendeley.com/datasets/szp4hfdymy/1,
188,2018-01_Sensible,915.2,31.56,111.42,96.84,Water,Parabolic dish solar cooker,0.5,https://data.mendeley.com/datasets/szp4hfdymy/1,
189,2018-01_Sensible,914.6,31.53,111.135,96.52,Water,Parabolic dish solar cooker,0.5,https://data.mendeley.com/datasets/szp4hfdymy/1,
190,2018-01_Sensible,914,31.5,110.85,96.2,Water,Parabolic dish solar cooker,0.5,https://data.mendeley.com/datasets/szp4hfdymy/1,
191,2018-01_Sensible,913.4,31.47,110.565,95.88,Water,Parabolic dish solar cooker,0.5,https://data.mendeley.com/datasets/szp4hfdymy/1,
192,2018-01_Sensible,912.8,31.44,110.28,95.56,Water,Parabolic dish solar cooker,0.5,https://data.mendeley.com/datasets/szp4hfdymy/1,
193,2018-01_Sensible,912.2,31.41,109.995,95.24,Water,Parabolic dish solar cooker,0.5,https://data.mendeley.com/datasets/szp4hfdymy/1,
194,2018-01_Sensible,911.6,31.38,109.71,94.92,Water,Parabolic dish solar cooker,0.5,https://data.mendeley.com/datasets/szp4hfdymy/1,
195,2018-01_Sensible,911,31.35,109.425,94.6,Water,Parabolic dish solar cooker,0.5,https://data.mendeley.com/datasets/szp4hfdymy/1,
196,2018-01_Sensible,910.4,31.32,109.14,94.28,Water,Parabolic dish solar cooker,0.5,https://data.mendeley.com/datasets/szp4hfdymy/1,
197,2018-01_Sensible,909.8,31.29,108.855,93.96,Water,Parabolic dish solar cooker,0.5,https://data.mendeley.com/datasets/szp4hfdymy/1,
198,2018-01_Sensible,909.2,31.26,108.57,93.64,Water,Parabolic dish solar cooker,0.5,https://data.mendeley.com/datasets/szp4hfdymy/1,
199,2018-01_Sensible,908.6,31.23,108.285,93.32,Water,Parabolic dish solar cooker,0.5,https://data.mendeley.com/datasets/szp4hfdymy/1,
200,2018-01_Sensible,908,31.2,108,93,Water,Parabolic dish solar cooker,0.5,https://data.mendeley.com/datasets/szp4hfdymy/1,
201,2018-01_Sensible,907.55,31.215,108.22,93.22,Water,Parabolic dish solar cooker,0.5,https://data.mendeley.com/datasets/szp4hfdymy/1,
202,2018-01_Sensible,907.1,31.23,108.44,93.44,Water,Parabolic dish solar cooker,0.5,https://data.mendeley.com/datasets/szp4hfdymy/1,
203,2018-01_Sensible,906.65,31.245,108.66,93.66,Water,Parabolic dish solar cooker,0.5,https://data.mendeley.com/datasets/szp4hfdymy/1,
204,2018-01_Sensible,906.2,31.26,108.88,93.88,Water,Parabolic dish solar cooker,0.5,https://data.mendeley.com/datasets/szp4hfdymy/1,
205,2018-01_Sensible,905.75,31.275,109.1,94.1,Water,Parabolic dish solar cooker,0.5,https://data.mendeley.com/datasets/szp4hfdymy/1,
206,2018-01_Sensible,905.3,31.29,109.32,94.32,Water,Parabolic dish solar cooker,0.5,https://data.mendeley.com/datasets/szp4hfdymy/1,
207,2018-01_Sensible,904.85,31.305,109.54,94.54,Water,Parabolic dish solar cooker,0.5,https://data.mendeley.com/datasets/szp4hfdymy/1,
208,2018-01_Sensible,904.4,31.32,109.76,94.76,Water,Parabolic dish solar cooker,0.5,https://data.mendeley.com/datasets/szp4hfdymy/1,
209,2018-01_Sensible,903.95,31.335,109.98,94.98,Water,Parabolic dish solar cooker,0.5,https://data.mendeley.com/datasets/szp4hfdymy/1,
210,2018-01_Sensible,903.5,31.35,110.2,95.2,Water,Parabolic dish solar cooker,0.5,https://data.mendeley.com/datasets/szp4hfdymy/1,
211,2018-01_Sensible,903.05,31.365,110.42,95.42,Water,Parabolic dish solar cooker,0.5,https://data.mendeley.com/datasets/szp4hfdymy/1,
212,2018-01_Sensible,902.6,31.38,110.64,95.64,Water,Parabolic dish solar cooker,0.5,https://data.mendeley.com/datasets/szp4hfdymy/1,
213,2018-01_Sensible,902.15,31.395,110.86,95.86,Water,Parabolic dish solar cooker,0.5,https://data.mendeley.com/datasets/szp4hfdymy/1,
214,2018-01_Sensible,901.7,31.41,111.08,96.08,Water,Parabolic dish solar cooker,0.5,https://data.mendeley.com/datasets/szp4hfdymy/1,
215,2018-01_Sensible,901.25,31.425,111.3,96.3,Water,Parabolic dish solar cooker,0.5,https://data.mendeley.com/datasets/szp4hfdymy/1,
216,2018-01_Sensible,900.8,31.44,111.52,96.52,Water,Parabolic dish solar cooker,0.5,https://data.mendeley.com/datasets/szp4hfdymy/1,
217,2018-01_Sensible,900.35,31.455,111.74,96.74,Water,Parabolic dish solar cooker,0.5,https://data.mendeley.com/datasets/szp4hfdymy/1,
218,2018-01_Sensible,899.9,31.47,111.96,96.96,Water,Parabolic dish solar cooker,0.5,https://data.mendeley.com/datasets/szp4hfdymy/1,
219,2018-01_Sensible,899.45,31.485,112.18,97.18,Water,Parabolic dish solar cooker,0.5,https://data.mendeley.com/datasets/szp4hfdymy/1,
220,2018-01_Sensible,899,31.5,112.4,97.4,Water,Parabolic dish solar cooker,0.5,https://data.mendeley.com/datasets/szp4hfdymy/1,
221,2018-01_Sensible,901.55,31.51,112.43,97.485,Water,Parabolic dish solar cooker,0.5,https://data.mendeley.com/datasets/szp4hfdymy/1,
222,2018-01_Sensible,904.1,31.52,112.46,97.57,Water,Parabolic dish solar cooker,0.5,https://data.mendeley.com/datasets/szp4hfdymy/1,
223,2018-01_Sensible,906.65,31.53,112.49,97.655,Water,Parabolic dish solar cooker,0.5,https://data.mendeley.com/datasets/szp4hfdymy/1,
224,2018-01_Sensible,909.2,31.54,112.52,97.74,Water,Parabolic dish solar cooker,0.5,https://data.mendeley.com/datasets/szp4hfdymy/1,
225,2018-01_Sensible,911.75,31.55,112.55,97.825,Water,Parabolic dish solar cooker,0.5,https://data.mendeley.com/datasets/szp4hfdymy/1,
226,2018-01_Sensible,914.3,31.56,112.58,97.91,Water,Parabolic dish solar cooker,0.5,https://data.mendeley.com/datasets/szp4hfdymy/1,
227,2018-01_Sensible,916.85,31.57,112.61,97.995,Water,Parabolic dish solar cooker,0.5,https://data.mendeley.com/datasets/szp4hfdymy/1,
228,2018-01_Sensible,919.4,31.58,112.64,98.08,Water,Parabolic dish solar cooker,0.5,https://data.mendeley.com/datasets/szp4hfdymy/1,
229,2018-01_Sensible,921.95,31.59,112.67,98.165,Water,Parabolic dish solar cooker,0.5,https://data.mendeley.com/datasets/szp4hfdymy/1,
230,2018-01_Sensible,924.5,31.6,112.7,98.25,Water,Parabolic dish solar cooker,0.5,https://data.mendeley.com/datasets/szp4hfdymy/1,
231,2018-01_Sensible,927.05,31.61,112.73,98.335,Water,Parabolic dish solar cooker,0.5,https://data.mendeley.com/datasets/szp4hfdymy/1,
232,2018-01_Sensible,929.6,31.62,112.76,98.42,Water,Parabolic dish solar cooker,0.5,https://data.mendeley.com/datasets/szp4hfdymy/1,
233,2018-01_Sensible,932.15,31.63,112.79,98.505,Water,Parabolic dish solar cooker,0.5,https://data.mendeley.com/datasets/szp4hfdymy/1,
234,2018-01_Sensible,934.7,31.64,112.82,98.59,Water,Parabolic dish solar cooker,0.5,https://data.mendeley.com/datasets/szp4hfdymy/1,
235,2018-01_Sensible,937.25,31.65,112.85,98.675,Water,Parabolic dish solar cooker,0.5,https://data.mendeley.com/datasets/szp4hfdymy/1,
236,2018-01_Sensible,939.8,31.66,112.88,98.76,Water,Parabolic dish solar cooker,0.5,https://data.mendeley.com/datasets/szp4hfdymy/1,
237,2018-01_Sensible,942.35,31.67,112.91,98.845,Water,Parabolic dish solar cooker,0.5,https://data.mendeley.com/datasets/szp4hfdymy/1,
238,2018-01_Sensible,944.9,31.68,112.94,98.93,Water,Parabolic dish solar cooker,0.5,https://data.mendeley.com/datasets/szp4hfdymy/1,
239,2018-01_Sensible,947.45,31.69,112.97,99.015,Water,Parabolic dish solar cooker,0.5,https://data.mendeley.com/datasets/szp4hfdymy/1,
240,2018-01_Sensible,950,31.7,113,99.1,Water,Parabolic dish solar cooker,0.5,https://data.mendeley.com/datasets/szp4hfdymy/1,
241,2018-01_Sensible,947.25,31.65,113.065,99.135,Water,Parabolic dish solar cooker,0.5,https://data.mendeley.com/datasets/szp4hfdymy/1,
242,2018-01_Sensible,944.5,31.6,113.13,99.17,Water,Parabolic dish solar cooker,0.5,https://data.mendeley.com/datasets/szp4hfdymy/1,
243,2018-01_Sensible,941.75,31.55,113.195,99.205,Water,Parabolic dish solar cooker,0.5,https://data.mendeley.com/datasets/szp4hfdymy/1,
244,2018-01_Sensible,939,31.5,113.26,99.24,Water,Parabolic dish solar cooker,0.5,https://data.mendeley.com/datasets/szp4hfdymy/1,
245,2018-01_Sensible,936.25,31.45,113.325,99.275,Water,Parabolic dish solar cooker,0.5,https://data.mendeley.com/datasets/szp4hfdymy/1,
246,2018-01_Sensible,933.5,31.4,113.39,99.31,Water,Parabolic dish solar cooker,0.5,https://data.mendeley.com/datasets/szp4hfdymy/1,
247,2018-01_Sensible,930.75,31.35,113.455,99.345,Water,Parabolic dish solar cooker,0.5,https://data.mendeley.com/datasets/szp4hfdymy/1,
248,2018-01_Sensible,928,31.3,113.52,99.38,Water,Parabolic dish solar cooker,0.5,https://data.mendeley.com/datasets/szp4hfdymy/1,
249,2018-01_Sensible,925.25,31.25,113.585,99.415,Water,Parabolic dish solar cooker,0.5,https://data.mendeley.com/datasets/szp4hfdymy/1,
250,2018-01_Sensible,922.5,31.2,113.65,99.45,Water,Parabolic dish solar cooker,0.5,https://data.mendeley.com/datasets/szp4hfdymy/1,
251,2018-01_Sensible,919.75,31.15,113.715,99.485,Water,Parabolic dish solar cooker,0.5,https://data.mendeley.com/datasets/szp4hfdymy/1,
252,2018-01_Sensible,917,31.1,113.78,99.52,Water,Parabolic dish solar cooker,0.5,https://data.mendeley.com/datasets/szp4hfdymy/1,
253,2018-01_Sensible,914.25,31.05,113.845,99.555,Water,Parabolic dish solar cooker,0.5,https://data.mendeley.com/datasets/szp4hfdymy/1,
254,2018-01_Sensible,911.5,31,113.91,99.59,Water,Parabolic dish solar cooker,0.5,https://data.mendeley.com/datasets/szp4hfdymy/1,
255,2018-01_Sensible,908.75,30.95,113.975,99.625,Water,Parabolic dish solar cooker,0.5,https://data.mendeley.com/datasets/szp4hfdymy/1,
256,2018-01_Sensible,906,30.9,114.04,99.66,Water,Parabolic dish solar cooker,0.5,https://data.mendeley.com/datasets/szp4hfdymy/1,
257,2018-01_Sensible,903.25,30.85,114.105,99.695,Water,Parabolic dish solar cooker,0.5,https://data.mendeley.com/datasets/szp4hfdymy/1,
258,2018-01_Sensible,900.5,30.8,114.17,99.73,Water,Parabolic dish solar cooker,0.5,https://data.mendeley.com/datasets/szp4hfdymy/1,
259,2018-01_Sensible,897.75,30.75,114.235,99.765,Water,Parabolic dish solar cooker,0.5,https://data.mendeley.com/datasets/szp4hfdymy/1,
260,2018-01_Sensible,895,30.7,114.3,99.8,Water,Parabolic dish solar cooker,0.5,https://data.mendeley.com/datasets/szp4hfdymy/1,
261,2018-01_Sensible,894.95,30.65,114.255,99.61,Water,Parabolic dish solar cooker,0.5,https://data.mendeley.com/datasets/szp4hfdymy/1,
262,2018-01_Sensible,894.9,30.6,114.21,99.42,Water,Parabolic dish solar cooker,0.5,https://data.mendeley.com/datasets/szp4hfdymy/1,
263,2018-01_Sensible,894.85,30.55,114.165,99.23,Water,Parabolic dish solar cooker,0.5,https://data.mendeley.com/datasets/szp4hfdymy/1,
264,2018-01_Sensible,894.8,30.5,114.12,99.04,Water,Parabolic dish solar cooker,0.5,https://data.mendeley.com/datasets/szp4hfdymy/1,
265,2018-01_Sensible,894.75,30.45,114.075,98.85,Water,Parabolic dish solar cooker,0.5,https://data.mendeley.com/datasets/szp4hfdymy/1,
266,2018-01_Sensible,894.7,30.4,114.03,98.66,Water,Parabolic dish solar cooker,0.5,https://data.mendeley.com/datasets/szp4hfdymy/1,
267,2018-01_Sensible,894.65,30.35,113.985,98.47,Water,Parabolic dish solar cooker,0.5,https://data.mendeley.com/datasets/szp4hfdymy/1,
268,2018-01_Sensible,894.6,30.3,113.94,98.28,Water,Parabolic dish solar cooker,0.5,https://data.mendeley.com/datasets/szp4hfdymy/1,
269,2018-01_Sensible,894.55,30.25,113.895,98.09,Water,Parabolic dish solar cooker,0.5,https://data.mendeley.com/datasets/szp4hfdymy/1,
270,2018-01_Sensible,894.5,30.2,113.85,97.9,Water,Parabolic dish solar cooker,0.5,https://data.mendeley.com/datasets/szp4hfdymy/1,
271,2018-01_Sensible,894.45,30.15,113.805,97.71,Water,Parabolic dish solar cooker,0.5,https://data.mendeley.com/datasets/szp4hfdymy/1,
272,2018-01_Sensible,894.4,30.1,113.76,97.52,Water,Parabolic dish solar cooker,0.5,https://data.mendeley.com/datasets/szp4hfdymy/1,
273,2018-01_Sensible,894.35,30.05,113.715,97.33,Water,Parabolic dish solar cooker,0.5,https://data.mendeley.com/datasets/szp4hfdymy/1,
274,2018-01_Sensible,894.3,30,113.67,97.14,Water,Parabolic dish solar cooker,0.5,https://data.mendeley.com/datasets/szp4hfdymy/1,
275,2018-01_Sensible,894.25,29.95,113.625,96.95,Water,Parabolic dish solar cooker,0.5,https://data.mendeley.com/datasets/szp4hfdymy/1,
276,2018-01_Sensible,894.2,29.9,113.58,96.76,Water,Parabolic dish solar cooker,0.5,https://data.mendeley.com/datasets/szp4hfdymy/1,
277,2018-01_Sensible,894.15,29.85,113.535,96.57,Water,Parabolic dish solar cooker,0.5,https://data.mendeley.com/datasets/szp4hfdymy/1,
278,2018-01_Sensible,894.1,29.8,113.49,96.38,Water,Parabolic dish solar cooker,0.5,https://data.mendeley.com/datasets/szp4hfdymy/1,
279,2018-01_Sensible,894.05,29.75,113.445,96.19,Water,Parabolic dish solar cooker,0.5,https://data.mendeley.com/datasets/szp4hfdymy/1,
280,2018-01_Sensible,894,29.7,113.4,96,Water,Parabolic dish solar cooker,0.5,https://data.mendeley.com/datasets/szp4hfdymy/1,
281,2018-01_Sensible,888.8,29.755,113.27,95.55,Water,Parabolic dish solar cooker,0.5,https://data.mendeley.com/datasets/szp4hfdymy/1,
282,2018-01_Sensible,883.6,29.81,113.14,95.1,Water,Parabolic dish solar cooker,0.5,https://data.mendeley.com/datasets/szp4hfdymy/1,
283,2018-01_Sensible,878.4,29.865,113.01,94.65,Water,Parabolic dish solar cooker,0.5,https://data.mendeley.com/datasets/szp4hfdymy/1,
284,2018-01_Sensible,873.2,29.92,112.88,94.2,Water,Parabolic dish solar cooker,0.5,https://data.mendeley.com/datasets/szp4hfdymy/1,
285,2018-01_Sensible,868,29.975,112.75,93.75,Water,Parabolic dish solar cooker,0.5,https://data.mendeley.com/datasets/szp4hfdymy/1,
286,2018-01_Sensible,862.8,30.03,112.62,93.3,Water,Parabolic dish solar cooker,0.5,https://data.mendeley.com/datasets/szp4hfdymy/1,
287,2018-01_Sensible,857.6,30.085,112.49,92.85,Water,Parabolic dish solar cooker,0.5,https://data.mendeley.com/datasets/szp4hfdymy/1,
288,2018-01_Sensible,852.4,30.14,112.36,92.4,Water,Parabolic dish solar cooker,0.5,https://data.mendeley.com/datasets/szp4hfdymy/1,
289,2018-01_Sensible,847.2,30.195,112.23,91.95,Water,Parabolic dish solar cooker,0.5,https://data.mendeley.com/datasets/szp4hfdymy/1,
290,2018-01_Sensible,842,30.25,112.1,91.5,Water,Parabolic dish solar cooker,0.5,https://data.mendeley.com/datasets/szp4hfdymy/1,
291,2018-01_Sensible,836.8,30.305,111.97,91.05,Water,Parabolic dish solar cooker,0.5,https://data.mendeley.com/datasets/szp4hfdymy/1,
292,2018-01_Sensible,831.6,30.36,111.84,90.6,Water,Parabolic dish solar cooker,0.5,https://data.mendeley.com/datasets/szp4hfdymy/1,
293,2018-01_Sensible,826.4,30.415,111.71,90.15,Water,Parabolic dish solar cooker,0.5,https://data.mendeley.com/datasets/szp4hfdymy/1,
294,2018-01_Sensible,821.2,30.47,111.58,89.7,Water,Parabolic dish solar cooker,0.5,https://data.mendeley.com/datasets/szp4hfdymy/1,
295,2018-01_Sensible,816,30.525,111.45,89.25,Water,Parabolic dish solar cooker,0.5,https://data.mendeley.com/datasets/szp4hfdymy/1,
296,2018-01_Sensible,810.8,30.58,111.32,88.8,Water,Parabolic dish solar cooker,0.5,https://data.mendeley.com/datasets/szp4hfdymy/1,
297,2018-01_Sensible,805.6,30.635,111.19,88.35,Water,Parabolic dish solar cooker,0.5,https://data.mendeley.com/datasets/szp4hfdymy/1,
298,2018-01_Sensible,800.4,30.69,111.06,87.9,Water,Parabolic dish solar cooker,0.5,https://data.mendeley.com/datasets/szp4hfdymy/1,
299,2018-01_Sensible,795.2,30.745,110.93,87.45,Water,Parabolic dish solar cooker,0.5,https://data.mendeley.com/datasets/szp4hfdymy/1,
300,2018-01_Sensible,790,30.8,110.8,87,Water,Parabolic dish solar cooker,0.5,https://data.mendeley.com/datasets/szp4hfdymy/1,
301,2018-01_Sensible,777.8,30.755,110.69,86.835,Water,Parabolic dish solar cooker,0.5,https://data.mendeley.com/datasets/szp4hfdymy/1,
302,2018-01_Sensible,765.6,30.71,110.58,86.67,Water,Parabolic dish solar cooker,0.5,https://data.mendeley.com/datasets/szp4hfdymy/1,
303,2018-01_Sensible,753.4,30.665,110.47,86.505,Water,Parabolic dish solar cooker,0.5,https://data.mendeley.com/datasets/szp4hfdymy/1,
304,2018-01_Sensible,741.2,30.62,110.36,86.34,Water,Parabolic dish solar cooker,0.5,https://data.mendeley.com/datasets/szp4hfdymy/1,
305,2018-01_Sensible,729,30.575,110.25,86.175,Water,Parabolic dish solar cooker,0.5,https://data.mendeley.com/datasets/szp4hfdymy/1,
306,2018-01_Sensible,716.8,30.53,110.14,86.01,Water,Parabolic dish solar cooker,0.5,https://data.mendeley.com/datasets/szp4hfdymy/1,
307,2018-01_Sensible,704.6,30.485,110.03,85.845,Water,Parabolic dish solar cooker,0.5,https://data.mendeley.com/datasets/szp4hfdymy/1,
308,2018-01_Sensible,692.4,30.44,109.92,85.68,Water,Parabolic dish solar cooker,0.5,https://data.mendeley.com/datasets/szp4hfdymy/1,
309,2018-01_Sensible,680.2,30.395,109.81,85.515,Water,Parabolic dish solar cooker,0.5,https://data.mendeley.com/datasets/szp4hfdymy/1,
310,2018-01_Sensible,668,30.35,109.7,85.35,Water,Parabolic dish solar cooker,0.5,https://data.mendeley.com/datasets/szp4hfdymy/1,
311,2018-01_Sensible,655.8,30.305,109.59,85.185,Water,Parabolic dish solar cooker,0.5,https://data.mendeley.com/datasets/szp4hfdymy/1,
312,2018-01_Sensible,643.6,30.26,109.48,85.02,Water,Parabolic dish solar cooker,0.5,https://data.mendeley.com/datasets/szp4hfdymy/1,
313,2018-01_Sensible,631.4,30.215,109.37,84.855,Water,Parabolic dish solar cooker,0.5,https://data.mendeley.com/datasets/szp4hfdymy/1,
314,2018-01_Sensible,619.2,30.17,109.26,84.69,Water,Parabolic dish solar cooker,0.5,https://data.mendeley.com/datasets/szp4hfdymy/1,
315,2018-01_Sensible,607,30.125,109.15,84.525,Water,Parabolic dish solar cooker,0.5,https://data.mendeley.com/datasets/szp4hfdymy/1,
316,2018-01_Sensible,594.8,30.08,109.04,84.36,Water,Parabolic dish solar cooker,0.5,https://data.mendeley.com/datasets/szp4hfdymy/1,
317,2018-01_Sensible,582.6,30.035,108.93,84.195,Water,Parabolic dish solar cooker,0.5,https://data.mendeley.com/datasets/szp4hfdymy/1,
318,2018-01_Sensible,570.4,29.99,108.82,84.03,Water,Parabolic dish solar cooker,0.5,https://data.mendeley.com/datasets/szp4hfdymy/1,
319,2018-01_Sensible,558.2,29.945,108.71,83.865,Water,Parabolic dish solar cooker,0.5,https://data.mendeley.com/datasets/szp4hfdymy/1,
320,2018-01_Sensible,546,29.9,108.6,83.7,Water,Parabolic dish solar cooker,0.5,https://data.mendeley.com/datasets/szp4hfdymy/1,
321,2018-01_Sensible,556.5,29.975,108.475,83.665,Water,Parabolic dish solar cooker,0.5,https://data.mendeley.com/datasets/szp4hfdymy/1,
322,2018-01_Sensible,567,30.05,108.35,83.63,Water,Parabolic dish solar cooker,0.5,https://data.mendeley.com/datasets/szp4hfdymy/1,
323,2018-01_Sensible,577.5,30.125,108.225,83.595,Water,Parabolic dish solar cooker,0.5,https://data.mendeley.com/datasets/szp4hfdymy/1,
324,2018-01_Sensible,588,30.2,108.1,83.56,Water,Parabolic dish solar cooker,0.5,https://data.mendeley.com/datasets/szp4hfdymy/1,
325,2018-01_Sensible,598.5,30.275,107.975,83.525,Water,Parabolic dish solar cooker,0.5,https://data.mendeley.com/datasets/szp4hfdymy/1,
326,2018-01_Sensible,609,30.35,107.85,83.49,Water,Parabolic dish solar cooker,0.5,https://data.mendeley.com/datasets/szp4hfdymy/1,
327,2018-01_Sensible,619.5,30.425,107.725,83.455,Water,Parabolic dish solar cooker,0.5,https://data.mendeley.com/datasets/szp4hfdymy/1,
328,2018-01_Sensible,630,30.5,107.6,83.42,Water,Parabolic dish solar cooker,0.5,https://data.mendeley.com/datasets/szp4hfdymy/1,
329,2018-01_Sensible,640.5,30.575,107.475,83.385,Water,Parabolic dish solar cooker,0.5,https://data.mendeley.com/datasets/szp4hfdymy/1,
330,2018-01_Sensible,651,30.65,107.35,83.35,Water,Parabolic dish solar cooker,0.5,https://data.mendeley.com/datasets/szp4hfdymy/1,
331,2018-01_Sensible,661.5,30.725,107.225,83.315,Water,Parabolic dish solar cooker,0.5,https://data.mendeley.com/datasets/szp4hfdymy/1,
332,2018-01_Sensible,672,30.8,107.1,83.28,Water,Parabolic dish solar cooker,0.5,https://data.mendeley.com/datasets/szp4hfdymy/1,
333,2018-01_Sensible,682.5,30.875,106.975,83.245,Water,Parabolic dish solar cooker,0.5,https://data.mendeley.com/datasets/szp4hfdymy/1,
334,2018-01_Sensible,693,30.95,106.85,83.21,Water,Parabolic dish solar cooker,0.5,https://data.mendeley.com/datasets/szp4hfdymy/1,
335,2018-01_Sensible,703.5,31.025,106.725,83.175,Water,Parabolic dish solar cooker,0.5,https://data.mendeley.com/datasets/szp4hfdymy/1,
336,2018-01_Sensible,714,31.1,106.6,83.14,Water,Parabolic dish solar cooker,0.5,https://data.mendeley.com/datasets/szp4hfdymy/1,
337,2018-01_Sensible,724.5,31.175,106.475,83.105,Water,Parabolic dish solar cooker,0.5,https://data.mendeley.com/datasets/szp4hfdymy/1,
338,2018-01_Sensible,735,31.25,106.35,83.07,Water,Parabolic dish solar cooker,0.5,https://data.mendeley.com/datasets/szp4hfdymy/1,
339,2018-01_Sensible,745.5,31.325,106.225,83.035,Water,Parabolic dish solar cooker,0.5,https://data.mendeley.com/datasets/szp4hfdymy/1,
340,2018-01_Sensible,756,31.4,106.1,83,Water,Parabolic dish solar cooker,0.5,https://data.mendeley.com/datasets/szp4hfdymy/1,
341,2018-01_Sensible,745.2,31.365,105.845,83.09,Water,Parabolic dish solar cooker,0.5,https://data.mendeley.com/datasets/szp4hfdymy/1,
342,2018-01_Sensible,734.4,31.33,105.59,83.18,Water,Parabolic dish solar cooker,0.5,https://data.mendeley.com/datasets/szp4hfdymy/1,
343,2018-01_Sensible,723.6,31.295,105.335,83.27,Water,Parabolic dish solar cooker,0.5,https://data.mendeley.com/datasets/szp4hfdymy/1,
344,2018-01_Sensible,712.8,31.26,105.08,83.36,Water,Parabolic dish solar cooker,0.5,https://data.mendeley.com/datasets/szp4hfdymy/1,
345,2018-01_Sensible,702,31.225,104.825,83.45,Water,Parabolic dish solar cooker,0.5,https://data.mendeley.com/datasets/szp4hfdymy/1,
346,2018-01_Sensible,691.2,31.19,104.57,83.54,Water,Parabolic dish solar cooker,0.5,https://data.mendeley.com/datasets/szp4hfdymy/1,
347,2018-01_Sensible,680.4,31.155,104.315,83.63,Water,Parabolic dish solar cooker,0.5,https://data.mendeley.com/datasets/szp4hfdymy/1,
348,2018-01_Sensible,669.6,31.12,104.06,83.72,Water,Parabolic dish solar cooker,0.5,https://data.mendeley.com/datasets/szp4hfdymy/1,
349,2018-01_Sensible,658.8,31.085,103.805,83.81,Water,Parabolic dish solar cooker,0.5,https://data.mendeley.com/datasets/szp4hfdymy/1,
350,2018-01_Sensible,648,31.05,103.55,83.9,Water,Parabolic dish solar cooker,0.5,https://data.mendeley.com/datasets/szp4hfdymy/1,
351,2018-01_Sensible,637.2,31.015,103.295,83.99,Water,Parabolic dish solar cooker,0.5,https://data.mendeley.com/datasets/szp4hfdymy/1,
352,2018-01_Sensible,626.4,30.98,103.04,84.08,Water,Parabolic dish solar cooker,0.5,https://data.mendeley.com/datasets/szp4hfdymy/1,
353,2018-01_Sensible,615.6,30.945,102.785,84.17,Water,Parabolic dish solar cooker,0.5,https://data.mendeley.com/datasets/szp4hfdymy/1,
354,2018-01_Sensible,604.8,30.91,102.53,84.26,Water,Parabolic dish solar cooker,0.5,https://data.mendeley.com/datasets/szp4hfdymy/1,
355,2018-01_Sensible,594,30.875,102.275,84.35,Water,Parabolic dish solar cooker,0.5,https://data.mendeley.com/datasets/szp4hfdymy/1,
356,2018-01_Sensible,583.2,30.84,102.02,84.44,Water,Parabolic dish solar cooker,0.5,https://data.mendeley.com/datasets/szp4hfdymy/1,
357,2018-01_Sensible,572.4,30.805,101.765,84.53,Water,Parabolic dish solar cooker,0.5,https://data.mendeley.com/datasets/szp4hfdymy/1,
358,2018-01_Sensible,561.6,30.77,101.51,84.62,Water,Parabolic dish solar cooker,0.5,https://data.mendeley.com/datasets/szp4hfdymy/1,
359,2018-01_Sensible,550.8,30.735,101.255,84.71,Water,Parabolic dish solar cooker,0.5,https://data.mendeley.com/datasets/szp4hfdymy/1,
360,2018-01_Sensible,540,30.7,101,84.8,Water,Parabolic dish solar cooker,0.5,https://data.mendeley.com/datasets/szp4hfdymy/1,
361,2018-01_Sensible,529.45,30.705,100.4,84.56,Water,Parabolic dish solar cooker,0.5,https://data.mendeley.com/datasets/szp4hfdymy/1,
362,2018-01_Sensible,518.9,30.71,99.8,84.32,Water,Parabolic dish solar cooker,0.5,https://data.mendeley.com/datasets/szp4hfdymy/1,
363,2018-01_Sensible,508.35,30.715,99.2,84.08,Water,Parabolic dish solar cooker,0.5,https://data.mendeley.com/datasets/szp4hfdymy/1,
364,2018-01_Sensible,497.8,30.72,98.6,83.84,Water,Parabolic dish solar cooker,0.5,https://data.mendeley.com/datasets/szp4hfdymy/1,
365,2018-01_Sensible,487.25,30.725,98,83.6,Water,Parabolic dish solar cooker,0.5,https://data.mendeley.com/datasets/szp4hfdymy/1,
366,2018-01_Sensible,476.7,30.73,97.4,83.36,Water,Parabolic dish solar cooker,0.5,https://data.mendeley.com/datasets/szp4hfdymy/1,
367,2018-01_Sensible,466.15,30.735,96.8,83.12,Water,Parabolic dish solar cooker,0.5,https://data.mendeley.com/datasets/szp4hfdymy/1,
368,2018-01_Sensible,455.6,30.74,96.2,82.88,Water,Parabolic dish solar cooker,0.5,https://data.mendeley.com/datasets/szp4hfdymy/1,
369,2018-01_Sensible,445.05,30.745,95.6,82.64,Water,Parabolic dish solar cooker,0.5,https://data.mendeley.com/datasets/szp4hfdymy/1,
370,2018-01_Sensible,434.5,30.75,95,82.4,Water,Parabolic dish solar cooker,0.5,https://data.mendeley.com/datasets/szp4hfdymy/1,
371,2018-01_Sensible,423.95,30.755,94.4,82.16,Water,Parabolic dish solar cooker,0.5,https://data.mendeley.com/datasets/szp4hfdymy/1,
372,2018-01_Sensible,413.4,30.76,93.8,81.92,Water,Parabolic dish solar cooker,0.5,https://data.mendeley.com/datasets/szp4hfdymy/1,
373,2018-01_Sensible,402.85,30.765,93.2,81.68,Water,Parabolic dish solar cooker,0.5,https://data.mendeley.com/datasets/szp4hfdymy/1,
374,2018-01_Sensible,392.3,30.77,92.6,81.44,Water,Parabolic dish solar cooker,0.5,https://data.mendeley.com/datasets/szp4hfdymy/1,
375,2018-01_Sensible,381.75,30.775,92,81.2,Water,Parabolic dish solar cooker,0.5,https://data.mendeley.com/datasets/szp4hfdymy/1,
376,2018-01_Sensible,371.2,30.78,91.4,80.96,Water,Parabolic dish solar cooker,0.5,https://data.mendeley.com/datasets/szp4hfdymy/1,
377,2018-01_Sensible,360.65,30.785,90.8,80.72,Water,Parabolic dish solar cooker,0.5,https://data.mendeley.com/datasets/szp4hfdymy/1,
378,2018-01_Sensible,350.1,30.79,90.2,80.48,Water,Parabolic dish solar cooker,0.5,https://data.mendeley.com/datasets/szp4hfdymy/1,
379,2018-01_Sensible,339.55,30.795,89.6,80.24,Water,Parabolic dish solar cooker,0.5,https://data.mendeley.com/datasets/szp4hfdymy/1,
380,2018-01_Sensible,329,30.8,89,80,Water,Parabolic dish solar cooker,0.5,https://data.mendeley.com/datasets/szp4hfdymy/1,
381,2018-01_Sensible,323.05,30.765,88.155,79.845,Water,Parabolic dish solar cooker,0.5,https://data.mendeley.com/datasets/szp4hfdymy/1,
382,2018-01_Sensible,317.1,30.73,87.31,79.69,Water,Parabolic dish solar cooker,0.5,https://data.mendeley.com/datasets/szp4hfdymy/1,
383,2018-01_Sensible,311.15,30.695,86.465,79.535,Water,Parabolic dish solar cooker,0.5,https://data.mendeley.com/datasets/szp4hfdymy/1,
384,2018-01_Sensible,305.2,30.66,85.62,79.38,Water,Parabolic dish solar cooker,0.5,https://data.mendeley.com/datasets/szp4hfdymy/1,
385,2018-01_Sensible,299.25,30.625,84.775,79.225,Water,Parabolic dish solar cooker,0.5,https://data.mendeley.com/datasets/szp4hfdymy/1,
386,2018-01_Sensible,293.3,30.59,83.93,79.07,Water,Parabolic dish solar cooker,0.5,https://data.mendeley.com/datasets/szp4hfdymy/1,
387,2018-01_Sensible,287.35,30.555,83.085,78.915,Water,Parabolic dish solar cooker,0.5,https://data.mendeley.com/datasets/szp4hfdymy/1,
388,2018-01_Sensible,281.4,30.52,82.24,78.76,Water,Parabolic dish solar cooker,0.5,https://data.mendeley.com/datasets/szp4hfdymy/1,
389,2018-01_Sensible,275.45,30.485,81.395,78.605,Water,Parabolic dish solar cooker,0.5,https://data.mendeley.com/datasets/szp4hfdymy/1,
390,2018-01_Sensible,269.5,30.45,80.55,78.45,Water,Parabolic dish solar cooker,0.5,https://data.mendeley.com/datasets/szp4hfdymy/1,
391,2018-01_Sensible,263.55,30.415,79.705,78.295,Water,Parabolic dish solar cooker,0.5,https://data.mendeley.com/datasets/szp4hfdymy/1,
392,2018-01_Sensible,257.6,30.38,78.86,78.14,Water,Parabolic dish solar cooker,0.5,https://data.mendeley.com/datasets/szp4hfdymy/1,
393,2018-01_Sensible,251.65,30.345,78.015,77.985,Water,Parabolic dish solar cooker,0.5,https://data.mendeley.com/datasets/szp4hfdymy/1,
394,2018-01_Sensible,245.7,30.31,77.17,77.83,Water,Parabolic dish solar cooker,0.5,https://data.mendeley.com/datasets/szp4hfdymy/1,
395,2018-01_Sensible,239.75,30.275,76.325,77.675,Water,Parabolic dish solar cooker,0.5,https://data.mendeley.com/datasets/szp4hfdymy/1,
396,2018-01_Sensible,233.8,30.24,75.48,77.52,Water,Parabolic dish solar cooker,0.5,https://data.mendeley.com/datasets/szp4hfdymy/1,
397,2018-01_Sensible,227.85,30.205,74.635,77.365,Water,Parabolic dish solar cooker,0.5,https://data.mendeley.com/datasets/szp4hfdymy/1,
398,2018-01_Sensible,221.9,30.17,73.79,77.21,Water,Parabolic dish solar cooker,0.5,https://data.mendeley.com/datasets/szp4hfdymy/1,
399,2018-01_Sensible,215.95,30.135,72.945,77.055,Water,Parabolic dish solar cooker,0.5,https://data.mendeley.com/datasets/szp4hfdymy/1,
400,2018-01_Sensible,210,30.1,72.1,76.9,Water,Parabolic dish solar cooker,0.5,https://data.mendeley.com/datasets/szp4hfdymy/1,
401,2018-01_Sensible,208,30.08,71.495,76.755,Water,Parabolic dish solar cooker,0.5,https://data.mendeley.com/datasets/szp4hfdymy/1,
402,2018-01_Sensible,206,30.06,70.89,76.61,Water,Parabolic dish solar cooker,0.5,https://data.mendeley.com/datasets/szp4hfdymy/1,
403,2018-01_Sensible,204,30.04,70.285,76.465,Water,Parabolic dish solar cooker,0.5,https://data.mendeley.com/datasets/szp4hfdymy/1,
404,2018-01_Sensible,202,30.02,69.68,76.32,Water,Parabolic dish solar cooker,0.5,https://data.mendeley.com/datasets/szp4hfdymy/1,
405,2018-01_Sensible,200,30,69.075,76.175,Water,Parabolic dish solar cooker,0.5,https://data.mendeley.com/datasets/szp4hfdymy/1,
406,2018-01_Sensible,198,29.98,68.47,76.03,Water,Parabolic dish solar cooker,0.5,https://data.mendeley.com/datasets/szp4hfdymy/1,
407,2018-01_Sensible,196,29.96,67.865,75.885,Water,Parabolic dish solar cooker,0.5,https://data.mendeley.com/datasets/szp4hfdymy/1,
408,2018-01_Sensible,194,29.94,67.26,75.74,Water,Parabolic dish solar cooker,0.5,https://data.mendeley.com/datasets/szp4hfdymy/1,
409,2018-01_Sensible,192,29.92,66.655,75.595,Water,Parabolic dish solar cooker,0.5,https://data.mendeley.com/datasets/szp4hfdymy/1,
410,2018-01_Sensible,190,29.9,66.05,75.45,Water,Parabolic dish solar cooker,0.5,https://data.mendeley.com/datasets/szp4hfdymy/1,
411,2018-01_Sensible,188,29.88,65.445,75.305,Water,Parabolic dish solar cooker,0.5,https://data.mendeley.com/datasets/szp4hfdymy/1,
412,2018-01_Sensible,186,29.86,64.84,75.16,Water,Parabolic dish solar cooker,0.5,https://data.mendeley.com/datasets/szp4hfdymy/1,
413,2018-01_Sensible,184,29.84,64.235,75.015,Water,Parabolic dish solar cooker,0.5,https://data.mendeley.com/datasets/szp4hfdymy/1,
414,2018-01_Sensible,182,29.82,63.63,74.87,Water,Parabolic dish solar cooker,0.5,https://data.mendeley.com/datasets/szp4hfdymy/1,
415,2018-01_Sensible,180,29.8,63.025,74.725,Water,Parabolic dish solar cooker,0.5,https://data.mendeley.com/datasets/szp4hfdymy/1,
416,2018-01_Sensible,178,29.78,62.42,74.58,Water,Parabolic dish solar cooker,0.5,https://data.mendeley.com/datasets/szp4hfdymy/1,
417,2018-01_Sensible,176,29.76,61.815,74.435,Water,Parabolic dish solar cooker,0.5,https://data.mendeley.com/datasets/szp4hfdymy/1,
418,2018-01_Sensible,174,29.74,61.21,74.29,Water,Parabolic dish solar cooker,0.5,https://data.mendeley.com/datasets/szp4hfdymy/1,
419,2018-01_Sensible,172,29.72,60.605,74.145,Water,Parabolic dish solar cooker,0.5,https://data.mendeley.com/datasets/szp4hfdymy/1,
420,2018-01_Sensible,170,29.7,60,74,Water,Parabolic dish solar cooker,0.5,https://data.mendeley.com/datasets/szp4hfdymy/1,
0,2018-02_Stagnation,830,25.9,35.4,29.5,Chamber air (proxy),Parabolic dish solar cooker,0,https://data.mendeley.com/datasets/szp4hfdymy/1,
1,2018-02_Stagnation,832,25.98,36.08,29.9,Chamber air (proxy),Parabolic dish solar cooker,0,https://data.mendeley.com/datasets/szp4hfdymy/1,
2,2018-02_Stagnation,834,26.06,36.76,30.3,Chamber air (proxy),Parabolic dish solar cooker,0,https://data.mendeley.com/datasets/szp4hfdymy/1,
3,2018-02_Stagnation,836,26.14,37.44,30.7,Chamber air (proxy),Parabolic dish solar cooker,0,https://data.mendeley.com/datasets/szp4hfdymy/1,
4,2018-02_Stagnation,838,26.22,38.12,31.1,Chamber air (proxy),Parabolic dish solar cooker,0,https://data.mendeley.com/datasets/szp4hfdymy/1,
5,2018-02_Stagnation,840,26.3,38.8,31.5,Chamber air (proxy),Parabolic dish solar cooker,0,https://data.mendeley.com/datasets/szp4hfdymy/1,
6,2018-02_Stagnation,842,26.38,39.48,31.9,Chamber air (proxy),Parabolic dish solar cooker,0,https://data.mendeley.com/datasets/szp4hfdymy/1,
7,2018-02_Stagnation,844,26.46,40.16,32.3,Chamber air (proxy),Parabolic dish solar cooker,0,https://data.mendeley.com/datasets/szp4hfdymy/1,
8,2018-02_Stagnation,846,26.54,40.84,32.7,Chamber air (proxy),Parabolic dish solar cooker,0,https://data.mendeley.com/datasets/szp4hfdymy/1,
9,2018-02_Stagnation,848,26.62,41.52,33.1,Chamber air (proxy),Parabolic dish solar cooker,0,https://data.mendeley.com/datasets/szp4hfdymy/1,
10,2018-02_Stagnation,850,26.7,42.2,33.5,Chamber air (proxy),Parabolic dish solar cooker,0,https://data.mendeley.com/datasets/szp4hfdymy/1,
11,2018-02_Stagnation,852,26.78,42.88,33.9,Chamber air (proxy),Parabolic dish solar cooker,0,https://data.mendeley.com/datasets/szp4hfdymy/1,
12,2018-02_Stagnation,854,26.86,43.56,34.3,Chamber air (proxy),Parabolic dish solar cooker,0,https://data.mendeley.com/datasets/szp4hfdymy/1,
13,2018-02_Stagnation,856,26.94,44.24,34.7,Chamber air (proxy),Parabolic dish solar cooker,0,https://data.mendeley.com/datasets/szp4hfdymy/1,
14,2018-02_Stagnation,858,27.02,44.92,35.1,Chamber air (proxy),Parabolic dish solar cooker,0,https://data.mendeley.com/datasets/szp4hfdymy/1,
15,2018-02_Stagnation,860,27.1,45.6,35.5,Chamber air (proxy),Parabolic dish solar cooker,0,https://data.mendeley.com/datasets/szp4hfdymy/1,
16,2018-02_Stagnation,862,27.18,46.28,35.9,Chamber air (proxy),Parabolic dish solar cooker,0,https://data.mendeley.com/datasets/szp4hfdymy/1,
17,2018-02_Stagnation,864,27.26,46.96,36.3,Chamber air (proxy),Parabolic dish solar cooker,0,https://data.mendeley.com/datasets/szp4hfdymy/1,
18,2018-02_Stagnation,866,27.34,47.64,36.7,Chamber air (proxy),Parabolic dish solar cooker,0,https://data.mendeley.com/datasets/szp4hfdymy/1,
19,2018-02_Stagnation,868,27.42,48.32,37.1,Chamber air (proxy),Parabolic dish solar cooker,0,https://data.mendeley.com/datasets/szp4hfdymy/1,
20,2018-02_Stagnation,870,27.5,49,37.5,Chamber air (proxy),Parabolic dish solar cooker,0,https://data.mendeley.com/datasets/szp4hfdymy/1,
21,2018-02_Stagnation,869,27.515,49.4,38.175,Chamber air (proxy),Parabolic dish solar cooker,0,https://data.mendeley.com/datasets/szp4hfdymy/1,
22,2018-02_Stagnation,868,27.53,49.8,38.85,Chamber air (proxy),Parabolic dish solar cooker,0,https://data.mendeley.com/datasets/szp4hfdymy/1,
23,2018-02_Stagnation,867,27.545,50.2,39.525,Chamber air (proxy),Parabolic dish solar cooker,0,https://data.mendeley.com/datasets/szp4hfdymy/1,
24,2018-02_Stagnation,866,27.56,50.6,40.2,Chamber air (proxy),Parabolic dish solar cooker,0,https://data.mendeley.com/datasets/szp4hfdymy/1,
25,2018-02_Stagnation,865,27.575,51,40.875,Chamber air (proxy),Parabolic dish solar cooker,0,https://data.mendeley.com/datasets/szp4hfdymy/1,
26,2018-02_Stagnation,864,27.59,51.4,41.55,Chamber air (proxy),Parabolic dish solar cooker,0,https://data.mendeley.com/datasets/szp4hfdymy/1,
27,2018-02_Stagnation,863,27.605,51.8,42.225,Chamber air (proxy),Parabolic dish solar cooker,0,https://data.mendeley.com/datasets/szp4hfdymy/1,
28,2018-02_Stagnation,862,27.62,52.2,42.9,Chamber air (proxy),Parabolic dish solar cooker,0,https://data.mendeley.com/datasets/szp4hfdymy/1,
29,2018-02_Stagnation,861,27.635,52.6,43.575,Chamber air (proxy),Parabolic dish solar cooker,0,https://data.mendeley.com/datasets/szp4hfdymy/1,
30,2018-02_Stagnation,860,27.65,53,44.25,Chamber air (proxy),Parabolic dish solar cooker,0,https://data.mendeley.com/datasets/szp4hfdymy/1,
31,2018-02_Stagnation,859,27.665,53.4,44.925,Chamber air (proxy),Parabolic dish solar cooker,0,https://data.mendeley.com/datasets/szp4hfdymy/1,
32,2018-02_Stagnation,858,27.68,53.8,45.6,Chamber air (proxy),Parabolic dish solar cooker,0,https://data.mendeley.com/datasets/szp4hfdymy/1,
33,2018-02_Stagnation,857,27.695,54.2,46.275,Chamber air (proxy),Parabolic dish solar cooker,0,https://data.mendeley.com/datasets/szp4hfdymy/1,
34,2018-02_Stagnation,856,27.71,54.6,46.95,Chamber air (proxy),Parabolic dish solar cooker,0,https://data.mendeley.com/datasets/szp4hfdymy/1,
35,2018-02_Stagnation,855,27.725,55,47.625,Chamber air (proxy),Parabolic dish solar cooker,0,https://data.mendeley.com/datasets/szp4hfdymy/1,
36,2018-02_Stagnation,854,27.74,55.4,48.3,Chamber air (proxy),Parabolic dish solar cooker,0,https://data.mendeley.com/datasets/szp4hfdymy/1,
37,2018-02_Stagnation,853,27.755,55.8,48.975,Chamber air (proxy),Parabolic dish solar cooker,0,https://data.mendeley.com/datasets/szp4hfdymy/1,
38,2018-02_Stagnation,852,27.77,56.2,49.65,Chamber air (proxy),Parabolic dish solar cooker,0,https://data.mendeley.com/datasets/szp4hfdymy/1,
39,2018-02_Stagnation,851,27.785,56.6,50.325,Chamber air (proxy),Parabolic dish solar cooker,0,https://data.mendeley.com/datasets/szp4hfdymy/1,
40,2018-02_Stagnation,850,27.8,57,51,Chamber air (proxy),Parabolic dish solar cooker,0,https://data.mendeley.com/datasets/szp4hfdymy/1,
41,2018-02_Stagnation,853.1,27.8,57.25,51.395,Chamber air (proxy),Parabolic dish solar cooker,0,https://data.mendeley.com/datasets/szp4hfdymy/1,
42,2018-02_Stagnation,856.2,27.8,57.5,51.79,Chamber air (proxy),Parabolic dish solar cooker,0,https://data.mendeley.com/datasets/szp4hfdymy/1,
43,2018-02_Stagnation,859.3,27.8,57.75,52.185,Chamber air (proxy),Parabolic dish solar cooker,0,https://data.mendeley.com/datasets/szp4hfdymy/1,
44,2018-02_Stagnation,862.4,27.8,58,52.58,Chamber air (proxy),Parabolic dish solar cooker,0,https://data.mendeley.com/datasets/szp4hfdymy/1,
45,2018-02_Stagnation,865.5,27.8,58.25,52.975,Chamber air (proxy),Parabolic dish solar cooker,0,https://data.mendeley.com/datasets/szp4hfdymy/1,
46,2018-02_Stagnation,868.6,27.8,58.5,53.37,Chamber air (proxy),Parabolic dish solar cooker,0,https://data.mendeley.com/datasets/szp4hfdymy/1,
47,2018-02_Stagnation,871.7,27.8,58.75,53.765,Chamber air (proxy),Parabolic dish solar cooker,0,https://data.mendeley.com/datasets/szp4hfdymy/1,
48,2018-02_Stagnation,874.8,27.8,59,54.16,Chamber air (proxy),Parabolic dish solar cooker,0,https://data.mendeley.com/datasets/szp4hfdymy/1,
49,2018-02_Stagnation,877.9,27.8,59.25,54.555,Chamber air (proxy),Parabolic dish solar cooker,0,https://data.mendeley.com/datasets/szp4hfdymy/1,
50,2018-02_Stagnation,881,27.8,59.5,54.95,Chamber air (proxy),Parabolic dish solar cooker,0,https://data.mendeley.com/datasets/szp4hfdymy/1,
51,2018-02_Stagnation,884.1,27.8,59.75,55.345,Chamber air (proxy),Parabolic dish solar cooker,0,https://data.mendeley.com/datasets/szp4hfdymy/1,
52,2018-02_Stagnation,887.2,27.8,60,55.74,Chamber air (proxy),Parabolic dish solar cooker,0,https://data.mendeley.com/datasets/szp4hfdymy/1,
53,2018-02_Stagnation,890.3,27.8,60.25,56.135,Chamber air (proxy),Parabolic dish solar cooker,0,https://data.mendeley.com/datasets/szp4hfdymy/1,
54,2018-02_Stagnation,893.4,27.8,60.5,56.53,Chamber air (proxy),Parabolic dish solar cooker,0,https://data.mendeley.com/datasets/szp4hfdymy/1,
55,2018-02_Stagnation,896.5,27.8,60.75,56.925,Chamber air (proxy),Parabolic dish solar cooker,0,https://data.mendeley.com/datasets/szp4hfdymy/1,
56,2018-02_Stagnation,899.6,27.8,61,57.32,Chamber air (proxy),Parabolic dish solar cooker,0,https://data.mendeley.com/datasets/szp4hfdymy/1,
57,2018-02_Stagnation,902.7,27.8,61.25,57.715,Chamber air (proxy),Parabolic dish solar cooker,0,https://data.mendeley.com/datasets/szp4hfdymy/1,
58,2018-02_Stagnation,905.8,27.8,61.5,58.11,Chamber air (proxy),Parabolic dish solar cooker,0,https://data.mendeley.com/datasets/szp4hfdymy/1,
59,2018-02_Stagnation,908.9,27.8,61.75,58.505,Chamber air (proxy),Parabolic dish solar cooker,0,https://data.mendeley.com/datasets/szp4hfdymy/1,
60,2018-02_Stagnation,912,27.8,62,58.9,Chamber air (proxy),Parabolic dish solar cooker,0,https://data.mendeley.com/datasets/szp4hfdymy/1,
61,2018-02_Stagnation,915.2,27.93,62.55,59.215,Chamber air (proxy),Parabolic dish solar cooker,0,https://data.mendeley.com/datasets/szp4hfdymy/1,
62,2018-02_Stagnation,918.4,28.06,63.1,59.53,Chamber air (proxy),Parabolic dish solar cooker,0,https://data.mendeley.com/datasets/szp4hfdymy/1,
63,2018-02_Stagnation,921.6,28.19,63.65,59.845,Chamber air (proxy),Parabolic dish solar cooker,0,https://data.mendeley.com/datasets/szp4hfdymy/1,
64,2018-02_Stagnation,924.8,28.32,64.2,60.16,Chamber air (proxy),Parabolic dish solar cooker,0,https://data.mendeley.com/datasets/szp4hfdymy/1,
65,2018-02_Stagnation,928,28.45,64.75,60.475,Chamber air (proxy),Parabolic dish solar cooker,0,https://data.mendeley.com/datasets/szp4hfdymy/1,
66,2018-02_Stagnation,931.2,28.58,65.3,60.79,Chamber air (proxy),Parabolic dish solar cooker,0,https://data.mendeley.com/datasets/szp4hfdymy/1,
67,2018-02_Stagnation,934.4,28.71,65.85,61.105,Chamber air (proxy),Parabolic dish solar cooker,0,https://data.mendeley.com/datasets/szp4hfdymy/1,
68,2018-02_Stagnation,937.6,28.84,66.4,61.42,Chamber air (proxy),Parabolic dish solar cooker,0,https://data.mendeley.com/datasets/szp4hfdymy/1,
69,2018-02_Stagnation,940.8,28.97,66.95,61.735,Chamber air (proxy),Parabolic dish solar cooker,0,https://data.mendeley.com/datasets/szp4hfdymy/1,
70,2018-02_Stagnation,944,29.1,67.5,62.05,Chamber air (proxy),Parabolic dish solar cooker,0,https://data.mendeley.com/datasets/szp4hfdymy/1,
71,2018-02_Stagnation,947.2,29.23,68.05,62.365,Chamber air (proxy),Parabolic dish solar cooker,0,https://data.mendeley.com/datasets/szp4hfdymy/1,
72,2018-02_Stagnation,950.4,29.36,68.6,62.68,Chamber air (proxy),Parabolic dish solar cooker,0,https://data.mendeley.com/datasets/szp4hfdymy/1,
73,2018-02_Stagnation,953.6,29.49,69.15,62.995,Chamber air (proxy),Parabolic dish solar cooker,0,https://data.mendeley.com/datasets/szp4hfdymy/1,
74,2018-02_Stagnation,956.8,29.62,69.7,63.31,Chamber air (proxy),Parabolic dish solar cooker,0,https://data.mendeley.com/datasets/szp4hfdymy/1,
75,2018-02_Stagnation,960,29.75,70.25,63.625,Chamber air (proxy),Parabolic dish solar cooker,0,https://data.mendeley.com/datasets/szp4hfdymy/1,
76,2018-02_Stagnation,963.2,29.88,70.8,63.94,Chamber air (proxy),Parabolic dish solar cooker,0,https://data.mendeley.com/datasets/szp4hfdymy/1,
77,2018-02_Stagnation,966.4,30.01,71.35,64.255,Chamber air (proxy),Parabolic dish solar cooker,0,https://data.mendeley.com/datasets/szp4hfdymy/1,
78,2018-02_Stagnation,969.6,30.14,71.9,64.57,Chamber air (proxy),Parabolic dish solar cooker,0,https://data.mendeley.com/datasets/szp4hfdymy/1,
79,2018-02_Stagnation,972.8,30.27,72.45,64.885,Chamber air (proxy),Parabolic dish solar cooker,0,https://data.mendeley.com/datasets/szp4hfdymy/1,
80,2018-02_Stagnation,976,30.4,73,65.2,Chamber air (proxy),Parabolic dish solar cooker,0,https://data.mendeley.com/datasets/szp4hfdymy/1,
81,2018-02_Stagnation,976.45,30.33,73.54,65.69,Chamber air (proxy),Parabolic dish solar cooker,0,https://data.mendeley.com/datasets/szp4hfdymy/1,
82,2018-02_Stagnation,976.9,30.26,74.08,66.18,Chamber air (proxy),Parabolic dish solar cooker,0,https://data.mendeley.com/datasets/szp4hfdymy/1,
83,2018-02_Stagnation,977.35,30.19,74.62,66.67,Chamber air (proxy),Parabolic dish solar cooker,0,https://data.mendeley.com/datasets/szp4hfdymy/1,
84,2018-02_Stagnation,977.8,30.12,75.16,67.16,Chamber air (proxy),Parabolic dish solar cooker,0,https://data.mendeley.com/datasets/szp4hfdymy/1,
85,2018-02_Stagnation,978.25,30.05,75.7,67.65,Chamber air (proxy),Parabolic dish solar cooker,0,https://data.mendeley.com/datasets/szp4hfdymy/1,
86,2018-02_Stagnation,978.7,29.98,76.24,68.14,Chamber air (proxy),Parabolic dish solar cooker,0,https://data.mendeley.com/datasets/szp4hfdymy/1,
87,2018-02_Stagnation,979.15,29.91,76.78,68.63,Chamber air (proxy),Parabolic dish solar cooker,0,https://data.mendeley.com/datasets/szp4hfdymy/1,
88,2018-02_Stagnation,979.6,29.84,77.32,69.12,Chamber air (proxy),Parabolic dish solar cooker,0,https://data.mendeley.com/datasets/szp4hfdymy/1,
89,2018-02_Stagnation,980.05,29.77,77.86,69.61,Chamber air (proxy),Parabolic dish solar cooker,0,https://data.mendeley.com/datasets/szp4hfdymy/1,
90,2018-02_Stagnation,980.5,29.7,78.4,70.1,Chamber air (proxy),Parabolic dish solar cooker,0,https://data.mendeley.com/datasets/szp4hfdymy/1,
91,2018-02_Stagnation,980.95,29.63,78.94,70.59,Chamber air (proxy),Parabolic dish solar cooker,0,https://data.mendeley.com/datasets/szp4hfdymy/1,
92,2018-02_Stagnation,981.4,29.56,79.48,71.08,Chamber air (proxy),Parabolic dish solar cooker,0,https://data.mendeley.com/datasets/szp4hfdymy/1,
93,2018-02_Stagnation,981.85,29.49,80.02,71.57,Chamber air (proxy),Parabolic dish solar cooker,0,https://data.mendeley.com/datasets/szp4hfdymy/1,
94,2018-02_Stagnation,982.3,29.42,80.56,72.06,Chamber air (proxy),Parabolic dish solar cooker,0,https://data.mendeley.com/datasets/szp4hfdymy/1,
95,2018-02_Stagnation,982.75,29.35,81.1,72.55,Chamber air (proxy),Parabolic dish solar cooker,0,https://data.mendeley.com/datasets/szp4hfdymy/1,
96,2018-02_Stagnation,983.2,29.28,81.64,73.04,Chamber air (proxy),Parabolic dish solar cooker,0,https://data.mendeley.com/datasets/szp4hfdymy/1,
97,2018-02_Stagnation,983.65,29.21,82.18,73.53,Chamber air (proxy),Parabolic dish solar cooker,0,https://data.mendeley.com/datasets/szp4hfdymy/1,
98,2018-02_Stagnation,984.1,29.14,82.72,74.02,Chamber air (proxy),Parabolic dish solar cooker,0,https://data.mendeley.com/datasets/szp4hfdymy/1,
99,2018-02_Stagnation,984.55,29.07,83.26,74.51,Chamber air (proxy),Parabolic dish solar cooker,0,https://data.mendeley.com/datasets/szp4hfdymy/1,
100,2018-02_Stagnation,985,29,83.8,75,Chamber air (proxy),Parabolic dish solar cooker,0,https://data.mendeley.com/datasets/szp4hfdymy/1,
101,2018-02_Stagnation,984.8,29.11,84.535,75.645,Chamber air (proxy),Parabolic dish solar cooker,0,https://data.mendeley.com/datasets/szp4hfdymy/1,
102,2018-02_Stagnation,984.6,29.22,85.27,76.29,Chamber air (proxy),Parabolic dish solar cooker,0,https://data.mendeley.com/datasets/szp4hfdymy/1,
103,2018-02_Stagnation,984.4,29.33,86.005,76.935,Chamber air (proxy),Parabolic dish solar cooker,0,https://data.mendeley.com/datasets/szp4hfdymy/1,
104,2018-02_Stagnation,984.2,29.44,86.74,77.58,Chamber air (proxy),Parabolic dish solar cooker,0,https://data.mendeley.com/datasets/szp4hfdymy/1,
105,2018-02_Stagnation,984,29.55,87.475,78.225,Chamber air (proxy),Parabolic dish solar cooker,0,https://data.mendeley.com/datasets/szp4hfdymy/1,
106,2018-02_Stagnation,983.8,29.66,88.21,78.87,Chamber air (proxy),Parabolic dish solar cooker,0,https://data.mendeley.com/datasets/szp4hfdymy/1,
107,2018-02_Stagnation,983.6,29.77,88.945,79.515,Chamber air (proxy),Parabolic dish solar cooker,0,https://data.mendeley.com/datasets/szp4hfdymy/1,
108,2018-02_Stagnation,983.4,29.88,89.68,80.16,Chamber air (proxy),Parabolic dish solar cooker,0,https://data.mendeley.com/datasets/szp4hfdymy/1,
109,2018-02_Stagnation,983.2,29.99,90.415,80.805,Chamber air (proxy),Parabolic dish solar cooker,0,https://data.mendeley.com/datasets/szp4hfdymy/1,
110,2018-02_Stagnation,983,30.1,91.15,81.45,Chamber air (proxy),Parabolic dish solar cooker,0,https://data.mendeley.com/datasets/szp4hfdymy/1,
111,2018-02_Stagnation,982.8,30.21,91.885,82.095,Chamber air (proxy),Parabolic dish solar cooker,0,https://data.mendeley.com/datasets/szp4hfdymy/1,
112,2018-02_Stagnation,982.6,30.32,92.62,82.74,Chamber air (proxy),Parabolic dish solar cooker,0,https://data.mendeley.com/datasets/szp4hfdymy/1,
113,2018-02_Stagnation,982.4,30.43,93.355,83.385,Chamber air (proxy),Parabolic dish solar cooker,0,https://data.mendeley.com/datasets/szp4hfdymy/1,
114,2018-02_Stagnation,982.2,30.54,94.09,84.03,Chamber air (proxy),Parabolic dish solar cooker,0,https://data.mendeley.com/datasets/szp4hfdymy/1,
115,2018-02_Stagnation,982,30.65,94.825,84.675,Chamber air (proxy),Parabolic dish solar cooker,0,https://data.mendeley.com/datasets/szp4hfdymy/1,
116,2018-02_Stagnation,981.8,30.76,95.56,85.32,Chamber air (proxy),Parabolic dish solar cooker,0,https://data.mendeley.com/datasets/szp4hfdymy/1,
117,2018-02_Stagnation,981.6,30.87,96.295,85.965,Chamber air (proxy),Parabolic dish solar cooker,0,https://data.mendeley.com/datasets/szp4hfdymy/1,
118,2018-02_Stagnation,981.4,30.98,97.03,86.61,Chamber air (proxy),Parabolic dish solar cooker,0,https://data.mendeley.com/datasets/szp4hfdymy/1,
119,2018-02_Stagnation,981.2,31.09,97.765,87.255,Chamber air (proxy),Parabolic dish solar cooker,0,https://data.mendeley.com/datasets/szp4hfdymy/1,
120,2018-02_Stagnation,981,31.2,98.5,87.9,Chamber air (proxy),Parabolic dish solar cooker,0,https://data.mendeley.com/datasets/szp4hfdymy/1,
121,2018-02_Stagnation,980.65,31.045,99.26,88.705,Chamber air (proxy),Parabolic dish solar cooker,0,https://data.mendeley.com/datasets/szp4hfdymy/1,
122,2018-02_Stagnation,980.3,30.89,100.02,89.51,Chamber air (proxy),Parabolic dish solar cooker,0,https://data.mendeley.com/datasets/szp4hfdymy/1,
123,2018-02_Stagnation,979.95,30.735,100.78,90.315,Chamber air (proxy),Parabolic dish solar cooker,0,https://data.mendeley.com/datasets/szp4hfdymy/1,
124,2018-02_Stagnation,979.6,30.58,101.54,91.12,Chamber air (proxy),Parabolic dish solar cooker,0,https://data.mendeley.com/datasets/szp4hfdymy/1,
125,2018-02_Stagnation,979.25,30.425,102.3,91.925,Chamber air (proxy),Parabolic dish solar cooker,0,https://data.mendeley.com/datasets/szp4hfdymy/1,
126,2018-02_Stagnation,978.9,30.27,103.06,92.73,Chamber air (proxy),Parabolic dish solar cooker,0,https://data.mendeley.com/datasets/szp4hfdymy/1,
127,2018-02_Stagnation,978.55,30.115,103.82,93.535,Chamber air (proxy),Parabolic dish solar cooker,0,https://data.mendeley.com/datasets/szp4hfdymy/1,
128,2018-02_Stagnation,978.2,29.96,104.58,94.34,Chamber air (proxy),Parabolic dish solar cooker,0,https://data.mendeley.com/datasets/szp4hfdymy/1,
129,2018-02_Stagnation,977.85,29.805,105.34,95.145,Chamber air (proxy),Parabolic dish solar cooker,0,https://data.mendeley.com/datasets/szp4hfdymy/1,
130,2018-02_Stagnation,977.5,29.65,106.1,95.95,Chamber air (proxy),Parabolic dish solar cooker,0,https://data.mendeley.com/datasets/szp4hfdymy/1,
131,2018-02_Stagnation,977.15,29.495,106.86,96.755,Chamber air (proxy),Parabolic dish solar cooker,0,https://data.mendeley.com/datasets/szp4hfdymy/1,
132,2018-02_Stagnation,976.8,29.34,107.62,97.56,Chamber air (proxy),Parabolic dish solar cooker,0,https://data.mendeley.com/datasets/szp4hfdymy/1,
133,2018-02_Stagnation,976.45,29.185,108.38,98.365,Chamber air (proxy),Parabolic dish solar cooker,0,https://data.mendeley.com/datasets/szp4hfdymy/1,
134,2018-02_Stagnation,976.1,29.03,109.14,99.17,Chamber air (proxy),Parabolic dish solar cooker,0,https://data.mendeley.com/datasets/szp4hfdymy/1,
135,2018-02_Stagnation,975.75,28.875,109.9,99.975,Chamber air (proxy),Parabolic dish solar cooker,0,https://data.mendeley.com/datasets/szp4hfdymy/1,
136,2018-02_Stagnation,975.4,28.72,110.66,100.78,Chamber air (proxy),Parabolic dish solar cooker,0,https://data.mendeley.com/datasets/szp4hfdymy/1,
137,2018-02_Stagnation,975.05,28.565,111.42,101.585,Chamber air (proxy),Parabolic dish solar cooker,0,https://data.mendeley.com/datasets/szp4hfdymy/1,
138,2018-02_Stagnation,974.7,28.41,112.18,102.39,Chamber air (proxy),Parabolic dish solar cooker,0,https://data.mendeley.com/datasets/szp4hfdymy/1,
139,2018-02_Stagnation,974.35,28.255,112.94,103.195,Chamber air (proxy),Parabolic dish solar cooker,0,https://data.mendeley.com/datasets/szp4hfdymy/1,
140,2018-02_Stagnation,974,28.1,113.7,104,Chamber air (proxy),Parabolic dish solar cooker,0,https://data.mendeley.com/datasets/szp4hfdymy/1,
141,2018-02_Stagnation,974,28.31,114.1,104.44,Chamber air (proxy),Parabolic dish solar cooker,0,https://data.mendeley.com/datasets/szp4hfdymy/1,
142,2018-02_Stagnation,974,28.52,114.5,104.88,Chamber air (proxy),Parabolic dish solar cooker,0,https://data.mendeley.com/datasets/szp4hfdymy/1,
143,2018-02_Stagnation,974,28.73,114.9,105.32,Chamber air (proxy),Parabolic dish solar cooker,0,https://data.mendeley.com/datasets/szp4hfdymy/1,
144,2018-02_Stagnation,974,28.94,115.3,105.76,Chamber air (proxy),Parabolic dish solar cooker,0,https://data.mendeley.com/datasets/szp4hfdymy/1,
145,2018-02_Stagnation,974,29.15,115.7,106.2,Chamber air (proxy),Parabolic dish solar cooker,0,https://data.mendeley.com/datasets/szp4hfdymy/1,
146,2018-02_Stagnation,974,29.36,116.1,106.64,Chamber air (proxy),Parabolic dish solar cooker,0,https://data.mendeley.com/datasets/szp4hfdymy/1,
147,2018-02_Stagnation,974,29.57,116.5,107.08,Chamber air (proxy),Parabolic dish solar cooker,0,https://data.mendeley.com/datasets/szp4hfdymy/1,
148,2018-02_Stagnation,974,29.78,116.9,107.52,Chamber air (proxy),Parabolic dish solar cooker,0,https://data.mendeley.com/datasets/szp4hfdymy/1,
149,2018-02_Stagnation,974,29.99,117.3,107.96,Chamber air (proxy),Parabolic dish solar cooker,0,https://data.mendeley.com/datasets/szp4hfdymy/1,
150,2018-02_Stagnation,974,30.2,117.7,108.4,Chamber air (proxy),Parabolic dish solar cooker,0,https://data.mendeley.com/datasets/szp4hfdymy/1,
151,2018-02_Stagnation,974,30.41,118.1,108.84,Chamber air (proxy),Parabolic dish solar cooker,0,https://data.mendeley.com/datasets/szp4hfdymy/1,
152,2018-02_Stagnation,974,30.62,118.5,109.28,Chamber air (proxy),Parabolic dish solar cooker,0,https://data.mendeley.com/datasets/szp4hfdymy/1,
153,2018-02_Stagnation,974,30.83,118.9,109.72,Chamber air (proxy),Parabolic dish solar cooker,0,https://data.mendeley.com/datasets/szp4hfdymy/1,
154,2018-02_Stagnation,974,31.04,119.3,110.16,Chamber air (proxy),Parabolic dish solar cooker,0,https://data.mendeley.com/datasets/szp4hfdymy/1,
155,2018-02_Stagnation,974,31.25,119.7,110.6,Chamber air (proxy),Parabolic dish solar cooker,0,https://data.mendeley.com/datasets/szp4hfdymy/1,
156,2018-02_Stagnation,974,31.46,120.1,111.04,Chamber air (proxy),Parabolic dish solar cooker,0,https://data.mendeley.com/datasets/szp4hfdymy/1,
157,2018-02_Stagnation,974,31.67,120.5,111.48,Chamber air (proxy),Parabolic dish solar cooker,0,https://data.mendeley.com/datasets/szp4hfdymy/1,
158,2018-02_Stagnation,974,31.88,120.9,111.92,Chamber air (proxy),Parabolic dish solar cooker,0,https://data.mendeley.com/datasets/szp4hfdymy/1,
159,2018-02_Stagnation,974,32.09,121.3,112.36,Chamber air (proxy),Parabolic dish solar cooker,0,https://data.mendeley.com/datasets/szp4hfdymy/1,
160,2018-02_Stagnation,974,32.3,121.7,112.8,Chamber air (proxy),Parabolic dish solar cooker,0,https://data.mendeley.com/datasets/szp4hfdymy/1,
161,2018-02_Stagnation,973.3,32.22,121.855,112.55,Chamber air (proxy),Parabolic dish solar cooker,0,https://data.mendeley.com/datasets/szp4hfdymy/1,
162,2018-02_Stagnation,972.6,32.14,122.01,112.3,Chamber air (proxy),Parabolic dish solar cooker,0,https://data.mendeley.com/datasets/szp4hfdymy/1,
163,2018-02_Stagnation,971.9,32.06,122.165,112.05,Chamber air (proxy),Parabolic dish solar cooker,0,https://data.mendeley.com/datasets/szp4hfdymy/1,
164,2018-02_Stagnation,971.2,31.98,122.32,111.8,Chamber air (proxy),Parabolic dish solar cooker,0,https://data.mendeley.com/datasets/szp4hfdymy/1,
165,2018-02_Stagnation,970.5,31.9,122.475,111.55,Chamber air (proxy),Parabolic dish solar cooker,0,https://data.mendeley.com/datasets/szp4hfdymy/1,
166,2018-02_Stagnation,969.8,31.82,122.63,111.3,Chamber air (proxy),Parabolic dish solar cooker,0,https://data.mendeley.com/datasets/szp4hfdymy/1,
167,2018-02_Stagnation,969.1,31.74,122.785,111.05,Chamber air (proxy),Parabolic dish solar cooker,0,https://data.mendeley.com/datasets/szp4hfdymy/1,
168,2018-02_Stagnation,968.4,31.66,122.94,110.8,Chamber air (proxy),Parabolic dish solar cooker,0,https://data.mendeley.com/datasets/szp4hfdymy/1,
169,2018-02_Stagnation,967.7,31.58,123.095,110.55,Chamber air (proxy),Parabolic dish solar cooker,0,https://data.mendeley.com/datasets/szp4hfdymy/1,
170,2018-02_Stagnation,967,31.5,123.25,110.3,Chamber air (proxy),Parabolic dish solar cooker,0,https://data.mendeley.com/datasets/szp4hfdymy/1,
171,2018-02_Stagnation,966.3,31.42,123.405,110.05,Chamber air (proxy),Parabolic dish solar cooker,0,https://data.mendeley.com/datasets/szp4hfdymy/1,
172,2018-02_Stagnation,965.6,31.34,123.56,109.8,Chamber air (proxy),Parabolic dish solar cooker,0,https://data.mendeley.com/datasets/szp4hfdymy/1,
173,2018-02_Stagnation,964.9,31.26,123.715,109.55,Chamber air (proxy),Parabolic dish solar cooker,0,https://data.mendeley.com/datasets/szp4hfdymy/1,
174,2018-02_Stagnation,964.2,31.18,123.87,109.3,Chamber air (proxy),Parabolic dish solar cooker,0,https://data.mendeley.com/datasets/szp4hfdymy/1,
175,2018-02_Stagnation,963.5,31.1,124.025,109.05,Chamber air (proxy),Parabolic dish solar cooker,0,https://data.mendeley.com/datasets/szp4hfdymy/1,
176,2018-02_Stagnation,962.8,31.02,124.18,108.8,Chamber air (proxy),Parabolic dish solar cooker,0,https://data.mendeley.com/datasets/szp4hfdymy/1,
177,2018-02_Stagnation,962.1,30.94,124.335,108.55,Chamber air (proxy),Parabolic dish solar cooker,0,https://data.mendeley.com/datasets/szp4hfdymy/1,
178,2018-02_Stagnation,961.4,30.86,124.49,108.3,Chamber air (proxy),Parabolic dish solar cooker,0,https://data.mendeley.com/datasets/szp4hfdymy/1,
179,2018-02_Stagnation,960.7,30.78,124.645,108.05,Chamber air (proxy),Parabolic dish solar cooker,0,https://data.mendeley.com/datasets/szp4hfdymy/1,
180,2018-02_Stagnation,960,30.7,124.8,107.8,Chamber air (proxy),Parabolic dish solar cooker,0,https://data.mendeley.com/datasets/szp4hfdymy/1,
181,2018-02_Stagnation,959.4,30.87,124.795,107.83,Chamber air (proxy),Parabolic dish solar cooker,0,https://data.mendeley.com/datasets/szp4hfdymy/1,
182,2018-02_Stagnation,958.8,31.04,124.79,107.86,Chamber air (proxy),Parabolic dish solar cooker,0,https://data.mendeley.com/datasets/szp4hfdymy/1,
183,2018-02_Stagnation,958.2,31.21,124.785,107.89,Chamber air (proxy),Parabolic dish solar cooker,0,https://data.mendeley.com/datasets/szp4hfdymy/1,
184,2018-02_Stagnation,957.6,31.38,124.78,107.92,Chamber air (proxy),Parabolic dish solar cooker,0,https://data.mendeley.com/datasets/szp4hfdymy/1,
185,2018-02_Stagnation,957,31.55,124.775,107.95,Chamber air (proxy),Parabolic dish solar cooker,0,https://data.mendeley.com/datasets/szp4hfdymy/1,
186,2018-02_Stagnation,956.4,31.72,124.77,107.98,Chamber air (proxy),Parabolic dish solar cooker,0,https://data.mendeley.com/datasets/szp4hfdymy/1,
187,2018-02_Stagnation,955.8,31.89,124.765,108.01,Chamber air (proxy),Parabolic dish solar cooker,0,https://data.mendeley.com/datasets/szp4hfdymy/1,
188,2018-02_Stagnation,955.2,32.06,124.76,108.04,Chamber air (proxy),Parabolic dish solar cooker,0,https://data.mendeley.com/datasets/szp4hfdymy/1,
189,2018-02_Stagnation,954.6,32.23,124.755,108.07,Chamber air (proxy),Parabolic dish solar cooker,0,https://data.mendeley.com/datasets/szp4hfdymy/1,
190,2018-02_Stagnation,954,32.4,124.75,108.1,Chamber air (proxy),Parabolic dish solar cooker,0,https://data.mendeley.com/datasets/szp4hfdymy/1,
191,2018-02_Stagnation,953.4,32.57,124.745,108.13,Chamber air (proxy),Parabolic dish solar cooker,0,https://data.mendeley.com/datasets/szp4hfdymy/1,
192,2018-02_Stagnation,952.8,32.74,124.74,108.16,Chamber air (proxy),Parabolic dish solar cooker,0,https://data.mendeley.com/datasets/szp4hfdymy/1,
193,2018-02_Stagnation,952.2,32.91,124.735,108.19,Chamber air (proxy),Parabolic dish solar cooker,0,https://data.mendeley.com/datasets/szp4hfdymy/1,
194,2018-02_Stagnation,951.6,33.08,124.73,108.22,Chamber air (proxy),Parabolic dish solar cooker,0,https://data.mendeley.com/datasets/szp4hfdymy/1,
195,2018-02_Stagnation,951,33.25,124.725,108.25,Chamber air (proxy),Parabolic dish solar cooker,0,https://data.mendeley.com/datasets/szp4hfdymy/1,
196,2018-02_Stagnation,950.4,33.42,124.72,108.28,Chamber air (proxy),Parabolic dish solar cooker,0,https://data.mendeley.com/datasets/szp4hfdymy/1,
197,2018-02_Stagnation,949.8,33.59,124.715,108.31,Chamber air (proxy),Parabolic dish solar cooker,0,https://data.mendeley.com/datasets/szp4hfdymy/1,
198,2018-02_Stagnation,949.2,33.76,124.71,108.34,Chamber air (proxy),Parabolic dish solar cooker,0,https://data.mendeley.com/datasets/szp4hfdymy/1,
199,2018-02_Stagnation,948.6,33.93,124.705,108.37,Chamber air (proxy),Parabolic dish solar cooker,0,https://data.mendeley.com/datasets/szp4hfdymy/1,
200,2018-02_Stagnation,948,34.1,124.7,108.4,Chamber air (proxy),Parabolic dish solar cooker,0,https://data.mendeley.com/datasets/szp4hfdymy/1,
201,2018-02_Stagnation,947.55,34.2,124.235,108.03,Chamber air (proxy),Parabolic dish solar cooker,0,https://data.mendeley.com/datasets/szp4hfdymy/1,
202,2018-02_Stagnation,947.1,34.3,123.77,107.66,Chamber air (proxy),Parabolic dish solar cooker,0,https://data.mendeley.com/datasets/szp4hfdymy/1,
203,2018-02_Stagnation,946.65,34.4,123.305,107.29,Chamber air (proxy),Parabolic dish solar cooker,0,https://data.mendeley.com/datasets/szp4hfdymy/1,
204,2018-02_Stagnation,946.2,34.5,122.84,106.92,Chamber air (proxy),Parabolic dish solar cooker,0,https://data.mendeley.com/datasets/szp4hfdymy/1,
205,2018-02_Stagnation,945.75,34.6,122.375,106.55,Chamber air (proxy),Parabolic dish solar cooker,0,https://data.mendeley.com/datasets/szp4hfdymy/1,
206,2018-02_Stagnation,945.3,34.7,121.91,106.18,Chamber air (proxy),Parabolic dish solar cooker,0,https://data.mendeley.com/datasets/szp4hfdymy/1,
207,2018-02_Stagnation,944.85,34.8,121.445,105.81,Chamber air (proxy),Parabolic dish solar cooker,0,https://data.mendeley.com/datasets/szp4hfdymy/1,
208,2018-02_Stagnation,944.4,34.9,120.98,105.44,Chamber air (proxy),Parabolic dish solar cooker,0,https://data.mendeley.com/datasets/szp4hfdymy/1,
209,2018-02_Stagnation,943.95,35,120.515,105.07,Chamber air (proxy),Parabolic dish solar cooker,0,https://data.mendeley.com/datasets/szp4hfdymy/1,
210,2018-02_Stagnation,943.5,35.1,120.05,104.7,Chamber air (proxy),Parabolic dish solar cooker,0,https://data.mendeley.com/datasets/szp4hfdymy/1,
211,2018-02_Stagnation,943.05,35.2,119.585,104.33,Chamber air (proxy),Parabolic dish solar cooker,0,https://data.mendeley.com/datasets/szp4hfdymy/1,
212,2018-02_Stagnation,942.6,35.3,119.12,103.96,Chamber air (proxy),Parabolic dish solar cooker,0,https://data.mendeley.com/datasets/szp4hfdymy/1,
213,2018-02_Stagnation,942.15,35.4,118.655,103.59,Chamber air (proxy),Parabolic dish solar cooker,0,https://data.mendeley.com/datasets/szp4hfdymy/1,
214,2018-02_Stagnation,941.7,35.5,118.19,103.22,Chamber air (proxy),Parabolic dish solar cooker,0,https://data.mendeley.com/datasets/szp4hfdymy/1,
215,2018-02_Stagnation,941.25,35.6,117.725,102.85,Chamber air (proxy),Parabolic dish solar cooker,0,https://data.mendeley.com/datasets/szp4hfdymy/1,
216,2018-02_Stagnation,940.8,35.7,117.26,102.48,Chamber air (proxy),Parabolic dish solar cooker,0,https://data.mendeley.com/datasets/szp4hfdymy/1,
217,2018-02_Stagnation,940.35,35.8,116.795,102.11,Chamber air (proxy),Parabolic dish solar cooker,0,https://data.mendeley.com/datasets/szp4hfdymy/1,
218,2018-02_Stagnation,939.9,35.9,116.33,101.74,Chamber air (proxy),Parabolic dish solar cooker,0,https://data.mendeley.com/datasets/szp4hfdymy/1,
219,2018-02_Stagnation,939.45,36,115.865,101.37,Chamber air (proxy),Parabolic dish solar cooker,0,https://data.mendeley.com/datasets/szp4hfdymy/1,
220,2018-02_Stagnation,939,36.1,115.4,101,Chamber air (proxy),Parabolic dish solar cooker,0,https://data.mendeley.com/datasets/szp4hfdymy/1,
221,2018-02_Stagnation,941.55,36.035,115.33,101.01,Chamber air (proxy),Parabolic dish solar cooker,0,https://data.mendeley.com/datasets/szp4hfdymy/1,
222,2018-02_Stagnation,944.1,35.97,115.26,101.02,Chamber air (proxy),Parabolic dish solar cooker,0,https://data.mendeley.com/datasets/szp4hfdymy/1,
223,2018-02_Stagnation,946.65,35.905,115.19,101.03,Chamber air (proxy),Parabolic dish solar cooker,0,https://data.mendeley.com/datasets/szp4hfdymy/1,
224,2018-02_Stagnation,949.2,35.84,115.12,101.04,Chamber air (proxy),Parabolic dish solar cooker,0,https://data.mendeley.com/datasets/szp4hfdymy/1,
225,2018-02_Stagnation,951.75,35.775,115.05,101.05,Chamber air (proxy),Parabolic dish solar cooker,0,https://data.mendeley.com/datasets/szp4hfdymy/1,
226,2018-02_Stagnation,954.3,35.71,114.98,101.06,Chamber air (proxy),Parabolic dish solar cooker,0,https://data.mendeley.com/datasets/szp4hfdymy/1,
227,2018-02_Stagnation,956.85,35.645,114.91,101.07,Chamber air (proxy),Parabolic dish solar cooker,0,https://data.mendeley.com/datasets/szp4hfdymy/1,
228,2018-02_Stagnation,959.4,35.58,114.84,101.08,Chamber air (proxy),Parabolic dish solar cooker,0,https://data.mendeley.com/datasets/szp4hfdymy/1,
229,2018-02_Stagnation,961.95,35.515,114.77,101.09,Chamber air (proxy),Parabolic dish solar cooker,0,https://data.mendeley.com/datasets/szp4hfdymy/1,
230,2018-02_Stagnation,964.5,35.45,114.7,101.1,Chamber air (proxy),Parabolic dish solar cooker,0,https://data.mendeley.com/datasets/szp4hfdymy/1,
231,2018-02_Stagnation,967.05,35.385,114.63,101.11,Chamber air (proxy),Parabolic dish solar cooker,0,https://data.mendeley.com/datasets/szp4hfdymy/1,
232,2018-02_Stagnation,969.6,35.32,114.56,101.12,Chamber air (proxy),Parabolic dish solar cooker,0,https://data.mendeley.com/datasets/szp4hfdymy/1,
233,2018-02_Stagnation,972.15,35.255,114.49,101.13,Chamber air (proxy),Parabolic dish solar cooker,0,https://data.mendeley.com/datasets/szp4hfdymy/1,
234,2018-02_Stagnation,974.7,35.19,114.42,101.14,Chamber air (proxy),Parabolic dish solar cooker,0,https://data.mendeley.com/datasets/szp4hfdymy/1,
235,2018-02_Stagnation,977.25,35.125,114.35,101.15,Chamber air (proxy),Parabolic dish solar cooker,0,https://data.mendeley.com/datasets/szp4hfdymy/1,
236,2018-02_Stagnation,979.8,35.06,114.28,101.16,Chamber air (proxy),Parabolic dish solar cooker,0,https://data.mendeley.com/datasets/szp4hfdymy/1,
237,2018-02_Stagnation,982.35,34.995,114.21,101.17,Chamber air (proxy),Parabolic dish solar cooker,0,https://data.mendeley.com/datasets/szp4hfdymy/1,
238,2018-02_Stagnation,984.9,34.93,114.14,101.18,Chamber air (proxy),Parabolic dish solar cooker,0,https://data.mendeley.com/datasets/szp4hfdymy/1,
239,2018-02_Stagnation,987.45,34.865,114.07,101.19,Chamber air (proxy),Parabolic dish solar cooker,0,https://data.mendeley.com/datasets/szp4hfdymy/1,
240,2018-02_Stagnation,990,34.8,114,101.2,Chamber air (proxy),Parabolic dish solar cooker,0,https://data.mendeley.com/datasets/szp4hfdymy/1,
241,2018-02_Stagnation,987.25,34.645,113.9,101.04,Chamber air (proxy),Parabolic dish solar cooker,0,https://data.mendeley.com/datasets/szp4hfdymy/1,
242,2018-02_Stagnation,984.5,34.49,113.8,100.88,Chamber air (proxy),Parabolic dish solar cooker,0,https://data.mendeley.com/datasets/szp4hfdymy/1,
243,2018-02_Stagnation,981.75,34.335,113.7,100.72,Chamber air (proxy),Parabolic dish solar cooker,0,https://data.mendeley.com/datasets/szp4hfdymy/1,
244,2018-02_Stagnation,979,34.18,113.6,100.56,Chamber air (proxy),Parabolic dish solar cooker,0,https://data.mendeley.com/datasets/szp4hfdymy/1,
245,2018-02_Stagnation,976.25,34.025,113.5,100.4,Chamber air (proxy),Parabolic dish solar cooker,0,https://data.mendeley.com/datasets/szp4hfdymy/1,
246,2018-02_Stagnation,973.5,33.87,113.4,100.24,Chamber air (proxy),Parabolic dish solar cooker,0,https://data.mendeley.com/datasets/szp4hfdymy/1,
247,2018-02_Stagnation,970.75,33.715,113.3,100.08,Chamber air (proxy),Parabolic dish solar cooker,0,https://data.mendeley.com/datasets/szp4hfdymy/1,
248,2018-02_Stagnation,968,33.56,113.2,99.92,Chamber air (proxy),Parabolic dish solar cooker,0,https://data.mendeley.com/datasets/szp4hfdymy/1,
249,2018-02_Stagnation,965.25,33.405,113.1,99.76,Chamber air (proxy),Parabolic dish solar cooker,0,https://data.mendeley.com/datasets/szp4hfdymy/1,
250,2018-02_Stagnation,962.5,33.25,113,99.6,Chamber air (proxy),Parabolic dish solar cooker,0,https://data.mendeley.com/datasets/szp4hfdymy/1,
251,2018-02_Stagnation,959.75,33.095,112.9,99.44,Chamber air (proxy),Parabolic dish solar cooker,0,https://data.mendeley.com/datasets/szp4hfdymy/1,
252,2018-02_Stagnation,957,32.94,112.8,99.28,Chamber air (proxy),Parabolic dish solar cooker,0,https://data.mendeley.com/datasets/szp4hfdymy/1,
253,2018-02_Stagnation,954.25,32.785,112.7,99.12,Chamber air (proxy),Parabolic dish solar cooker,0,https://data.mendeley.com/datasets/szp4hfdymy/1,
254,2018-02_Stagnation,951.5,32.63,112.6,98.96,Chamber air (proxy),Parabolic dish solar cooker,0,https://data.mendeley.com/datasets/szp4hfdymy/1,
255,2018-02_Stagnation,948.75,32.475,112.5,98.8,Chamber air (proxy),Parabolic dish solar cooker,0,https://data.mendeley.com/datasets/szp4hfdymy/1,
256,2018-02_Stagnation,946,32.32,112.4,98.64,Chamber air (proxy),Parabolic dish solar cooker,0,https://data.mendeley.com/datasets/szp4hfdymy/1,
257,2018-02_Stagnation,943.25,32.165,112.3,98.48,Chamber air (proxy),Parabolic dish solar cooker,0,https://data.mendeley.com/datasets/szp4hfdymy/1,
258,2018-02_Stagnation,940.5,32.01,112.2,98.32,Chamber air (proxy),Parabolic dish solar cooker,0,https://data.mendeley.com/datasets/szp4hfdymy/1,
259,2018-02_Stagnation,937.75,31.855,112.1,98.16,Chamber air (proxy),Parabolic dish solar cooker,0,https://data.mendeley.com/datasets/szp4hfdymy/1,
260,2018-02_Stagnation,935,31.7,112,98,Chamber air (proxy),Parabolic dish solar cooker,0,https://data.mendeley.com/datasets/szp4hfdymy/1,
261,2018-02_Stagnation,934.95,31.595,112.065,98.075,Chamber air (proxy),Parabolic dish solar cooker,0,https://data.mendeley.com/datasets/szp4hfdymy/1,
262,2018-02_Stagnation,934.9,31.49,112.13,98.15,Chamber air (proxy),Parabolic dish solar cooker,0,https://data.mendeley.com/datasets/szp4hfdymy/1,
263,2018-02_Stagnation,934.85,31.385,112.195,98.225,Chamber air (proxy),Parabolic dish solar cooker,0,https://data.mendeley.com/datasets/szp4hfdymy/1,
264,2018-02_Stagnation,934.8,31.28,112.26,98.3,Chamber air (proxy),Parabolic dish solar cooker,0,https://data.mendeley.com/datasets/szp4hfdymy/1,
265,2018-02_Stagnation,934.75,31.175,112.325,98.375,Chamber air (proxy),Parabolic dish solar cooker,0,https://data.mendeley.com/datasets/szp4hfdymy/1,
266,2018-02_Stagnation,934.7,31.07,112.39,98.45,Chamber air (proxy),Parabolic dish solar cooker,0,https://data.mendeley.com/datasets/szp4hfdymy/1,
267,2018-02_Stagnation,934.65,30.965,112.455,98.525,Chamber air (proxy),Parabolic dish solar cooker,0,https://data.mendeley.com/datasets/szp4hfdymy/1,
268,2018-02_Stagnation,934.6,30.86,112.52,98.6,Chamber air (proxy),Parabolic dish solar cooker,0,https://data.mendeley.com/datasets/szp4hfdymy/1,
269,2018-02_Stagnation,934.55,30.755,112.585,98.675,Chamber air (proxy),Parabolic dish solar cooker,0,https://data.mendeley.com/datasets/szp4hfdymy/1,
270,2018-02_Stagnation,934.5,30.65,112.65,98.75,Chamber air (proxy),Parabolic dish solar cooker,0,https://data.mendeley.com/datasets/szp4hfdymy/1,
271,2018-02_Stagnation,934.45,30.545,112.715,98.825,Chamber air (proxy),Parabolic dish solar cooker,0,https://data.mendeley.com/datasets/szp4hfdymy/1,
272,2018-02_Stagnation,934.4,30.44,112.78,98.9,Chamber air (proxy),Parabolic dish solar cooker,0,https://data.mendeley.com/datasets/szp4hfdymy/1,
273,2018-02_Stagnation,934.35,30.335,112.845,98.975,Chamber air (proxy),Parabolic dish solar cooker,0,https://data.mendeley.com/datasets/szp4hfdymy/1,
274,2018-02_Stagnation,934.3,30.23,112.91,99.05,Chamber air (proxy),Parabolic dish solar cooker,0,https://data.mendeley.com/datasets/szp4hfdymy/1,
275,2018-02_Stagnation,934.25,30.125,112.975,99.125,Chamber air (proxy),Parabolic dish solar cooker,0,https://data.mendeley.com/datasets/szp4hfdymy/1,
276,2018-02_Stagnation,934.2,30.02,113.04,99.2,Chamber air (proxy),Parabolic dish solar cooker,0,https://data.mendeley.com/datasets/szp4hfdymy/1,
277,2018-02_Stagnation,934.15,29.915,113.105,99.275,Chamber air (proxy),Parabolic dish solar cooker,0,https://data.mendeley.com/datasets/szp4hfdymy/1,
278,2018-02_Stagnation,934.1,29.81,113.17,99.35,Chamber air (proxy),Parabolic dish solar cooker,0,https://data.mendeley.com/datasets/szp4hfdymy/1,
279,2018-02_Stagnation,934.05,29.705,113.235,99.425,Chamber air (proxy),Parabolic dish solar cooker,0,https://data.mendeley.com/datasets/szp4hfdymy/1,
280,2018-02_Stagnation,934,29.6,113.3,99.5,Chamber air (proxy),Parabolic dish solar cooker,0,https://data.mendeley.com/datasets/szp4hfdymy/1,
281,2018-02_Stagnation,928.8,29.405,113.135,99.42,Chamber air (proxy),Parabolic dish solar cooker,0,https://data.mendeley.com/datasets/szp4hfdymy/1,
282,2018-02_Stagnation,923.6,29.21,112.97,99.34,Chamber air (proxy),Parabolic dish solar cooker,0,https://data.mendeley.com/datasets/szp4hfdymy/1,
283,2018-02_Stagnation,918.4,29.015,112.805,99.26,Chamber air (proxy),Parabolic dish solar cooker,0,https://data.mendeley.com/datasets/szp4hfdymy/1,
284,2018-02_Stagnation,913.2,28.82,112.64,99.18,Chamber air (proxy),Parabolic dish solar cooker,0,https://data.mendeley.com/datasets/szp4hfdymy/1,
285,2018-02_Stagnation,908,28.625,112.475,99.1,Chamber air (proxy),Parabolic dish solar cooker,0,https://data.mendeley.com/datasets/szp4hfdymy/1,
286,2018-02_Stagnation,902.8,28.43,112.31,99.02,Chamber air (proxy),Parabolic dish solar cooker,0,https://data.mendeley.com/datasets/szp4hfdymy/1,
287,2018-02_Stagnation,897.6,28.235,112.145,98.94,Chamber air (proxy),Parabolic dish solar cooker,0,https://data.mendeley.com/datasets/szp4hfdymy/1,
288,2018-02_Stagnation,892.4,28.04,111.98,98.86,Chamber air (proxy),Parabolic dish solar cooker,0,https://data.mendeley.com/datasets/szp4hfdymy/1,
289,2018-02_Stagnation,887.2,27.845,111.815,98.78,Chamber air (proxy),Parabolic dish solar cooker,0,https://data.mendeley.com/datasets/szp4hfdymy/1,
290,2018-02_Stagnation,882,27.65,111.65,98.7,Chamber air (proxy),Parabolic dish solar cooker,0,https://data.mendeley.com/datasets/szp4hfdymy/1,
291,2018-02_Stagnation,876.8,27.455,111.485,98.62,Chamber air (proxy),Parabolic dish solar cooker,0,https://data.mendeley.com/datasets/szp4hfdymy/1,
292,2018-02_Stagnation,871.6,27.26,111.32,98.54,Chamber air (proxy),Parabolic dish solar cooker,0,https://data.mendeley.com/datasets/szp4hfdymy/1,
293,2018-02_Stagnation,866.4,27.065,111.155,98.46,Chamber air (proxy),Parabolic dish solar cooker,0,https://data.mendeley.com/datasets/szp4hfdymy/1,
294,2018-02_Stagnation,861.2,26.87,110.99,98.38,Chamber air (proxy),Parabolic dish solar cooker,0,https://data.mendeley.com/datasets/szp4hfdymy/1,
295,2018-02_Stagnation,856,26.675,110.825,98.3,Chamber air (proxy),Parabolic dish solar cooker,0,https://data.mendeley.com/datasets/szp4hfdymy/1,
296,2018-02_Stagnation,850.8,26.48,110.66,98.22,Chamber air (proxy),Parabolic dish solar cooker,0,https://data.mendeley.com/datasets/szp4hfdymy/1,
297,2018-02_Stagnation,845.6,26.285,110.495,98.14,Chamber air (proxy),Parabolic dish solar cooker,0,https://data.mendeley.com/datasets/szp4hfdymy/1,
298,2018-02_Stagnation,840.4,26.09,110.33,98.06,Chamber air (proxy),Parabolic dish solar cooker,0,https://data.mendeley.com/datasets/szp4hfdymy/1,
299,2018-02_Stagnation,835.2,25.895,110.165,97.98,Chamber air (proxy),Parabolic dish solar cooker,0,https://data.mendeley.com/datasets/szp4hfdymy/1,
300,2018-02_Stagnation,830,25.7,110,97.9,Chamber air (proxy),Parabolic dish solar cooker,0,https://data.mendeley.com/datasets/szp4hfdymy/1,
301,2018-02_Stagnation,827.8,25.86,110.215,98.105,Chamber air (proxy),Parabolic dish solar cooker,0,https://data.mendeley.com/datasets/szp4hfdymy/1,
302,2018-02_Stagnation,825.6,26.02,110.43,98.31,Chamber air (proxy),Parabolic dish solar cooker,0,https://data.mendeley.com/datasets/szp4hfdymy/1,
303,2018-02_Stagnation,823.4,26.18,110.645,98.515,Chamber air (proxy),Parabolic dish solar cooker,0,https://data.mendeley.com/datasets/szp4hfdymy/1,
304,2018-02_Stagnation,821.2,26.34,110.86,98.72,Chamber air (proxy),Parabolic dish solar cooker,0,https://data.mendeley.com/datasets/szp4hfdymy/1,
305,2018-02_Stagnation,819,26.5,111.075,98.925,Chamber air (proxy),Parabolic dish solar cooker,0,https://data.mendeley.com/datasets/szp4hfdymy/1,
306,2018-02_Stagnation,816.8,26.66,111.29,99.13,Chamber air (proxy),Parabolic dish solar cooker,0,https://data.mendeley.com/datasets/szp4hfdymy/1,
307,2018-02_Stagnation,814.6,26.82,111.505,99.335,Chamber air (proxy),Parabolic dish solar cooker,0,https://data.mendeley.com/datasets/szp4hfdymy/1,
308,2018-02_Stagnation,812.4,26.98,111.72,99.54,Chamber air (proxy),Parabolic dish solar cooker,0,https://data.mendeley.com/datasets/szp4hfdymy/1,
309,2018-02_Stagnation,810.2,27.14,111.935,99.745,Chamber air (proxy),Parabolic dish solar cooker,0,https://data.mendeley.com/datasets/szp4hfdymy/1,
310,2018-02_Stagnation,808,27.3,112.15,99.95,Chamber air (proxy),Parabolic dish solar cooker,0,https://data.mendeley.com/datasets/szp4hfdymy/1,
311,2018-02_Stagnation,805.8,27.46,112.365,100.155,Chamber air (proxy),Parabolic dish solar cooker,0,https://data.mendeley.com/datasets/szp4hfdymy/1,
312,2018-02_Stagnation,803.6,27.62,112.58,100.36,Chamber air (proxy),Parabolic dish solar cooker,0,https://data.mendeley.com/datasets/szp4hfdymy/1,
313,2018-02_Stagnation,801.4,27.78,112.795,100.565,Chamber air (proxy),Parabolic dish solar cooker,0,https://data.mendeley.com/datasets/szp4hfdymy/1,
314,2018-02_Stagnation,799.2,27.94,113.01,100.77,Chamber air (proxy),Parabolic dish solar cooker,0,https://data.mendeley.com/datasets/szp4hfdymy/1,
315,2018-02_Stagnation,797,28.1,113.225,100.975,Chamber air (proxy),Parabolic dish solar cooker,0,https://data.mendeley.com/datasets/szp4hfdymy/1,
316,2018-02_Stagnation,794.8,28.26,113.44,101.18,Chamber air (proxy),Parabolic dish solar cooker,0,https://data.mendeley.com/datasets/szp4hfdymy/1,
317,2018-02_Stagnation,792.6,28.42,113.655,101.385,Chamber air (proxy),Parabolic dish solar cooker,0,https://data.mendeley.com/datasets/szp4hfdymy/1,
318,2018-02_Stagnation,790.4,28.58,113.87,101.59,Chamber air (proxy),Parabolic dish solar cooker,0,https://data.mendeley.com/datasets/szp4hfdymy/1,
319,2018-02_Stagnation,788.2,28.74,114.085,101.795,Chamber air (proxy),Parabolic dish solar cooker,0,https://data.mendeley.com/datasets/szp4hfdymy/1,
320,2018-02_Stagnation,786,28.9,114.3,102,Chamber air (proxy),Parabolic dish solar cooker,0,https://data.mendeley.com/datasets/szp4hfdymy/1,
321,2018-02_Stagnation,781.5,28.905,114.035,101.935,Chamber air (proxy),Parabolic dish solar cooker,0,https://data.mendeley.com/datasets/szp4hfdymy/1,
322,2018-02_Stagnation,777,28.91,113.77,101.87,Chamber air (proxy),Parabolic dish solar cooker,0,https://data.mendeley.com/datasets/szp4hfdymy/1,
323,2018-02_Stagnation,772.5,28.915,113.505,101.805,Chamber air (proxy),Parabolic dish solar cooker,0,https://data.mendeley.com/datasets/szp4hfdymy/1,
324,2018-02_Stagnation,768,28.92,113.24,101.74,Chamber air (proxy),Parabolic dish solar cooker,0,https://data.mendeley.com/datasets/szp4hfdymy/1,
325,2018-02_Stagnation,763.5,28.925,112.975,101.675,Chamber air (proxy),Parabolic dish solar cooker,0,https://data.mendeley.com/datasets/szp4hfdymy/1,
326,2018-02_Stagnation,759,28.93,112.71,101.61,Chamber air (proxy),Parabolic dish solar cooker,0,https://data.mendeley.com/datasets/szp4hfdymy/1,
327,2018-02_Stagnation,754.5,28.935,112.445,101.545,Chamber air (proxy),Parabolic dish solar cooker,0,https://data.mendeley.com/datasets/szp4hfdymy/1,
328,2018-02_Stagnation,750,28.94,112.18,101.48,Chamber air (proxy),Parabolic dish solar cooker,0,https://data.mendeley.com/datasets/szp4hfdymy/1,
329,2018-02_Stagnation,745.5,28.945,111.915,101.415,Chamber air (proxy),Parabolic dish solar cooker,0,https://data.mendeley.com/datasets/szp4hfdymy/1,
330,2018-02_Stagnation,741,28.95,111.65,101.35,Chamber air (proxy),Parabolic dish solar cooker,0,https://data.mendeley.com/datasets/szp4hfdymy/1,
331,2018-02_Stagnation,736.5,28.955,111.385,101.285,Chamber air (proxy),Parabolic dish solar cooker,0,https://data.mendeley.com/datasets/szp4hfdymy/1,
332,2018-02_Stagnation,732,28.96,111.12,101.22,Chamber air (proxy),Parabolic dish solar cooker,0,https://data.mendeley.com/datasets/szp4hfdymy/1,
333,2018-02_Stagnation,727.5,28.965,110.855,101.155,Chamber air (proxy),Parabolic dish solar cooker,0,https://data.mendeley.com/datasets/szp4hfdymy/1,
334,2018-02_Stagnation,723,28.97,110.59,101.09,Chamber air (proxy),Parabolic dish solar cooker,0,https://data.mendeley.com/datasets/szp4hfdymy/1,
335,2018-02_Stagnation,718.5,28.975,110.325,101.025,Chamber air (proxy),Parabolic dish solar cooker,0,https://data.mendeley.com/datasets/szp4hfdymy/1,
336,2018-02_Stagnation,714,28.98,110.06,100.96,Chamber air (proxy),Parabolic dish solar cooker,0,https://data.mendeley.com/datasets/szp4hfdymy/1,
337,2018-02_Stagnation,709.5,28.985,109.795,100.895,Chamber air (proxy),Parabolic dish solar cooker,0,https://data.mendeley.com/datasets/szp4hfdymy/1,
338,2018-02_Stagnation,705,28.99,109.53,100.83,Chamber air (proxy),Parabolic dish solar cooker,0,https://data.mendeley.com/datasets/szp4hfdymy/1,
339,2018-02_Stagnation,700.5,28.995,109.265,100.765,Chamber air (proxy),Parabolic dish solar cooker,0,https://data.mendeley.com/datasets/szp4hfdymy/1,
340,2018-02_Stagnation,696,29,109,100.7,Chamber air (proxy),Parabolic dish solar cooker,0,https://data.mendeley.com/datasets/szp4hfdymy/1,
341,2018-02_Stagnation,690.2,28.925,108.8,100.215,Chamber air (proxy),Parabolic dish solar cooker,0,https://data.mendeley.com/datasets/szp4hfdymy/1,
342,2018-02_Stagnation,684.4,28.85,108.6,99.73,Chamber air (proxy),Parabolic dish solar cooker,0,https://data.mendeley.com/datasets/szp4hfdymy/1,
343,2018-02_Stagnation,678.6,28.775,108.4,99.245,Chamber air (proxy),Parabolic dish solar cooker,0,https://data.mendeley.com/datasets/szp4hfdymy/1,
344,2018-02_Stagnation,672.8,28.7,108.2,98.76,Chamber air (proxy),Parabolic dish solar cooker,0,https://data.mendeley.com/datasets/szp4hfdymy/1,
345,2018-02_Stagnation,667,28.625,108,98.275,Chamber air (proxy),Parabolic dish solar cooker,0,https://data.mendeley.com/datasets/szp4hfdymy/1,
346,2018-02_Stagnation,661.2,28.55,107.8,97.79,Chamber air (proxy),Parabolic dish solar cooker,0,https://data.mendeley.com/datasets/szp4hfdymy/1,
347,2018-02_Stagnation,655.4,28.475,107.6,97.305,Chamber air (proxy),Parabolic dish solar cooker,0,https://data.mendeley.com/datasets/szp4hfdymy/1,
348,2018-02_Stagnation,649.6,28.4,107.4,96.82,Chamber air (proxy),Parabolic dish solar cooker,0,https://data.mendeley.com/datasets/szp4hfdymy/1,
349,2018-02_Stagnation,643.8,28.325,107.2,96.335,Chamber air (proxy),Parabolic dish solar cooker,0,https://data.mendeley.com/datasets/szp4hfdymy/1,
350,2018-02_Stagnation,638,28.25,107,95.85,Chamber air (proxy),Parabolic dish solar cooker,0,https://data.mendeley.com/datasets/szp4hfdymy/1,
351,2018-02_Stagnation,632.2,28.175,106.8,95.365,Chamber air (proxy),Parabolic dish solar cooker,0,https://data.mendeley.com/datasets/szp4hfdymy/1,
352,2018-02_Stagnation,626.4,28.1,106.6,94.88,Chamber air (proxy),Parabolic dish solar cooker,0,https://data.mendeley.com/datasets/szp4hfdymy/1,
353,2018-02_Stagnation,620.6,28.025,106.4,94.395,Chamber air (proxy),Parabolic dish solar cooker,0,https://data.mendeley.com/datasets/szp4hfdymy/1,
354,2018-02_Stagnation,614.8,27.95,106.2,93.91,Chamber air (proxy),Parabolic dish solar cooker,0,https://data.mendeley.com/datasets/szp4hfdymy/1,
355,2018-02_Stagnation,609,27.875,106,93.425,Chamber air (proxy),Parabolic dish solar cooker,0,https://data.mendeley.com/datasets/szp4hfdymy/1,
356,2018-02_Stagnation,603.2,27.8,105.8,92.94,Chamber air (proxy),Parabolic dish solar cooker,0,https://data.mendeley.com/datasets/szp4hfdymy/1,
357,2018-02_Stagnation,597.4,27.725,105.6,92.455,Chamber air (proxy),Parabolic dish solar cooker,0,https://data.mendeley.com/datasets/szp4hfdymy/1,
358,2018-02_Stagnation,591.6,27.65,105.4,91.97,Chamber air (proxy),Parabolic dish solar cooker,0,https://data.mendeley.com/datasets/szp4hfdymy/1,
359,2018-02_Stagnation,585.8,27.575,105.2,91.485,Chamber air (proxy),Parabolic dish solar cooker,0,https://data.mendeley.com/datasets/szp4hfdymy/1,
360,2018-02_Stagnation,580,27.5,105,91,Chamber air (proxy),Parabolic dish solar cooker,0,https://data.mendeley.com/datasets/szp4hfdymy/1,
361,2018-02_Stagnation,574.45,27.51,104.12,90.4,Chamber air (proxy),Parabolic dish solar cooker,0,https://data.mendeley.com/datasets/szp4hfdymy/1,
362,2018-02_Stagnation,568.9,27.52,103.24,89.8,Chamber air (proxy),Parabolic dish solar cooker,0,https://data.mendeley.com/datasets/szp4hfdymy/1,
363,2018-02_Stagnation,563.35,27.53,102.36,89.2,Chamber air (proxy),Parabolic dish solar cooker,0,https://data.mendeley.com/datasets/szp4hfdymy/1,
364,2018-02_Stagnation,557.8,27.54,101.48,88.6,Chamber air (proxy),Parabolic dish solar cooker,0,https://data.mendeley.com/datasets/szp4hfdymy/1,
365,2018-02_Stagnation,552.25,27.55,100.6,88,Chamber air (proxy),Parabolic dish solar cooker,0,https://data.mendeley.com/datasets/szp4hfdymy/1,
366,2018-02_Stagnation,546.7,27.56,99.72,87.4,Chamber air (proxy),Parabolic dish solar cooker,0,https://data.mendeley.com/datasets/szp4hfdymy/1,
367,2018-02_Stagnation,541.15,27.57,98.84,86.8,Chamber air (proxy),Parabolic dish solar cooker,0,https://data.mendeley.com/datasets/szp4hfdymy/1,
368,2018-02_Stagnation,535.6,27.58,97.96,86.2,Chamber air (proxy),Parabolic dish solar cooker,0,https://data.mendeley.com/datasets/szp4hfdymy/1,
369,2018-02_Stagnation,530.05,27.59,97.08,85.6,Chamber air (proxy),Parabolic dish solar cooker,0,https://data.mendeley.com/datasets/szp4hfdymy/1,
370,2018-02_Stagnation,524.5,27.6,96.2,85,Chamber air (proxy),Parabolic dish solar cooker,0,https://data.mendeley.com/datasets/szp4hfdymy/1,
371,2018-02_Stagnation,518.95,27.61,95.32,84.4,Chamber air (proxy),Parabolic dish solar cooker,0,https://data.mendeley.com/datasets/szp4hfdymy/1,
372,2018-02_Stagnation,513.4,27.62,94.44,83.8,Chamber air (proxy),Parabolic dish solar cooker,0,https://data.mendeley.com/datasets/szp4hfdymy/1,
373,2018-02_Stagnation,507.85,27.63,93.56,83.2,Chamber air (proxy),Parabolic dish solar cooker,0,https://data.mendeley.com/datasets/szp4hfdymy/1,
374,2018-02_Stagnation,502.3,27.64,92.68,82.6,Chamber air (proxy),Parabolic dish solar cooker,0,https://data.mendeley.com/datasets/szp4hfdymy/1,
375,2018-02_Stagnation,496.75,27.65,91.8,82,Chamber air (proxy),Parabolic dish solar cooker,0,https://data.mendeley.com/datasets/szp4hfdymy/1,
376,2018-02_Stagnation,491.2,27.66,90.92,81.4,Chamber air (proxy),Parabolic dish solar cooker,0,https://data.mendeley.com/datasets/szp4hfdymy/1,
377,2018-02_Stagnation,485.65,27.67,90.04,80.8,Chamber air (proxy),Parabolic dish solar cooker,0,https://data.mendeley.com/datasets/szp4hfdymy/1,
378,2018-02_Stagnation,480.1,27.68,89.16,80.2,Chamber air (proxy),Parabolic dish solar cooker,0,https://data.mendeley.com/datasets/szp4hfdymy/1,
379,2018-02_Stagnation,474.55,27.69,88.28,79.6,Chamber air (proxy),Parabolic dish solar cooker,0,https://data.mendeley.com/datasets/szp4hfdymy/1,
380,2018-02_Stagnation,469,27.7,87.4,79,Chamber air (proxy),Parabolic dish solar cooker,0,https://data.mendeley.com/datasets/szp4hfdymy/1,
381,2018-02_Stagnation,468.05,27.65,86.65,78.7,Chamber air (proxy),Parabolic dish solar cooker,0,https://data.mendeley.com/datasets/szp4hfdymy/1,
382,2018-02_Stagnation,467.1,27.6,85.9,78.4,Chamber air (proxy),Parabolic dish solar cooker,0,https://data.mendeley.com/datasets/szp4hfdymy/1,
383,2018-02_Stagnation,466.15,27.55,85.15,78.1,Chamber air (proxy),Parabolic dish solar cooker,0,https://data.mendeley.com/datasets/szp4hfdymy/1,
384,2018-02_Stagnation,465.2,27.5,84.4,77.8,Chamber air (proxy),Parabolic dish solar cooker,0,https://data.mendeley.com/datasets/szp4hfdymy/1,
385,2018-02_Stagnation,464.25,27.45,83.65,77.5,Chamber air (proxy),Parabolic dish solar cooker,0,https://data.mendeley.com/datasets/szp4hfdymy/1,
386,2018-02_Stagnation,463.3,27.4,82.9,77.2,Chamber air (proxy),Parabolic dish solar cooker,0,https://data.mendeley.com/datasets/szp4hfdymy/1,
387,2018-02_Stagnation,462.35,27.35,82.15,76.9,Chamber air (proxy),Parabolic dish solar cooker,0,https://data.mendeley.com/datasets/szp4hfdymy/1,
388,2018-02_Stagnation,461.4,27.3,81.4,76.6,Chamber air (proxy),Parabolic dish solar cooker,0,https://data.mendeley.com/datasets/szp4hfdymy/1,
389,2018-02_Stagnation,460.45,27.25,80.65,76.3,Chamber air (proxy),Parabolic dish solar cooker,0,https://data.mendeley.com/datasets/szp4hfdymy/1,
390,2018-02_Stagnation,459.5,27.2,79.9,76,Chamber air (proxy),Parabolic dish solar cooker,0,https://data.mendeley.com/datasets/szp4hfdymy/1,
391,2018-02_Stagnation,458.55,27.15,79.15,75.7,Chamber air (proxy),Parabolic dish solar cooker,0,https://data.mendeley.com/datasets/szp4hfdymy/1,
392,2018-02_Stagnation,457.6,27.1,78.4,75.4,Chamber air (proxy),Parabolic dish solar cooker,0,https://data.mendeley.com/datasets/szp4hfdymy/1,
393,2018-02_Stagnation,456.65,27.05,77.65,75.1,Chamber air (proxy),Parabolic dish solar cooker,0,https://data.mendeley.com/datasets/szp4hfdymy/1,
394,2018-02_Stagnation,455.7,27,76.9,74.8,Chamber air (proxy),Parabolic dish solar cooker,0,https://data.mendeley.com/datasets/szp4hfdymy/1,
395,2018-02_Stagnation,454.75,26.95,76.15,74.5,Chamber air (proxy),Parabolic dish solar cooker,0,https://data.mendeley.com/datasets/szp4hfdymy/1,
396,2018-02_Stagnation,453.8,26.9,75.4,74.2,Chamber air (proxy),Parabolic dish solar cooker,0,https://data.mendeley.com/datasets/szp4hfdymy/1,
397,2018-02_Stagnation,452.85,26.85,74.65,73.9,Chamber air (proxy),Parabolic dish solar cooker,0,https://data.mendeley.com/datasets/szp4hfdymy/1,
398,2018-02_Stagnation,451.9,26.8,73.9,73.6,Chamber air (proxy),Parabolic dish solar cooker,0,https://data.mendeley.com/datasets/szp4hfdymy/1,
399,2018-02_Stagnation,450.95,26.75,73.15,73.3,Chamber air (proxy),Parabolic dish solar cooker,0,https://data.mendeley.com/datasets/szp4hfdymy/1,
400,2018-02_Stagnation,450,26.7,72.4,73,Chamber air (proxy),Parabolic dish solar cooker,0,https://data.mendeley.com/datasets/szp4hfdymy/1,
401,2018-02_Stagnation,448,26.62,71.83,72.5,Chamber air (proxy),Parabolic dish solar cooker,0,https://data.mendeley.com/datasets/szp4hfdymy/1,
402,2018-02_Stagnation,446,26.54,71.26,72,Chamber air (proxy),Parabolic dish solar cooker,0,https://data.mendeley.com/datasets/szp4hfdymy/1,
403,2018-02_Stagnation,444,26.46,70.69,71.5,Chamber air (proxy),Parabolic dish solar cooker,0,https://data.mendeley.com/datasets/szp4hfdymy/1,
404,2018-02_Stagnation,442,26.38,70.12,71,Chamber air (proxy),Parabolic dish solar cooker,0,https://data.mendeley.com/datasets/szp4hfdymy/1,
405,2018-02_Stagnation,440,26.3,69.55,70.5,Chamber air (proxy),Parabolic dish solar cooker,0,https://data.mendeley.com/datasets/szp4hfdymy/1,
406,2018-02_Stagnation,438,26.22,68.98,70,Chamber air (proxy),Parabolic dish solar cooker,0,https://data.mendeley.com/datasets/szp4hfdymy/1,
407,2018-02_Stagnation,436,26.14,68.41,69.5,Chamber air (proxy),Parabolic dish solar cooker,0,https://data.mendeley.com/datasets/szp4hfdymy/1,
408,2018-02_Stagnation,434,26.06,67.84,69,Chamber air (proxy),Parabolic dish solar cooker,0,https://data.mendeley.com/datasets/szp4hfdymy/1,
409,2018-02_Stagnation,432,25.98,67.27,68.5,Chamber air (proxy),Parabolic dish solar cooker,0,https://data.mendeley.com/datasets/szp4hfdymy/1,
410,2018-02_Stagnation,430,25.9,66.7,68,Chamber air (proxy),Parabolic dish solar cooker,0,https://data.mendeley.com/datasets/szp4hfdymy/1,
411,2018-02_Stagnation,428,25.82,66.13,67.5,Chamber air (proxy),Parabolic dish solar cooker,0,https://data.mendeley.com/datasets/szp4hfdymy/1,
412,2018-02_Stagnation,426,25.74,65.56,67,Chamber air (proxy),Parabolic dish solar cooker,0,https://data.mendeley.com/datasets/szp4hfdymy/1,
413,2018-02_Stagnation,424,25.66,64.99,66.5,Chamber air (proxy),Parabolic dish solar cooker,0,https://data.mendeley.com/datasets/szp4hfdymy/1,
414,2018-02_Stagnation,422,25.58,64.42,66,Chamber air (proxy),Parabolic dish solar cooker,0,https://data.mendeley.com/datasets/szp4hfdymy/1,
415,2018-02_Stagnation,420,25.5,63.85,65.5,Chamber air (proxy),Parabolic dish solar cooker,0,https://data.mendeley.com/datasets/szp4hfdymy/1,
416,2018-02_Stagnation,418,25.42,63.28,65,Chamber air (proxy),Parabolic dish solar cooker,0,https://data.mendeley.com/datasets/szp4hfdymy/1,
417,2018-02_Stagnation,416,25.34,62.71,64.5,Chamber air (proxy),Parabolic dish solar cooker,0,https://data.mendeley.com/datasets/szp4hfdymy/1,
418,2018-02_Stagnation,414,25.26,62.14,64,Chamber air (proxy),Parabolic dish solar cooker,0,https://data.mendeley.com/datasets/szp4hfdymy/1,
419,2018-02_Stagnation,412,25.18,61.57,63.5,Chamber air (proxy),Parabolic dish solar cooker,0,https://data.mendeley.com/datasets/szp4hfdymy/1,
420,2018-02_Stagnation,410,25.1,61,63,Chamber air (proxy),Parabolic dish solar cooker,0,https://data.mendeley.com/datasets/szp4hfdymy/1,
0,2018-03_Stagnation,810,23,29.6,23.4,Water-temperature proxy from Tw,Parabolic dish solar cooker,0,https://data.mendeley.com/datasets/szp4hfdymy/1,
1,2018-03_Stagnation,812,23.115,29.65,23.71,Water-temperature proxy from Tw,Parabolic dish solar cooker,0,https://data.mendeley.com/datasets/szp4hfdymy/1,
2,2018-03_Stagnation,814,23.23,29.7,24.02,Water-temperature proxy from Tw,Parabolic dish solar cooker,0,https://data.mendeley.com/datasets/szp4hfdymy/1,
3,2018-03_Stagnation,816,23.345,29.75,24.33,Water-temperature proxy from Tw,Parabolic dish solar cooker,0,https://data.mendeley.com/datasets/szp4hfdymy/1,
4,2018-03_Stagnation,818,23.46,29.8,24.64,Water-temperature proxy from Tw,Parabolic dish solar cooker,0,https://data.mendeley.com/datasets/szp4hfdymy/1,
5,2018-03_Stagnation,820,23.575,29.85,24.95,Water-temperature proxy from Tw,Parabolic dish solar cooker,0,https://data.mendeley.com/datasets/szp4hfdymy/1,
6,2018-03_Stagnation,822,23.69,29.9,25.26,Water-temperature proxy from Tw,Parabolic dish solar cooker,0,https://data.mendeley.com/datasets/szp4hfdymy/1,
7,2018-03_Stagnation,824,23.805,29.95,25.57,Water-temperature proxy from Tw,Parabolic dish solar cooker,0,https://data.mendeley.com/datasets/szp4hfdymy/1,
8,2018-03_Stagnation,826,23.92,30,25.88,Water-temperature proxy from Tw,Parabolic dish solar cooker,0,https://data.mendeley.com/datasets/szp4hfdymy/1,
9,2018-03_Stagnation,828,24.035,30.05,26.19,Water-temperature proxy from Tw,Parabolic dish solar cooker,0,https://data.mendeley.com/datasets/szp4hfdymy/1,
10,2018-03_Stagnation,830,24.15,30.1,26.5,Water-temperature proxy from Tw,Parabolic dish solar cooker,0,https://data.mendeley.com/datasets/szp4hfdymy/1,
11,2018-03_Stagnation,832,24.265,30.15,26.81,Water-temperature proxy from Tw,Parabolic dish solar cooker,0,https://data.mendeley.com/datasets/szp4hfdymy/1,
12,2018-03_Stagnation,834,24.38,30.2,27.12,Water-temperature proxy from Tw,Parabolic dish solar cooker,0,https://data.mendeley.com/datasets/szp4hfdymy/1,
13,2018-03_Stagnation,836,24.495,30.25,27.43,Water-temperature proxy from Tw,Parabolic dish solar cooker,0,https://data.mendeley.com/datasets/szp4hfdymy/1,
14,2018-03_Stagnation,838,24.61,30.3,27.74,Water-temperature proxy from Tw,Parabolic dish solar cooker,0,https://data.mendeley.com/datasets/szp4hfdymy/1,
15,2018-03_Stagnation,840,24.725,30.35,28.05,Water-temperature proxy from Tw,Parabolic dish solar cooker,0,https://data.mendeley.com/datasets/szp4hfdymy/1,
16,2018-03_Stagnation,842,24.84,30.4,28.36,Water-temperature proxy from Tw,Parabolic dish solar cooker,0,https://data.mendeley.com/datasets/szp4hfdymy/1,
17,2018-03_Stagnation,844,24.955,30.45,28.67,Water-temperature proxy from Tw,Parabolic dish solar cooker,0,https://data.mendeley.com/datasets/szp4hfdymy/1,
18,2018-03_Stagnation,846,25.07,30.5,28.98,Water-temperature proxy from Tw,Parabolic dish solar cooker,0,https://data.mendeley.com/datasets/szp4hfdymy/1,
19,2018-03_Stagnation,848,25.185,30.55,29.29,Water-temperature proxy from Tw,Parabolic dish solar cooker,0,https://data.mendeley.com/datasets/szp4hfdymy/1,
20,2018-03_Stagnation,850,25.3,30.6,29.6,Water-temperature proxy from Tw,Parabolic dish solar cooker,0,https://data.mendeley.com/datasets/szp4hfdymy/1,
21,2018-03_Stagnation,849,25.355,31.175,30.145,Water-temperature proxy from Tw,Parabolic dish solar cooker,0,https://data.mendeley.com/datasets/szp4hfdymy/1,
22,2018-03_Stagnation,848,25.41,31.75,30.69,Water-temperature proxy from Tw,Parabolic dish solar cooker,0,https://data.mendeley.com/datasets/szp4hfdymy/1,
23,2018-03_Stagnation,847,25.465,32.325,31.235,Water-temperature proxy from Tw,Parabolic dish solar cooker,0,https://data.mendeley.com/datasets/szp4hfdymy/1,
24,2018-03_Stagnation,846,25.52,32.9,31.78,Water-temperature proxy from Tw,Parabolic dish solar cooker,0,https://data.mendeley.com/datasets/szp4hfdymy/1,
25,2018-03_Stagnation,845,25.575,33.475,32.325,Water-temperature proxy from Tw,Parabolic dish solar cooker,0,https://data.mendeley.com/datasets/szp4hfdymy/1,
26,2018-03_Stagnation,844,25.63,34.05,32.87,Water-temperature proxy from Tw,Parabolic dish solar cooker,0,https://data.mendeley.com/datasets/szp4hfdymy/1,
27,2018-03_Stagnation,843,25.685,34.625,33.415,Water-temperature proxy from Tw,Parabolic dish solar cooker,0,https://data.mendeley.com/datasets/szp4hfdymy/1,
28,2018-03_Stagnation,842,25.74,35.2,33.96,Water-temperature proxy from Tw,Parabolic dish solar cooker,0,https://data.mendeley.com/datasets/szp4hfdymy/1,
29,2018-03_Stagnation,841,25.795,35.775,34.505,Water-temperature proxy from Tw,Parabolic dish solar cooker,0,https://data.mendeley.com/datasets/szp4hfdymy/1,
30,2018-03_Stagnation,840,25.85,36.35,35.05,Water-temperature proxy from Tw,Parabolic dish solar cooker,0,https://data.mendeley.com/datasets/szp4hfdymy/1,
31,2018-03_Stagnation,839,25.905,36.925,35.595,Water-temperature proxy from Tw,Parabolic dish solar cooker,0,https://data.mendeley.com/datasets/szp4hfdymy/1,
32,2018-03_Stagnation,838,25.96,37.5,36.14,Water-temperature proxy from Tw,Parabolic dish solar cooker,0,https://data.mendeley.com/datasets/szp4hfdymy/1,
33,2018-03_Stagnation,837,26.015,38.075,36.685,Water-temperature proxy from Tw,Parabolic dish solar cooker,0,https://data.mendeley.com/datasets/szp4hfdymy/1,
34,2018-03_Stagnation,836,26.07,38.65,37.23,Water-temperature proxy from Tw,Parabolic dish solar cooker,0,https://data.mendeley.com/datasets/szp4hfdymy/1,
35,2018-03_Stagnation,835,26.125,39.225,37.775,Water-temperature proxy from Tw,Parabolic dish solar cooker,0,https://data.mendeley.com/datasets/szp4hfdymy/1,
36,2018-03_Stagnation,834,26.18,39.8,38.32,Water-temperature proxy from Tw,Parabolic dish solar cooker,0,https://data.mendeley.com/datasets/szp4hfdymy/1,
37,2018-03_Stagnation,833,26.235,40.375,38.865,Water-temperature proxy from Tw,Parabolic dish solar cooker,0,https://data.mendeley.com/datasets/szp4hfdymy/1,
38,2018-03_Stagnation,832,26.29,40.95,39.41,Water-temperature proxy from Tw,Parabolic dish solar cooker,0,https://data.mendeley.com/datasets/szp4hfdymy/1,
39,2018-03_Stagnation,831,26.345,41.525,39.955,Water-temperature proxy from Tw,Parabolic dish solar cooker,0,https://data.mendeley.com/datasets/szp4hfdymy/1,
40,2018-03_Stagnation,830,26.4,42.1,40.5,Water-temperature proxy from Tw,Parabolic dish solar cooker,0,https://data.mendeley.com/datasets/szp4hfdymy/1,
41,2018-03_Stagnation,837.5,26.425,42.89,41.11,Water-temperature proxy from Tw,Parabolic dish solar cooker,0,https://data.mendeley.com/datasets/szp4hfdymy/1,
42,2018-03_Stagnation,845,26.45,43.68,41.72,Water-temperature proxy from Tw,Parabolic dish solar cooker,0,https://data.mendeley.com/datasets/szp4hfdymy/1,
43,2018-03_Stagnation,852.5,26.475,44.47,42.33,Water-temperature proxy from Tw,Parabolic dish solar cooker,0,https://data.mendeley.com/datasets/szp4hfdymy/1,
44,2018-03_Stagnation,860,26.5,45.26,42.94,Water-temperature proxy from Tw,Parabolic dish solar cooker,0,https://data.mendeley.com/datasets/szp4hfdymy/1,
45,2018-03_Stagnation,867.5,26.525,46.05,43.55,Water-temperature proxy from Tw,Parabolic dish solar cooker,0,https://data.mendeley.com/datasets/szp4hfdymy/1,
46,2018-03_Stagnation,875,26.55,46.84,44.16,Water-temperature proxy from Tw,Parabolic dish solar cooker,0,https://data.mendeley.com/datasets/szp4hfdymy/1,
47,2018-03_Stagnation,882.5,26.575,47.63,44.77,Water-temperature proxy from Tw,Parabolic dish solar cooker,0,https://data.mendeley.com/datasets/szp4hfdymy/1,
48,2018-03_Stagnation,890,26.6,48.42,45.38,Water-temperature proxy from Tw,Parabolic dish solar cooker,0,https://data.mendeley.com/datasets/szp4hfdymy/1,
49,2018-03_Stagnation,897.5,26.625,49.21,45.99,Water-temperature proxy from Tw,Parabolic dish solar cooker,0,https://data.mendeley.com/datasets/szp4hfdymy/1,
50,2018-03_Stagnation,905,26.65,50,46.6,Water-temperature proxy from Tw,Parabolic dish solar cooker,0,https://data.mendeley.com/datasets/szp4hfdymy/1,
51,2018-03_Stagnation,912.5,26.675,50.79,47.21,Water-temperature proxy from Tw,Parabolic dish solar cooker,0,https://data.mendeley.com/datasets/szp4hfdymy/1,
52,2018-03_Stagnation,920,26.7,51.58,47.82,Water-temperature proxy from Tw,Parabolic dish solar cooker,0,https://data.mendeley.com/datasets/szp4hfdymy/1,
53,2018-03_Stagnation,927.5,26.725,52.37,48.43,Water-temperature proxy from Tw,Parabolic dish solar cooker,0,https://data.mendeley.com/datasets/szp4hfdymy/1,
54,2018-03_Stagnation,935,26.75,53.16,49.04,Water-temperature proxy from Tw,Parabolic dish solar cooker,0,https://data.mendeley.com/datasets/szp4hfdymy/1,
55,2018-03_Stagnation,942.5,26.775,53.95,49.65,Water-temperature proxy from Tw,Parabolic dish solar cooker,0,https://data.mendeley.com/datasets/szp4hfdymy/1,
56,2018-03_Stagnation,950,26.8,54.74,50.26,Water-temperature proxy from Tw,Parabolic dish solar cooker,0,https://data.mendeley.com/datasets/szp4hfdymy/1,
57,2018-03_Stagnation,957.5,26.825,55.53,50.87,Water-temperature proxy from Tw,Parabolic dish solar cooker,0,https://data.mendeley.com/datasets/szp4hfdymy/1,
58,2018-03_Stagnation,965,26.85,56.32,51.48,Water-temperature proxy from Tw,Parabolic dish solar cooker,0,https://data.mendeley.com/datasets/szp4hfdymy/1,
59,2018-03_Stagnation,972.5,26.875,57.11,52.09,Water-temperature proxy from Tw,Parabolic dish solar cooker,0,https://data.mendeley.com/datasets/szp4hfdymy/1,
60,2018-03_Stagnation,980,26.9,57.9,52.7,Water-temperature proxy from Tw,Parabolic dish solar cooker,0,https://data.mendeley.com/datasets/szp4hfdymy/1,
61,2018-03_Stagnation,977,26.915,58.605,53.275,Water-temperature proxy from Tw,Parabolic dish solar cooker,0,https://data.mendeley.com/datasets/szp4hfdymy/1,
62,2018-03_Stagnation,974,26.93,59.31,53.85,Water-temperature proxy from Tw,Parabolic dish solar cooker,0,https://data.mendeley.com/datasets/szp4hfdymy/1,
63,2018-03_Stagnation,971,26.945,60.015,54.425,Water-temperature proxy from Tw,Parabolic dish solar cooker,0,https://data.mendeley.com/datasets/szp4hfdymy/1,
64,2018-03_Stagnation,968,26.96,60.72,55,Water-temperature proxy from Tw,Parabolic dish solar cooker,0,https://data.mendeley.com/datasets/szp4hfdymy/1,
65,2018-03_Stagnation,965,26.975,61.425,55.575,Water-temperature proxy from Tw,Parabolic dish solar cooker,0,https://data.mendeley.com/datasets/szp4hfdymy/1,
66,2018-03_Stagnation,962,26.99,62.13,56.15,Water-temperature proxy from Tw,Parabolic dish solar cooker,0,https://data.mendeley.com/datasets/szp4hfdymy/1,
67,2018-03_Stagnation,959,27.005,62.835,56.725,Water-temperature proxy from Tw,Parabolic dish solar cooker,0,https://data.mendeley.com/datasets/szp4hfdymy/1,
68,2018-03_Stagnation,956,27.02,63.54,57.3,Water-temperature proxy from Tw,Parabolic dish solar cooker,0,https://data.mendeley.com/datasets/szp4hfdymy/1,
69,2018-03_Stagnation,953,27.035,64.245,57.875,Water-temperature proxy from Tw,Parabolic dish solar cooker,0,https://data.mendeley.com/datasets/szp4hfdymy/1,
70,2018-03_Stagnation,950,27.05,64.95,58.45,Water-temperature proxy from Tw,Parabolic dish solar cooker,0,https://data.mendeley.com/datasets/szp4hfdymy/1,
71,2018-03_Stagnation,947,27.065,65.655,59.025,Water-temperature proxy from Tw,Parabolic dish solar cooker,0,https://data.mendeley.com/datasets/szp4hfdymy/1,
72,2018-03_Stagnation,944,27.08,66.36,59.6,Water-temperature proxy from Tw,Parabolic dish solar cooker,0,https://data.mendeley.com/datasets/szp4hfdymy/1,
73,2018-03_Stagnation,941,27.095,67.065,60.175,Water-temperature proxy from Tw,Parabolic dish solar cooker,0,https://data.mendeley.com/datasets/szp4hfdymy/1,
74,2018-03_Stagnation,938,27.11,67.77,60.75,Water-temperature proxy from Tw,Parabolic dish solar cooker,0,https://data.mendeley.com/datasets/szp4hfdymy/1,
75,2018-03_Stagnation,935,27.125,68.475,61.325,Water-temperature proxy from Tw,Parabolic dish solar cooker,0,https://data.mendeley.com/datasets/szp4hfdymy/1,
76,2018-03_Stagnation,932,27.14,69.18,61.9,Water-temperature proxy from Tw,Parabolic dish solar cooker,0,https://data.mendeley.com/datasets/szp4hfdymy/1,
77,2018-03_Stagnation,929,27.155,69.885,62.475,Water-temperature proxy from Tw,Parabolic dish solar cooker,0,https://data.mendeley.com/datasets/szp4hfdymy/1,
78,2018-03_Stagnation,926,27.17,70.59,63.05,Water-temperature proxy from Tw,Parabolic dish solar cooker,0,https://data.mendeley.com/datasets/szp4hfdymy/1,
79,2018-03_Stagnation,923,27.185,71.295,63.625,Water-temperature proxy from Tw,Parabolic dish solar cooker,0,https://data.mendeley.com/datasets/szp4hfdymy/1,
80,2018-03_Stagnation,920,27.2,72,64.2,Water-temperature proxy from Tw,Parabolic dish solar cooker,0,https://data.mendeley.com/datasets/szp4hfdymy/1,
81,2018-03_Stagnation,923.95,27.245,72.705,65.055,Water-temperature proxy from Tw,Parabolic dish solar cooker,0,https://data.mendeley.com/datasets/szp4hfdymy/1,
82,2018-03_Stagnation,927.9,27.29,73.41,65.91,Water-temperature proxy from Tw,Parabolic dish solar cooker,0,https://data.mendeley.com/datasets/szp4hfdymy/1,
83,2018-03_Stagnation,931.85,27.335,74.115,66.765,Water-temperature proxy from Tw,Parabolic dish solar cooker,0,https://data.mendeley.com/datasets/szp4hfdymy/1,
84,2018-03_Stagnation,935.8,27.38,74.82,67.62,Water-temperature proxy from Tw,Parabolic dish solar cooker,0,https://data.mendeley.com/datasets/szp4hfdymy/1,
85,2018-03_Stagnation,939.75,27.425,75.525,68.475,Water-temperature proxy from Tw,Parabolic dish solar cooker,0,https://data.mendeley.com/datasets/szp4hfdymy/1,
86,2018-03_Stagnation,943.7,27.47,76.23,69.33,Water-temperature proxy from Tw,Parabolic dish solar cooker,0,https://data.mendeley.com/datasets/szp4hfdymy/1,
87,2018-03_Stagnation,947.65,27.515,76.935,70.185,Water-temperature proxy from Tw,Parabolic dish solar cooker,0,https://data.mendeley.com/datasets/szp4hfdymy/1,
88,2018-03_Stagnation,951.6,27.56,77.64,71.04,Water-temperature proxy from Tw,Parabolic dish solar cooker,0,https://data.mendeley.com/datasets/szp4hfdymy/1,
89,2018-03_Stagnation,955.55,27.605,78.345,71.895,Water-temperature proxy from Tw,Parabolic dish solar cooker,0,https://data.mendeley.com/datasets/szp4hfdymy/1,
90,2018-03_Stagnation,959.5,27.65,79.05,72.75,Water-temperature proxy from Tw,Parabolic dish solar cooker,0,https://data.mendeley.com/datasets/szp4hfdymy/1,
91,2018-03_Stagnation,963.45,27.695,79.755,73.605,Water-temperature proxy from Tw,Parabolic dish solar cooker,0,https://data.mendeley.com/datasets/szp4hfdymy/1,
92,2018-03_Stagnation,967.4,27.74,80.46,74.46,Water-temperature proxy from Tw,Parabolic dish solar cooker,0,https://data.mendeley.com/datasets/szp4hfdymy/1,
93,2018-03_Stagnation,971.35,27.785,81.165,75.315,Water-temperature proxy from Tw,Parabolic dish solar cooker,0,https://data.mendeley.com/datasets/szp4hfdymy/1,
94,2018-03_Stagnation,975.3,27.83,81.87,76.17,Water-temperature proxy from Tw,Parabolic dish solar cooker,0,https://data.mendeley.com/datasets/szp4hfdymy/1,
95,2018-03_Stagnation,979.25,27.875,82.575,77.025,Water-temperature proxy from Tw,Parabolic dish solar cooker,0,https://data.mendeley.com/datasets/szp4hfdymy/1,
96,2018-03_Stagnation,983.2,27.92,83.28,77.88,Water-temperature proxy from Tw,Parabolic dish solar cooker,0,https://data.mendeley.com/datasets/szp4hfdymy/1,
97,2018-03_Stagnation,987.15,27.965,83.985,78.735,Water-temperature proxy from Tw,Parabolic dish solar cooker,0,https://data.mendeley.com/datasets/szp4hfdymy/1,
98,2018-03_Stagnation,991.1,28.01,84.69,79.59,Water-temperature proxy from Tw,Parabolic dish solar cooker,0,https://data.mendeley.com/datasets/szp4hfdymy/1,
99,2018-03_Stagnation,995.05,28.055,85.395,80.445,Water-temperature proxy from Tw,Parabolic dish solar cooker,0,https://data.mendeley.com/datasets/szp4hfdymy/1,
100,2018-03_Stagnation,999,28.1,86.1,81.3,Water-temperature proxy from Tw,Parabolic dish solar cooker,0,https://data.mendeley.com/datasets/szp4hfdymy/1,
101,2018-03_Stagnation,998.55,28.145,86.905,81.98,Water-temperature proxy from Tw,Parabolic dish solar cooker,0,https://data.mendeley.com/datasets/szp4hfdymy/1,
102,2018-03_Stagnation,998.1,28.19,87.71,82.66,Water-temperature proxy from Tw,Parabolic dish solar cooker,0,https://data.mendeley.com/datasets/szp4hfdymy/1,
103,2018-03_Stagnation,997.65,28.235,88.515,83.34,Water-temperature proxy from Tw,Parabolic dish solar cooker,0,https://data.mendeley.com/datasets/szp4hfdymy/1,
104,2018-03_Stagnation,997.2,28.28,89.32,84.02,Water-temperature proxy from Tw,Parabolic dish solar cooker,0,https://data.mendeley.com/datasets/szp4hfdymy/1,
105,2018-03_Stagnation,996.75,28.325,90.125,84.7,Water-temperature proxy from Tw,Parabolic dish solar cooker,0,https://data.mendeley.com/datasets/szp4hfdymy/1,
106,2018-03_Stagnation,996.3,28.37,90.93,85.38,Water-temperature proxy from Tw,Parabolic dish solar cooker,0,https://data.mendeley.com/datasets/szp4hfdymy/1,
107,2018-03_Stagnation,995.85,28.415,91.735,86.06,Water-temperature proxy from Tw,Parabolic dish solar cooker,0,https://data.mendeley.com/datasets/szp4hfdymy/1,
108,2018-03_Stagnation,995.4,28.46,92.54,86.74,Water-temperature proxy from Tw,Parabolic dish solar cooker,0,https://data.mendeley.com/datasets/szp4hfdymy/1,
109,2018-03_Stagnation,994.95,28.505,93.345,87.42,Water-temperature proxy from Tw,Parabolic dish solar cooker,0,https://data.mendeley.com/datasets/szp4hfdymy/1,
110,2018-03_Stagnation,994.5,28.55,94.15,88.1,Water-temperature proxy from Tw,Parabolic dish solar cooker,0,https://data.mendeley.com/datasets/szp4hfdymy/1,
111,2018-03_Stagnation,994.05,28.595,94.955,88.78,Water-temperature proxy from Tw,Parabolic dish solar cooker,0,https://data.mendeley.com/datasets/szp4hfdymy/1,
112,2018-03_Stagnation,993.6,28.64,95.76,89.46,Water-temperature proxy from Tw,Parabolic dish solar cooker,0,https://data.mendeley.com/datasets/szp4hfdymy/1,
113,2018-03_Stagnation,993.15,28.685,96.565,90.14,Water-temperature proxy from Tw,Parabolic dish solar cooker,0,https://data.mendeley.com/datasets/szp4hfdymy/1,
114,2018-03_Stagnation,992.7,28.73,97.37,90.82,Water-temperature proxy from Tw,Parabolic dish solar cooker,0,https://data.mendeley.com/datasets/szp4hfdymy/1,
115,2018-03_Stagnation,992.25,28.775,98.175,91.5,Water-temperature proxy from Tw,Parabolic dish solar cooker,0,https://data.mendeley.com/datasets/szp4hfdymy/1,
116,2018-03_Stagnation,991.8,28.82,98.98,92.18,Water-temperature proxy from Tw,Parabolic dish solar cooker,0,https://data.mendeley.com/datasets/szp4hfdymy/1,
117,2018-03_Stagnation,991.35,28.865,99.785,92.86,Water-temperature proxy from Tw,Parabolic dish solar cooker,0,https://data.mendeley.com/datasets/szp4hfdymy/1,
118,2018-03_Stagnation,990.9,28.91,100.59,93.54,Water-temperature proxy from Tw,Parabolic dish solar cooker,0,https://data.mendeley.com/datasets/szp4hfdymy/1,
119,2018-03_Stagnation,990.45,28.955,101.395,94.22,Water-temperature proxy from Tw,Parabolic dish solar cooker,0,https://data.mendeley.com/datasets/szp4hfdymy/1,
120,2018-03_Stagnation,990,29,102.2,94.9,Water-temperature proxy from Tw,Parabolic dish solar cooker,0,https://data.mendeley.com/datasets/szp4hfdymy/1,
121,2018-03_Stagnation,988.2,29.06,102.555,95.015,Water-temperature proxy from Tw,Parabolic dish solar cooker,0,https://data.mendeley.com/datasets/szp4hfdymy/1,
122,2018-03_Stagnation,986.4,29.12,102.91,95.13,Water-temperature proxy from Tw,Parabolic dish solar cooker,0,https://data.mendeley.com/datasets/szp4hfdymy/1,
123,2018-03_Stagnation,984.6,29.18,103.265,95.245,Water-temperature proxy from Tw,Parabolic dish solar cooker,0,https://data.mendeley.com/datasets/szp4hfdymy/1,
124,2018-03_Stagnation,982.8,29.24,103.62,95.36,Water-temperature proxy from Tw,Parabolic dish solar cooker,0,https://data.mendeley.com/datasets/szp4hfdymy/1,
125,2018-03_Stagnation,981,29.3,103.975,95.475,Water-temperature proxy from Tw,Parabolic dish solar cooker,0,https://data.mendeley.com/datasets/szp4hfdymy/1,
126,2018-03_Stagnation,979.2,29.36,104.33,95.59,Water-temperature proxy from Tw,Parabolic dish solar cooker,0,https://data.mendeley.com/datasets/szp4hfdymy/1,
127,2018-03_Stagnation,977.4,29.42,104.685,95.705,Water-temperature proxy from Tw,Parabolic dish solar cooker,0,https://data.mendeley.com/datasets/szp4hfdymy/1,
128,2018-03_Stagnation,975.6,29.48,105.04,95.82,Water-temperature proxy from Tw,Parabolic dish solar cooker,0,https://data.mendeley.com/datasets/szp4hfdymy/1,
129,2018-03_Stagnation,973.8,29.54,105.395,95.935,Water-temperature proxy from Tw,Parabolic dish solar cooker,0,https://data.mendeley.com/datasets/szp4hfdymy/1,
130,2018-03_Stagnation,972,29.6,105.75,96.05,Water-temperature proxy from Tw,Parabolic dish solar cooker,0,https://data.mendeley.com/datasets/szp4hfdymy/1,
131,2018-03_Stagnation,970.2,29.66,106.105,96.165,Water-temperature proxy from Tw,Parabolic dish solar cooker,0,https://data.mendeley.com/datasets/szp4hfdymy/1,
132,2018-03_Stagnation,968.4,29.72,106.46,96.28,Water-temperature proxy from Tw,Parabolic dish solar cooker,0,https://data.mendeley.com/datasets/szp4hfdymy/1,
133,2018-03_Stagnation,966.6,29.78,106.815,96.395,Water-temperature proxy from Tw,Parabolic dish solar cooker,0,https://data.mendeley.com/datasets/szp4hfdymy/1,
134,2018-03_Stagnation,964.8,29.84,107.17,96.51,Water-temperature proxy from Tw,Parabolic dish solar cooker,0,https://data.mendeley.com/datasets/szp4hfdymy/1,
135,2018-03_Stagnation,963,29.9,107.525,96.625,Water-temperature proxy from Tw,Parabolic dish solar cooker,0,https://data.mendeley.com/datasets/szp4hfdymy/1,
136,2018-03_Stagnation,961.2,29.96,107.88,96.74,Water-temperature proxy from Tw,Parabolic dish solar cooker,0,https://data.mendeley.com/datasets/szp4hfdymy/1,
137,2018-03_Stagnation,959.4,30.02,108.235,96.855,Water-temperature proxy from Tw,Parabolic dish solar cooker,0,https://data.mendeley.com/datasets/szp4hfdymy/1,
138,2018-03_Stagnation,957.6,30.08,108.59,96.97,Water-temperature proxy from Tw,Parabolic dish solar cooker,0,https://data.mendeley.com/datasets/szp4hfdymy/1,
139,2018-03_Stagnation,955.8,30.14,108.945,97.085,Water-temperature proxy from Tw,Parabolic dish solar cooker,0,https://data.mendeley.com/datasets/szp4hfdymy/1,
140,2018-03_Stagnation,954,30.2,109.3,97.2,Water-temperature proxy from Tw,Parabolic dish solar cooker,0,https://data.mendeley.com/datasets/szp4hfdymy/1,
141,2018-03_Stagnation,954,30.12,109.685,97.22,Water-temperature proxy from Tw,Parabolic dish solar cooker,0,https://data.mendeley.com/datasets/szp4hfdymy/1,
142,2018-03_Stagnation,954,30.04,110.07,97.24,Water-temperature proxy from Tw,Parabolic dish solar cooker,0,https://data.mendeley.com/datasets/szp4hfdymy/1,
143,2018-03_Stagnation,954,29.96,110.455,97.26,Water-temperature proxy from Tw,Parabolic dish solar cooker,0,https://data.mendeley.com/datasets/szp4hfdymy/1,
144,2018-03_Stagnation,954,29.88,110.84,97.28,Water-temperature proxy from Tw,Parabolic dish solar cooker,0,https://data.mendeley.com/datasets/szp4hfdymy/1,
145,2018-03_Stagnation,954,29.8,111.225,97.3,Water-temperature proxy from Tw,Parabolic dish solar cooker,0,https://data.mendeley.com/datasets/szp4hfdymy/1,
146,2018-03_Stagnation,954,29.72,111.61,97.32,Water-temperature proxy from Tw,Parabolic dish solar cooker,0,https://data.mendeley.com/datasets/szp4hfdymy/1,
147,2018-03_Stagnation,954,29.64,111.995,97.34,Water-temperature proxy from Tw,Parabolic dish solar cooker,0,https://data.mendeley.com/datasets/szp4hfdymy/1,
148,2018-03_Stagnation,954,29.56,112.38,97.36,Water-temperature proxy from Tw,Parabolic dish solar cooker,0,https://data.mendeley.com/datasets/szp4hfdymy/1,
149,2018-03_Stagnation,954,29.48,112.765,97.38,Water-temperature proxy from Tw,Parabolic dish solar cooker,0,https://data.mendeley.com/datasets/szp4hfdymy/1,
150,2018-03_Stagnation,954,29.4,113.15,97.4,Water-temperature proxy from Tw,Parabolic dish solar cooker,0,https://data.mendeley.com/datasets/szp4hfdymy/1,
151,2018-03_Stagnation,954,29.32,113.535,97.42,Water-temperature proxy from Tw,Parabolic dish solar cooker,0,https://data.mendeley.com/datasets/szp4hfdymy/1,
152,2018-03_Stagnation,954,29.24,113.92,97.44,Water-temperature proxy from Tw,Parabolic dish solar cooker,0,https://data.mendeley.com/datasets/szp4hfdymy/1,
153,2018-03_Stagnation,954,29.16,114.305,97.46,Water-temperature proxy from Tw,Parabolic dish solar cooker,0,https://data.mendeley.com/datasets/szp4hfdymy/1,
154,2018-03_Stagnation,954,29.08,114.69,97.48,Water-temperature proxy from Tw,Parabolic dish solar cooker,0,https://data.mendeley.com/datasets/szp4hfdymy/1,
155,2018-03_Stagnation,954,29,115.075,97.5,Water-temperature proxy from Tw,Parabolic dish solar cooker,0,https://data.mendeley.com/datasets/szp4hfdymy/1,
156,2018-03_Stagnation,954,28.92,115.46,97.52,Water-temperature proxy from Tw,Parabolic dish solar cooker,0,https://data.mendeley.com/datasets/szp4hfdymy/1,
157,2018-03_Stagnation,954,28.84,115.845,97.54,Water-temperature proxy from Tw,Parabolic dish solar cooker,0,https://data.mendeley.com/datasets/szp4hfdymy/1,
158,2018-03_Stagnation,954,28.76,116.23,97.56,Water-temperature proxy from Tw,Parabolic dish solar cooker,0,https://data.mendeley.com/datasets/szp4hfdymy/1,
159,2018-03_Stagnation,954,28.68,116.615,97.58,Water-temperature proxy from Tw,Parabolic dish solar cooker,0,https://data.mendeley.com/datasets/szp4hfdymy/1,
160,2018-03_Stagnation,954,28.6,117,97.6,Water-temperature proxy from Tw,Parabolic dish solar cooker,0,https://data.mendeley.com/datasets/szp4hfdymy/1,
161,2018-03_Stagnation,953.3,28.645,116.9,97.57,Water-temperature proxy from Tw,Parabolic dish solar cooker,0,https://data.mendeley.com/datasets/szp4hfdymy/1,
162,2018-03_Stagnation,952.6,28.69,116.8,97.54,Water-temperature proxy from Tw,Parabolic dish solar cooker,0,https://data.mendeley.com/datasets/szp4hfdymy/1,
163,2018-03_Stagnation,951.9,28.735,116.7,97.51,Water-temperature proxy from Tw,Parabolic dish solar cooker,0,https://data.mendeley.com/datasets/szp4hfdymy/1,
164,2018-03_Stagnation,951.2,28.78,116.6,97.48,Water-temperature proxy from Tw,Parabolic dish solar cooker,0,https://data.mendeley.com/datasets/szp4hfdymy/1,
165,2018-03_Stagnation,950.5,28.825,116.5,97.45,Water-temperature proxy from Tw,Parabolic dish solar cooker,0,https://data.mendeley.com/datasets/szp4hfdymy/1,
166,2018-03_Stagnation,949.8,28.87,116.4,97.42,Water-temperature proxy from Tw,Parabolic dish solar cooker,0,https://data.mendeley.com/datasets/szp4hfdymy/1,
167,2018-03_Stagnation,949.1,28.915,116.3,97.39,Water-temperature proxy from Tw,Parabolic dish solar cooker,0,https://data.mendeley.com/datasets/szp4hfdymy/1,
168,2018-03_Stagnation,948.4,28.96,116.2,97.36,Water-temperature proxy from Tw,Parabolic dish solar cooker,0,https://data.mendeley.com/datasets/szp4hfdymy/1,
169,2018-03_Stagnation,947.7,29.005,116.1,97.33,Water-temperature proxy from Tw,Parabolic dish solar cooker,0,https://data.mendeley.com/datasets/szp4hfdymy/1,
170,2018-03_Stagnation,947,29.05,116,97.3,Water-temperature proxy from Tw,Parabolic dish solar cooker,0,https://data.mendeley.com/datasets/szp4hfdymy/1,
171,2018-03_Stagnation,946.3,29.095,115.9,97.27,Water-temperature proxy from Tw,Parabolic dish solar cooker,0,https://data.mendeley.com/datasets/szp4hfdymy/1,
172,2018-03_Stagnation,945.6,29.14,115.8,97.24,Water-temperature proxy from Tw,Parabolic dish solar cooker,0,https://data.mendeley.com/datasets/szp4hfdymy/1,
173,2018-03_Stagnation,944.9,29.185,115.7,97.21,Water-temperature proxy from Tw,Parabolic dish solar cooker,0,https://data.mendeley.com/datasets/szp4hfdymy/1,
174,2018-03_Stagnation,944.2,29.23,115.6,97.18,Water-temperature proxy from Tw,Parabolic dish solar cooker,0,https://data.mendeley.com/datasets/szp4hfdymy/1,
175,2018-03_Stagnation,943.5,29.275,115.5,97.15,Water-temperature proxy from Tw,Parabolic dish solar cooker,0,https://data.mendeley.com/datasets/szp4hfdymy/1,
176,2018-03_Stagnation,942.8,29.32,115.4,97.12,Water-temperature proxy from Tw,Parabolic dish solar cooker,0,https://data.mendeley.com/datasets/szp4hfdymy/1,
177,2018-03_Stagnation,942.1,29.365,115.3,97.09,Water-temperature proxy from Tw,Parabolic dish solar cooker,0,https://data.mendeley.com/datasets/szp4hfdymy/1,
178,2018-03_Stagnation,941.4,29.41,115.2,97.06,Water-temperature proxy from Tw,Parabolic dish solar cooker,0,https://data.mendeley.com/datasets/szp4hfdymy/1,
179,2018-03_Stagnation,940.7,29.455,115.1,97.03,Water-temperature proxy from Tw,Parabolic dish solar cooker,0,https://data.mendeley.com/datasets/szp4hfdymy/1,
180,2018-03_Stagnation,940,29.5,115,97,Water-temperature proxy from Tw,Parabolic dish solar cooker,0,https://data.mendeley.com/datasets/szp4hfdymy/1,
181,2018-03_Stagnation,939.4,29.47,114.715,96.9,Water-temperature proxy from Tw,Parabolic dish solar cooker,0,https://data.mendeley.com/datasets/szp4hfdymy/1,
182,2018-03_Stagnation,938.8,29.44,114.43,96.8,Water-temperature proxy from Tw,Parabolic dish solar cooker,0,https://data.mendeley.com/datasets/szp4hfdymy/1,
183,2018-03_Stagnation,938.2,29.41,114.145,96.7,Water-temperature proxy from Tw,Parabolic dish solar cooker,0,https://data.mendeley.com/datasets/szp4hfdymy/1,
184,2018-03_Stagnation,937.6,29.38,113.86,96.6,Water-temperature proxy from Tw,Parabolic dish solar cooker,0,https://data.mendeley.com/datasets/szp4hfdymy/1,
185,2018-03_Stagnation,937,29.35,113.575,96.5,Water-temperature proxy from Tw,Parabolic dish solar cooker,0,https://data.mendeley.com/datasets/szp4hfdymy/1,
186,2018-03_Stagnation,936.4,29.32,113.29,96.4,Water-temperature proxy from Tw,Parabolic dish solar cooker,0,https://data.mendeley.com/datasets/szp4hfdymy/1,
187,2018-03_Stagnation,935.8,29.29,113.005,96.3,Water-temperature proxy from Tw,Parabolic dish solar cooker,0,https://data.mendeley.com/datasets/szp4hfdymy/1,
188,2018-03_Stagnation,935.2,29.26,112.72,96.2,Water-temperature proxy from Tw,Parabolic dish solar cooker,0,https://data.mendeley.com/datasets/szp4hfdymy/1,
189,2018-03_Stagnation,934.6,29.23,112.435,96.1,Water-temperature proxy from Tw,Parabolic dish solar cooker,0,https://data.mendeley.com/datasets/szp4hfdymy/1,
190,2018-03_Stagnation,934,29.2,112.15,96,Water-temperature proxy from Tw,Parabolic dish solar cooker,0,https://data.mendeley.com/datasets/szp4hfdymy/1,
191,2018-03_Stagnation,933.4,29.17,111.865,95.9,Water-temperature proxy from Tw,Parabolic dish solar cooker,0,https://data.mendeley.com/datasets/szp4hfdymy/1,
192,2018-03_Stagnation,932.8,29.14,111.58,95.8,Water-temperature proxy from Tw,Parabolic dish solar cooker,0,https://data.mendeley.com/datasets/szp4hfdymy/1,
193,2018-03_Stagnation,932.2,29.11,111.295,95.7,Water-temperature proxy from Tw,Parabolic dish solar cooker,0,https://data.mendeley.com/datasets/szp4hfdymy/1,
194,2018-03_Stagnation,931.6,29.08,111.01,95.6,Water-temperature proxy from Tw,Parabolic dish solar cooker,0,https://data.mendeley.com/datasets/szp4hfdymy/1,
195,2018-03_Stagnation,931,29.05,110.725,95.5,Water-temperature proxy from Tw,Parabolic dish solar cooker,0,https://data.mendeley.com/datasets/szp4hfdymy/1,
196,2018-03_Stagnation,930.4,29.02,110.44,95.4,Water-temperature proxy from Tw,Parabolic dish solar cooker,0,https://data.mendeley.com/datasets/szp4hfdymy/1,
197,2018-03_Stagnation,929.8,28.99,110.155,95.3,Water-temperature proxy from Tw,Parabolic dish solar cooker,0,https://data.mendeley.com/datasets/szp4hfdymy/1,
198,2018-03_Stagnation,929.2,28.96,109.87,95.2,Water-temperature proxy from Tw,Parabolic dish solar cooker,0,https://data.mendeley.com/datasets/szp4hfdymy/1,
199,2018-03_Stagnation,928.6,28.93,109.585,95.1,Water-temperature proxy from Tw,Parabolic dish solar cooker,0,https://data.mendeley.com/datasets/szp4hfdymy/1,
200,2018-03_Stagnation,928,28.9,109.3,95,Water-temperature proxy from Tw,Parabolic dish solar cooker,0,https://data.mendeley.com/datasets/szp4hfdymy/1,
201,2018-03_Stagnation,927.55,28.915,109.52,95.045,Water-temperature proxy from Tw,Parabolic dish solar cooker,0,https://data.mendeley.com/datasets/szp4hfdymy/1,
202,2018-03_Stagnation,927.1,28.93,109.74,95.09,Water-temperature proxy from Tw,Parabolic dish solar cooker,0,https://data.mendeley.com/datasets/szp4hfdymy/1,
203,2018-03_Stagnation,926.65,28.945,109.96,95.135,Water-temperature proxy from Tw,Parabolic dish solar cooker,0,https://data.mendeley.com/datasets/szp4hfdymy/1,
204,2018-03_Stagnation,926.2,28.96,110.18,95.18,Water-temperature proxy from Tw,Parabolic dish solar cooker,0,https://data.mendeley.com/datasets/szp4hfdymy/1,
205,2018-03_Stagnation,925.75,28.975,110.4,95.225,Water-temperature proxy from Tw,Parabolic dish solar cooker,0,https://data.mendeley.com/datasets/szp4hfdymy/1,
206,2018-03_Stagnation,925.3,28.99,110.62,95.27,Water-temperature proxy from Tw,Parabolic dish solar cooker,0,https://data.mendeley.com/datasets/szp4hfdymy/1,
207,2018-03_Stagnation,924.85,29.005,110.84,95.315,Water-temperature proxy from Tw,Parabolic dish solar cooker,0,https://data.mendeley.com/datasets/szp4hfdymy/1,
208,2018-03_Stagnation,924.4,29.02,111.06,95.36,Water-temperature proxy from Tw,Parabolic dish solar cooker,0,https://data.mendeley.com/datasets/szp4hfdymy/1,
209,2018-03_Stagnation,923.95,29.035,111.28,95.405,Water-temperature proxy from Tw,Parabolic dish solar cooker,0,https://data.mendeley.com/datasets/szp4hfdymy/1,
210,2018-03_Stagnation,923.5,29.05,111.5,95.45,Water-temperature proxy from Tw,Parabolic dish solar cooker,0,https://data.mendeley.com/datasets/szp4hfdymy/1,
211,2018-03_Stagnation,923.05,29.065,111.72,95.495,Water-temperature proxy from Tw,Parabolic dish solar cooker,0,https://data.mendeley.com/datasets/szp4hfdymy/1,
212,2018-03_Stagnation,922.6,29.08,111.94,95.54,Water-temperature proxy from Tw,Parabolic dish solar cooker,0,https://data.mendeley.com/datasets/szp4hfdymy/1,
213,2018-03_Stagnation,922.15,29.095,112.16,95.585,Water-temperature proxy from Tw,Parabolic dish solar cooker,0,https://data.mendeley.com/datasets/szp4hfdymy/1,
214,2018-03_Stagnation,921.7,29.11,112.38,95.63,Water-temperature proxy from Tw,Parabolic dish solar cooker,0,https://data.mendeley.com/datasets/szp4hfdymy/1,
215,2018-03_Stagnation,921.25,29.125,112.6,95.675,Water-temperature proxy from Tw,Parabolic dish solar cooker,0,https://data.mendeley.com/datasets/szp4hfdymy/1,
216,2018-03_Stagnation,920.8,29.14,112.82,95.72,Water-temperature proxy from Tw,Parabolic dish solar cooker,0,https://data.mendeley.com/datasets/szp4hfdymy/1,
217,2018-03_Stagnation,920.35,29.155,113.04,95.765,Water-temperature proxy from Tw,Parabolic dish solar cooker,0,https://data.mendeley.com/datasets/szp4hfdymy/1,
218,2018-03_Stagnation,919.9,29.17,113.26,95.81,Water-temperature proxy from Tw,Parabolic dish solar cooker,0,https://data.mendeley.com/datasets/szp4hfdymy/1,
219,2018-03_Stagnation,919.45,29.185,113.48,95.855,Water-temperature proxy from Tw,Parabolic dish solar cooker,0,https://data.mendeley.com/datasets/szp4hfdymy/1,
220,2018-03_Stagnation,919,29.2,113.7,95.9,Water-temperature proxy from Tw,Parabolic dish solar cooker,0,https://data.mendeley.com/datasets/szp4hfdymy/1,
221,2018-03_Stagnation,921.55,29.315,113.73,95.985,Water-temperature proxy from Tw,Parabolic dish solar cooker,0,https://data.mendeley.com/datasets/szp4hfdymy/1,
222,2018-03_Stagnation,924.1,29.43,113.76,96.07,Water-temperature proxy from Tw,Parabolic dish solar cooker,0,https://data.mendeley.com/datasets/szp4hfdymy/1,
223,2018-03_Stagnation,926.65,29.545,113.79,96.155,Water-temperature proxy from Tw,Parabolic dish solar cooker,0,https://data.mendeley.com/datasets/szp4hfdymy/1,
224,2018-03_Stagnation,929.2,29.66,113.82,96.24,Water-temperature proxy from Tw,Parabolic dish solar cooker,0,https://data.mendeley.com/datasets/szp4hfdymy/1,
225,2018-03_Stagnation,931.75,29.775,113.85,96.325,Water-temperature proxy from Tw,Parabolic dish solar cooker,0,https://data.mendeley.com/datasets/szp4hfdymy/1,
226,2018-03_Stagnation,934.3,29.89,113.88,96.41,Water-temperature proxy from Tw,Parabolic dish solar cooker,0,https://data.mendeley.com/datasets/szp4hfdymy/1,
227,2018-03_Stagnation,936.85,30.005,113.91,96.495,Water-temperature proxy from Tw,Parabolic dish solar cooker,0,https://data.mendeley.com/datasets/szp4hfdymy/1,
228,2018-03_Stagnation,939.4,30.12,113.94,96.58,Water-temperature proxy from Tw,Parabolic dish solar cooker,0,https://data.mendeley.com/datasets/szp4hfdymy/1,
229,2018-03_Stagnation,941.95,30.235,113.97,96.665,Water-temperature proxy from Tw,Parabolic dish solar cooker,0,https://data.mendeley.com/datasets/szp4hfdymy/1,
230,2018-03_Stagnation,944.5,30.35,114,96.75,Water-temperature proxy from Tw,Parabolic dish solar cooker,0,https://data.mendeley.com/datasets/szp4hfdymy/1,
231,2018-03_Stagnation,947.05,30.465,114.03,96.835,Water-temperature proxy from Tw,Parabolic dish solar cooker,0,https://data.mendeley.com/datasets/szp4hfdymy/1,
232,2018-03_Stagnation,949.6,30.58,114.06,96.92,Water-temperature proxy from Tw,Parabolic dish solar cooker,0,https://data.mendeley.com/datasets/szp4hfdymy/1,
233,2018-03_Stagnation,952.15,30.695,114.09,97.005,Water-temperature proxy from Tw,Parabolic dish solar cooker,0,https://data.mendeley.com/datasets/szp4hfdymy/1,
234,2018-03_Stagnation,954.7,30.81,114.12,97.09,Water-temperature proxy from Tw,Parabolic dish solar cooker,0,https://data.mendeley.com/datasets/szp4hfdymy/1,
235,2018-03_Stagnation,957.25,30.925,114.15,97.175,Water-temperature proxy from Tw,Parabolic dish solar cooker,0,https://data.mendeley.com/datasets/szp4hfdymy/1,
236,2018-03_Stagnation,959.8,31.04,114.18,97.26,Water-temperature proxy from Tw,Parabolic dish solar cooker,0,https://data.mendeley.com/datasets/szp4hfdymy/1,
237,2018-03_Stagnation,962.35,31.155,114.21,97.345,Water-temperature proxy from Tw,Parabolic dish solar cooker,0,https://data.mendeley.com/datasets/szp4hfdymy/1,
238,2018-03_Stagnation,964.9,31.27,114.24,97.43,Water-temperature proxy from Tw,Parabolic dish solar cooker,0,https://data.mendeley.com/datasets/szp4hfdymy/1,
239,2018-03_Stagnation,967.45,31.385,114.27,97.515,Water-temperature proxy from Tw,Parabolic dish solar cooker,0,https://data.mendeley.com/datasets/szp4hfdymy/1,
240,2018-03_Stagnation,970,31.5,114.3,97.6,Water-temperature proxy from Tw,Parabolic dish solar cooker,0,https://data.mendeley.com/datasets/szp4hfdymy/1,
241,2018-03_Stagnation,967.25,31.56,114.365,97.715,Water-temperature proxy from Tw,Parabolic dish solar cooker,0,https://data.mendeley.com/datasets/szp4hfdymy/1,
242,2018-03_Stagnation,964.5,31.62,114.43,97.83,Water-temperature proxy from Tw,Parabolic dish solar cooker,0,https://data.mendeley.com/datasets/szp4hfdymy/1,
243,2018-03_Stagnation,961.75,31.68,114.495,97.945,Water-temperature proxy from Tw,Parabolic dish solar cooker,0,https://data.mendeley.com/datasets/szp4hfdymy/1,
244,2018-03_Stagnation,959,31.74,114.56,98.06,Water-temperature proxy from Tw,Parabolic dish solar cooker,0,https://data.mendeley.com/datasets/szp4hfdymy/1,
245,2018-03_Stagnation,956.25,31.8,114.625,98.175,Water-temperature proxy from Tw,Parabolic dish solar cooker,0,https://data.mendeley.com/datasets/szp4hfdymy/1,
246,2018-03_Stagnation,953.5,31.86,114.69,98.29,Water-temperature proxy from Tw,Parabolic dish solar cooker,0,https://data.mendeley.com/datasets/szp4hfdymy/1,
247,2018-03_Stagnation,950.75,31.92,114.755,98.405,Water-temperature proxy from Tw,Parabolic dish solar cooker,0,https://data.mendeley.com/datasets/szp4hfdymy/1,
248,2018-03_Stagnation,948,31.98,114.82,98.52,Water-temperature proxy from Tw,Parabolic dish solar cooker,0,https://data.mendeley.com/datasets/szp4hfdymy/1,
249,2018-03_Stagnation,945.25,32.04,114.885,98.635,Water-temperature proxy from Tw,Parabolic dish solar cooker,0,https://data.mendeley.com/datasets/szp4hfdymy/1,
250,2018-03_Stagnation,942.5,32.1,114.95,98.75,Water-temperature proxy from Tw,Parabolic dish solar cooker,0,https://data.mendeley.com/datasets/szp4hfdymy/1,
251,2018-03_Stagnation,939.75,32.16,115.015,98.865,Water-temperature proxy from Tw,Parabolic dish solar cooker,0,https://data.mendeley.com/datasets/szp4hfdymy/1,
252,2018-03_Stagnation,937,32.22,115.08,98.98,Water-temperature proxy from Tw,Parabolic dish solar cooker,0,https://data.mendeley.com/datasets/szp4hfdymy/1,
253,2018-03_Stagnation,934.25,32.28,115.145,99.095,Water-temperature proxy from Tw,Parabolic dish solar cooker,0,https://data.mendeley.com/datasets/szp4hfdymy/1,
254,2018-03_Stagnation,931.5,32.34,115.21,99.21,Water-temperature proxy from Tw,Parabolic dish solar cooker,0,https://data.mendeley.com/datasets/szp4hfdymy/1,
255,2018-03_Stagnation,928.75,32.4,115.275,99.325,Water-temperature proxy from Tw,Parabolic dish solar cooker,0,https://data.mendeley.com/datasets/szp4hfdymy/1,
256,2018-03_Stagnation,926,32.46,115.34,99.44,Water-temperature proxy from Tw,Parabolic dish solar cooker,0,https://data.mendeley.com/datasets/szp4hfdymy/1,
257,2018-03_Stagnation,923.25,32.52,115.405,99.555,Water-temperature proxy from Tw,Parabolic dish solar cooker,0,https://data.mendeley.com/datasets/szp4hfdymy/1,
258,2018-03_Stagnation,920.5,32.58,115.47,99.67,Water-temperature proxy from Tw,Parabolic dish solar cooker,0,https://data.mendeley.com/datasets/szp4hfdymy/1,
259,2018-03_Stagnation,917.75,32.64,115.535,99.785,Water-temperature proxy from Tw,Parabolic dish solar cooker,0,https://data.mendeley.com/datasets/szp4hfdymy/1,
260,2018-03_Stagnation,915,32.7,115.6,99.9,Water-temperature proxy from Tw,Parabolic dish solar cooker,0,https://data.mendeley.com/datasets/szp4hfdymy/1,
261,2018-03_Stagnation,914.95,32.62,115.555,99.905,Water-temperature proxy from Tw,Parabolic dish solar cooker,0,https://data.mendeley.com/datasets/szp4hfdymy/1,
262,2018-03_Stagnation,914.9,32.54,115.51,99.91,Water-temperature proxy from Tw,Parabolic dish solar cooker,0,https://data.mendeley.com/datasets/szp4hfdymy/1,
263,2018-03_Stagnation,914.85,32.46,115.465,99.915,Water-temperature proxy from Tw,Parabolic dish solar cooker,0,https://data.mendeley.com/datasets/szp4hfdymy/1,
264,2018-03_Stagnation,914.8,32.38,115.42,99.92,Water-temperature proxy from Tw,Parabolic dish solar cooker,0,https://data.mendeley.com/datasets/szp4hfdymy/1,
265,2018-03_Stagnation,914.75,32.3,115.375,99.925,Water-temperature proxy from Tw,Parabolic dish solar cooker,0,https://data.mendeley.com/datasets/szp4hfdymy/1,
266,2018-03_Stagnation,914.7,32.22,115.33,99.93,Water-temperature proxy from Tw,Parabolic dish solar cooker,0,https://data.mendeley.com/datasets/szp4hfdymy/1,
267,2018-03_Stagnation,914.65,32.14,115.285,99.935,Water-temperature proxy from Tw,Parabolic dish solar cooker,0,https://data.mendeley.com/datasets/szp4hfdymy/1,
268,2018-03_Stagnation,914.6,32.06,115.24,99.94,Water-temperature proxy from Tw,Parabolic dish solar cooker,0,https://data.mendeley.com/datasets/szp4hfdymy/1,
269,2018-03_Stagnation,914.55,31.98,115.195,99.945,Water-temperature proxy from Tw,Parabolic dish solar cooker,0,https://data.mendeley.com/datasets/szp4hfdymy/1,
270,2018-03_Stagnation,914.5,31.9,115.15,99.95,Water-temperature proxy from Tw,Parabolic dish solar cooker,0,https://data.mendeley.com/datasets/szp4hfdymy/1,
271,2018-03_Stagnation,914.45,31.82,115.105,99.955,Water-temperature proxy from Tw,Parabolic dish solar cooker,0,https://data.mendeley.com/datasets/szp4hfdymy/1,
272,2018-03_Stagnation,914.4,31.74,115.06,99.96,Water-temperature proxy from Tw,Parabolic dish solar cooker,0,https://data.mendeley.com/datasets/szp4hfdymy/1,
273,2018-03_Stagnation,914.35,31.66,115.015,99.965,Water-temperature proxy from Tw,Parabolic dish solar cooker,0,https://data.mendeley.com/datasets/szp4hfdymy/1,
274,2018-03_Stagnation,914.3,31.58,114.97,99.97,Water-temperature proxy from Tw,Parabolic dish solar cooker,0,https://data.mendeley.com/datasets/szp4hfdymy/1,
275,2018-03_Stagnation,914.25,31.5,114.925,99.975,Water-temperature proxy from Tw,Parabolic dish solar cooker,0,https://data.mendeley.com/datasets/szp4hfdymy/1,
276,2018-03_Stagnation,914.2,31.42,114.88,99.98,Water-temperature proxy from Tw,Parabolic dish solar cooker,0,https://data.mendeley.com/datasets/szp4hfdymy/1,
277,2018-03_Stagnation,914.15,31.34,114.835,99.985,Water-temperature proxy from Tw,Parabolic dish solar cooker,0,https://data.mendeley.com/datasets/szp4hfdymy/1,
278,2018-03_Stagnation,914.1,31.26,114.79,99.99,Water-temperature proxy from Tw,Parabolic dish solar cooker,0,https://data.mendeley.com/datasets/szp4hfdymy/1,
279,2018-03_Stagnation,914.05,31.18,114.745,99.995,Water-temperature proxy from Tw,Parabolic dish solar cooker,0,https://data.mendeley.com/datasets/szp4hfdymy/1,
280,2018-03_Stagnation,914,31.1,114.7,100,Water-temperature proxy from Tw,Parabolic dish solar cooker,0,https://data.mendeley.com/datasets/szp4hfdymy/1,
281,2018-03_Stagnation,908.8,31.09,114.57,99.915,Water-temperature proxy from Tw,Parabolic dish solar cooker,0,https://data.mendeley.com/datasets/szp4hfdymy/1,
282,2018-03_Stagnation,903.6,31.08,114.44,99.83,Water-temperature proxy from Tw,Parabolic dish solar cooker,0,https://data.mendeley.com/datasets/szp4hfdymy/1,
283,2018-03_Stagnation,898.4,31.07,114.31,99.745,Water-temperature proxy from Tw,Parabolic dish solar cooker,0,https://data.mendeley.com/datasets/szp4hfdymy/1,
284,2018-03_Stagnation,893.2,31.06,114.18,99.66,Water-temperature proxy from Tw,Parabolic dish solar cooker,0,https://data.mendeley.com/datasets/szp4hfdymy/1,
285,2018-03_Stagnation,888,31.05,114.05,99.575,Water-temperature proxy from Tw,Parabolic dish solar cooker,0,https://data.mendeley.com/datasets/szp4hfdymy/1,
286,2018-03_Stagnation,882.8,31.04,113.92,99.49,Water-temperature proxy from Tw,Parabolic dish solar cooker,0,https://data.mendeley.com/datasets/szp4hfdymy/1,
287,2018-03_Stagnation,877.6,31.03,113.79,99.405,Water-temperature proxy from Tw,Parabolic dish solar cooker,0,https://data.mendeley.com/datasets/szp4hfdymy/1,
288,2018-03_Stagnation,872.4,31.02,113.66,99.32,Water-temperature proxy from Tw,Parabolic dish solar cooker,0,https://data.mendeley.com/datasets/szp4hfdymy/1,
289,2018-03_Stagnation,867.2,31.01,113.53,99.235,Water-temperature proxy from Tw,Parabolic dish solar cooker,0,https://data.mendeley.com/datasets/szp4hfdymy/1,
290,2018-03_Stagnation,862,31,113.4,99.15,Water-temperature proxy from Tw,Parabolic dish solar cooker,0,https://data.mendeley.com/datasets/szp4hfdymy/1,
291,2018-03_Stagnation,856.8,30.99,113.27,99.065,Water-temperature proxy from Tw,Parabolic dish solar cooker,0,https://data.mendeley.com/datasets/szp4hfdymy/1,
292,2018-03_Stagnation,851.6,30.98,113.14,98.98,Water-temperature proxy from Tw,Parabolic dish solar cooker,0,https://data.mendeley.com/datasets/szp4hfdymy/1,
293,2018-03_Stagnation,846.4,30.97,113.01,98.895,Water-temperature proxy from Tw,Parabolic dish solar cooker,0,https://data.mendeley.com/datasets/szp4hfdymy/1,
294,2018-03_Stagnation,841.2,30.96,112.88,98.81,Water-temperature proxy from Tw,Parabolic dish solar cooker,0,https://data.mendeley.com/datasets/szp4hfdymy/1,
295,2018-03_Stagnation,836,30.95,112.75,98.725,Water-temperature proxy from Tw,Parabolic dish solar cooker,0,https://data.mendeley.com/datasets/szp4hfdymy/1,
296,2018-03_Stagnation,830.8,30.94,112.62,98.64,Water-temperature proxy from Tw,Parabolic dish solar cooker,0,https://data.mendeley.com/datasets/szp4hfdymy/1,
297,2018-03_Stagnation,825.6,30.93,112.49,98.555,Water-temperature proxy from Tw,Parabolic dish solar cooker,0,https://data.mendeley.com/datasets/szp4hfdymy/1,
298,2018-03_Stagnation,820.4,30.92,112.36,98.47,Water-temperature proxy from Tw,Parabolic dish solar cooker,0,https://data.mendeley.com/datasets/szp4hfdymy/1,
299,2018-03_Stagnation,815.2,30.91,112.23,98.385,Water-temperature proxy from Tw,Parabolic dish solar cooker,0,https://data.mendeley.com/datasets/szp4hfdymy/1,
300,2018-03_Stagnation,810,30.9,112.1,98.3,Water-temperature proxy from Tw,Parabolic dish solar cooker,0,https://data.mendeley.com/datasets/szp4hfdymy/1,
301,2018-03_Stagnation,808.3,30.735,111.99,98.25,Water-temperature proxy from Tw,Parabolic dish solar cooker,0,https://data.mendeley.com/datasets/szp4hfdymy/1,
302,2018-03_Stagnation,806.6,30.57,111.88,98.2,Water-temperature proxy from Tw,Parabolic dish solar cooker,0,https://data.mendeley.com/datasets/szp4hfdymy/1,
303,2018-03_Stagnation,804.9,30.405,111.77,98.15,Water-temperature proxy from Tw,Parabolic dish solar cooker,0,https://data.mendeley.com/datasets/szp4hfdymy/1,
304,2018-03_Stagnation,803.2,30.24,111.66,98.1,Water-temperature proxy from Tw,Parabolic dish solar cooker,0,https://data.mendeley.com/datasets/szp4hfdymy/1,
305,2018-03_Stagnation,801.5,30.075,111.55,98.05,Water-temperature proxy from Tw,Parabolic dish solar cooker,0,https://data.mendeley.com/datasets/szp4hfdymy/1,
306,2018-03_Stagnation,799.8,29.91,111.44,98,Water-temperature proxy from Tw,Parabolic dish solar cooker,0,https://data.mendeley.com/datasets/szp4hfdymy/1,
307,2018-03_Stagnation,798.1,29.745,111.33,97.95,Water-temperature proxy from Tw,Parabolic dish solar cooker,0,https://data.mendeley.com/datasets/szp4hfdymy/1,
308,2018-03_Stagnation,796.4,29.58,111.22,97.9,Water-temperature proxy from Tw,Parabolic dish solar cooker,0,https://data.mendeley.com/datasets/szp4hfdymy/1,
309,2018-03_Stagnation,794.7,29.415,111.11,97.85,Water-temperature proxy from Tw,Parabolic dish solar cooker,0,https://data.mendeley.com/datasets/szp4hfdymy/1,
310,2018-03_Stagnation,793,29.25,111,97.8,Water-temperature proxy from Tw,Parabolic dish solar cooker,0,https://data.mendeley.com/datasets/szp4hfdymy/1,
311,2018-03_Stagnation,791.3,29.085,110.89,97.75,Water-temperature proxy from Tw,Parabolic dish solar cooker,0,https://data.mendeley.com/datasets/szp4hfdymy/1,
312,2018-03_Stagnation,789.6,28.92,110.78,97.7,Water-temperature proxy from Tw,Parabolic dish solar cooker,0,https://data.mendeley.com/datasets/szp4hfdymy/1,
313,2018-03_Stagnation,787.9,28.755,110.67,97.65,Water-temperature proxy from Tw,Parabolic dish solar cooker,0,https://data.mendeley.com/datasets/szp4hfdymy/1,
314,2018-03_Stagnation,786.2,28.59,110.56,97.6,Water-temperature proxy from Tw,Parabolic dish solar cooker,0,https://data.mendeley.com/datasets/szp4hfdymy/1,
315,2018-03_Stagnation,784.5,28.425,110.45,97.55,Water-temperature proxy from Tw,Parabolic dish solar cooker,0,https://data.mendeley.com/datasets/szp4hfdymy/1,
316,2018-03_Stagnation,782.8,28.26,110.34,97.5,Water-temperature proxy from Tw,Parabolic dish solar cooker,0,https://data.mendeley.com/datasets/szp4hfdymy/1,
317,2018-03_Stagnation,781.1,28.095,110.23,97.45,Water-temperature proxy from Tw,Parabolic dish solar cooker,0,https://data.mendeley.com/datasets/szp4hfdymy/1,
318,2018-03_Stagnation,779.4,27.93,110.12,97.4,Water-temperature proxy from Tw,Parabolic dish solar cooker,0,https://data.mendeley.com/datasets/szp4hfdymy/1,
319,2018-03_Stagnation,777.7,27.765,110.01,97.35,Water-temperature proxy from Tw,Parabolic dish solar cooker,0,https://data.mendeley.com/datasets/szp4hfdymy/1,
320,2018-03_Stagnation,776,27.6,109.9,97.3,Water-temperature proxy from Tw,Parabolic dish solar cooker,0,https://data.mendeley.com/datasets/szp4hfdymy/1,
321,2018-03_Stagnation,771,27.675,109.775,97.005,Water-temperature proxy from Tw,Parabolic dish solar cooker,0,https://data.mendeley.com/datasets/szp4hfdymy/1,
322,2018-03_Stagnation,766,27.75,109.65,96.71,Water-temperature proxy from Tw,Parabolic dish solar cooker,0,https://data.mendeley.com/datasets/szp4hfdymy/1,
323,2018-03_Stagnation,761,27.825,109.525,96.415,Water-temperature proxy from Tw,Parabolic dish solar cooker,0,https://data.mendeley.com/datasets/szp4hfdymy/1,
324,2018-03_Stagnation,756,27.9,109.4,96.12,Water-temperature proxy from Tw,Parabolic dish solar cooker,0,https://data.mendeley.com/datasets/szp4hfdymy/1,
325,2018-03_Stagnation,751,27.975,109.275,95.825,Water-temperature proxy from Tw,Parabolic dish solar cooker,0,https://data.mendeley.com/datasets/szp4hfdymy/1,
326,2018-03_Stagnation,746,28.05,109.15,95.53,Water-temperature proxy from Tw,Parabolic dish solar cooker,0,https://data.mendeley.com/datasets/szp4hfdymy/1,
327,2018-03_Stagnation,741,28.125,109.025,95.235,Water-temperature proxy from Tw,Parabolic dish solar cooker,0,https://data.mendeley.com/datasets/szp4hfdymy/1,
328,2018-03_Stagnation,736,28.2,108.9,94.94,Water-temperature proxy from Tw,Parabolic dish solar cooker,0,https://data.mendeley.com/datasets/szp4hfdymy/1,
329,2018-03_Stagnation,731,28.275,108.775,94.645,Water-temperature proxy from Tw,Parabolic dish solar cooker,0,https://data.mendeley.com/datasets/szp4hfdymy/1,
330,2018-03_Stagnation,726,28.35,108.65,94.35,Water-temperature proxy from Tw,Parabolic dish solar cooker,0,https://data.mendeley.com/datasets/szp4hfdymy/1,
331,2018-03_Stagnation,721,28.425,108.525,94.055,Water-temperature proxy from Tw,Parabolic dish solar cooker,0,https://data.mendeley.com/datasets/szp4hfdymy/1,
332,2018-03_Stagnation,716,28.5,108.4,93.76,Water-temperature proxy from Tw,Parabolic dish solar cooker,0,https://data.mendeley.com/datasets/szp4hfdymy/1,
333,2018-03_Stagnation,711,28.575,108.275,93.465,Water-temperature proxy from Tw,Parabolic dish solar cooker,0,https://data.mendeley.com/datasets/szp4hfdymy/1,
334,2018-03_Stagnation,706,28.65,108.15,93.17,Water-temperature proxy from Tw,Parabolic dish solar cooker,0,https://data.mendeley.com/datasets/szp4hfdymy/1,
335,2018-03_Stagnation,701,28.725,108.025,92.875,Water-temperature proxy from Tw,Parabolic dish solar cooker,0,https://data.mendeley.com/datasets/szp4hfdymy/1,
336,2018-03_Stagnation,696,28.8,107.9,92.58,Water-temperature proxy from Tw,Parabolic dish solar cooker,0,https://data.mendeley.com/datasets/szp4hfdymy/1,
337,2018-03_Stagnation,691,28.875,107.775,92.285,Water-temperature proxy from Tw,Parabolic dish solar cooker,0,https://data.mendeley.com/datasets/szp4hfdymy/1,
338,2018-03_Stagnation,686,28.95,107.65,91.99,Water-temperature proxy from Tw,Parabolic dish solar cooker,0,https://data.mendeley.com/datasets/szp4hfdymy/1,
339,2018-03_Stagnation,681,29.025,107.525,91.695,Water-temperature proxy from Tw,Parabolic dish solar cooker,0,https://data.mendeley.com/datasets/szp4hfdymy/1,
340,2018-03_Stagnation,676,29.1,107.4,91.4,Water-temperature proxy from Tw,Parabolic dish solar cooker,0,https://data.mendeley.com/datasets/szp4hfdymy/1,
341,2018-03_Stagnation,670.2,29.13,107.185,91.13,Water-temperature proxy from Tw,Parabolic dish solar cooker,0,https://data.mendeley.com/datasets/szp4hfdymy/1,
342,2018-03_Stagnation,664.4,29.16,106.97,90.86,Water-temperature proxy from Tw,Parabolic dish solar cooker,0,https://data.mendeley.com/datasets/szp4hfdymy/1,
343,2018-03_Stagnation,658.6,29.19,106.755,90.59,Water-temperature proxy from Tw,Parabolic dish solar cooker,0,https://data.mendeley.com/datasets/szp4hfdymy/1,
344,2018-03_Stagnation,652.8,29.22,106.54,90.32,Water-temperature proxy from Tw,Parabolic dish solar cooker,0,https://data.mendeley.com/datasets/szp4hfdymy/1,
345,2018-03_Stagnation,647,29.25,106.325,90.05,Water-temperature proxy from Tw,Parabolic dish solar cooker,0,https://data.mendeley.com/datasets/szp4hfdymy/1,
346,2018-03_Stagnation,641.2,29.28,106.11,89.78,Water-temperature proxy from Tw,Parabolic dish solar cooker,0,https://data.mendeley.com/datasets/szp4hfdymy/1,
347,2018-03_Stagnation,635.4,29.31,105.895,89.51,Water-temperature proxy from Tw,Parabolic dish solar cooker,0,https://data.mendeley.com/datasets/szp4hfdymy/1,
348,2018-03_Stagnation,629.6,29.34,105.68,89.24,Water-temperature proxy from Tw,Parabolic dish solar cooker,0,https://data.mendeley.com/datasets/szp4hfdymy/1,
349,2018-03_Stagnation,623.8,29.37,105.465,88.97,Water-temperature proxy from Tw,Parabolic dish solar cooker,0,https://data.mendeley.com/datasets/szp4hfdymy/1,
350,2018-03_Stagnation,618,29.4,105.25,88.7,Water-temperature proxy from Tw,Parabolic dish solar cooker,0,https://data.mendeley.com/datasets/szp4hfdymy/1,
351,2018-03_Stagnation,612.2,29.43,105.035,88.43,Water-temperature proxy from Tw,Parabolic dish solar cooker,0,https://data.mendeley.com/datasets/szp4hfdymy/1,
352,2018-03_Stagnation,606.4,29.46,104.82,88.16,Water-temperature proxy from Tw,Parabolic dish solar cooker,0,https://data.mendeley.com/datasets/szp4hfdymy/1,
353,2018-03_Stagnation,600.6,29.49,104.605,87.89,Water-temperature proxy from Tw,Parabolic dish solar cooker,0,https://data.mendeley.com/datasets/szp4hfdymy/1,
354,2018-03_Stagnation,594.8,29.52,104.39,87.62,Water-temperature proxy from Tw,Parabolic dish solar cooker,0,https://data.mendeley.com/datasets/szp4hfdymy/1,
355,2018-03_Stagnation,589,29.55,104.175,87.35,Water-temperature proxy from Tw,Parabolic dish solar cooker,0,https://data.mendeley.com/datasets/szp4hfdymy/1,
356,2018-03_Stagnation,583.2,29.58,103.96,87.08,Water-temperature proxy from Tw,Parabolic dish solar cooker,0,https://data.mendeley.com/datasets/szp4hfdymy/1,
357,2018-03_Stagnation,577.4,29.61,103.745,86.81,Water-temperature proxy from Tw,Parabolic dish solar cooker,0,https://data.mendeley.com/datasets/szp4hfdymy/1,
358,2018-03_Stagnation,571.6,29.64,103.53,86.54,Water-temperature proxy from Tw,Parabolic dish solar cooker,0,https://data.mendeley.com/datasets/szp4hfdymy/1,
359,2018-03_Stagnation,565.8,29.67,103.315,86.27,Water-temperature proxy from Tw,Parabolic dish solar cooker,0,https://data.mendeley.com/datasets/szp4hfdymy/1,
360,2018-03_Stagnation,560,29.7,103.1,86,Water-temperature proxy from Tw,Parabolic dish solar cooker,0,https://data.mendeley.com/datasets/szp4hfdymy/1,
361,2018-03_Stagnation,554.45,29.705,102.5,86.09,Water-temperature proxy from Tw,Parabolic dish solar cooker,0,https://data.mendeley.com/datasets/szp4hfdymy/1,
362,2018-03_Stagnation,548.9,29.71,101.9,86.18,Water-temperature proxy from Tw,Parabolic dish solar cooker,0,https://data.mendeley.com/datasets/szp4hfdymy/1,
363,2018-03_Stagnation,543.35,29.715,101.3,86.27,Water-temperature proxy from Tw,Parabolic dish solar cooker,0,https://data.mendeley.com/datasets/szp4hfdymy/1,
364,2018-03_Stagnation,537.8,29.72,100.7,86.36,Water-temperature proxy from Tw,Parabolic dish solar cooker,0,https://data.mendeley.com/datasets/szp4hfdymy/1,
365,2018-03_Stagnation,532.25,29.725,100.1,86.45,Water-temperature proxy from Tw,Parabolic dish solar cooker,0,https://data.mendeley.com/datasets/szp4hfdymy/1,
366,2018-03_Stagnation,526.7,29.73,99.5,86.54,Water-temperature proxy from Tw,Parabolic dish solar cooker,0,https://data.mendeley.com/datasets/szp4hfdymy/1,
367,2018-03_Stagnation,521.15,29.735,98.9,86.63,Water-temperature proxy from Tw,Parabolic dish solar cooker,0,https://data.mendeley.com/datasets/szp4hfdymy/1,
368,2018-03_Stagnation,515.6,29.74,98.3,86.72,Water-temperature proxy from Tw,Parabolic dish solar cooker,0,https://data.mendeley.com/datasets/szp4hfdymy/1,
369,2018-03_Stagnation,510.05,29.745,97.7,86.81,Water-temperature proxy from Tw,Parabolic dish solar cooker,0,https://data.mendeley.com/datasets/szp4hfdymy/1,
370,2018-03_Stagnation,504.5,29.75,97.1,86.9,Water-temperature proxy from Tw,Parabolic dish solar cooker,0,https://data.mendeley.com/datasets/szp4hfdymy/1,
371,2018-03_Stagnation,498.95,29.755,96.5,86.99,Water-temperature proxy from Tw,Parabolic dish solar cooker,0,https://data.mendeley.com/datasets/szp4hfdymy/1,
372,2018-03_Stagnation,493.4,29.76,95.9,87.08,Water-temperature proxy from Tw,Parabolic dish solar cooker,0,https://data.mendeley.com/datasets/szp4hfdymy/1,
373,2018-03_Stagnation,487.85,29.765,95.3,87.17,Water-temperature proxy from Tw,Parabolic dish solar cooker,0,https://data.mendeley.com/datasets/szp4hfdymy/1,
374,2018-03_Stagnation,482.3,29.77,94.7,87.26,Water-temperature proxy from Tw,Parabolic dish solar cooker,0,https://data.mendeley.com/datasets/szp4hfdymy/1,
375,2018-03_Stagnation,476.75,29.775,94.1,87.35,Water-temperature proxy from Tw,Parabolic dish solar cooker,0,https://data.mendeley.com/datasets/szp4hfdymy/1,
376,2018-03_Stagnation,471.2,29.78,93.5,87.44,Water-temperature proxy from Tw,Parabolic dish solar cooker,0,https://data.mendeley.com/datasets/szp4hfdymy/1,
377,2018-03_Stagnation,465.65,29.785,92.9,87.53,Water-temperature proxy from Tw,Parabolic dish solar cooker,0,https://data.mendeley.com/datasets/szp4hfdymy/1,
378,2018-03_Stagnation,460.1,29.79,92.3,87.62,Water-temperature proxy from Tw,Parabolic dish solar cooker,0,https://data.mendeley.com/datasets/szp4hfdymy/1,
379,2018-03_Stagnation,454.55,29.795,91.7,87.71,Water-temperature proxy from Tw,Parabolic dish solar cooker,0,https://data.mendeley.com/datasets/szp4hfdymy/1,
380,2018-03_Stagnation,449,29.8,91.1,87.8,Water-temperature proxy from Tw,Parabolic dish solar cooker,0,https://data.mendeley.com/datasets/szp4hfdymy/1,
381,2018-03_Stagnation,443.05,29.765,90.665,87.56,Water-temperature proxy from Tw,Parabolic dish solar cooker,0,https://data.mendeley.com/datasets/szp4hfdymy/1,
382,2018-03_Stagnation,437.1,29.73,90.23,87.32,Water-temperature proxy from Tw,Parabolic dish solar cooker,0,https://data.mendeley.com/datasets/szp4hfdymy/1,
383,2018-03_Stagnation,431.15,29.695,89.795,87.08,Water-temperature proxy from Tw,Parabolic dish solar cooker,0,https://data.mendeley.com/datasets/szp4hfdymy/1,
384,2018-03_Stagnation,425.2,29.66,89.36,86.84,Water-temperature proxy from Tw,Parabolic dish solar cooker,0,https://data.mendeley.com/datasets/szp4hfdymy/1,
385,2018-03_Stagnation,419.25,29.625,88.925,86.6,Water-temperature proxy from Tw,Parabolic dish solar cooker,0,https://data.mendeley.com/datasets/szp4hfdymy/1,
386,2018-03_Stagnation,413.3,29.59,88.49,86.36,Water-temperature proxy from Tw,Parabolic dish solar cooker,0,https://data.mendeley.com/datasets/szp4hfdymy/1,
387,2018-03_Stagnation,407.35,29.555,88.055,86.12,Water-temperature proxy from Tw,Parabolic dish solar cooker,0,https://data.mendeley.com/datasets/szp4hfdymy/1,
388,2018-03_Stagnation,401.4,29.52,87.62,85.88,Water-temperature proxy from Tw,Parabolic dish solar cooker,0,https://data.mendeley.com/datasets/szp4hfdymy/1,
389,2018-03_Stagnation,395.45,29.485,87.185,85.64,Water-temperature proxy from Tw,Parabolic dish solar cooker,0,https://data.mendeley.com/datasets/szp4hfdymy/1,
390,2018-03_Stagnation,389.5,29.45,86.75,85.4,Water-temperature proxy from Tw,Parabolic dish solar cooker,0,https://data.mendeley.com/datasets/szp4hfdymy/1,
391,2018-03_Stagnation,383.55,29.415,86.315,85.16,Water-temperature proxy from Tw,Parabolic dish solar cooker,0,https://data.mendeley.com/datasets/szp4hfdymy/1,
392,2018-03_Stagnation,377.6,29.38,85.88,84.92,Water-temperature proxy from Tw,Parabolic dish solar cooker,0,https://data.mendeley.com/datasets/szp4hfdymy/1,
393,2018-03_Stagnation,371.65,29.345,85.445,84.68,Water-temperature proxy from Tw,Parabolic dish solar cooker,0,https://data.mendeley.com/datasets/szp4hfdymy/1,
394,2018-03_Stagnation,365.7,29.31,85.01,84.44,Water-temperature proxy from Tw,Parabolic dish solar cooker,0,https://data.mendeley.com/datasets/szp4hfdymy/1,
395,2018-03_Stagnation,359.75,29.275,84.575,84.2,Water-temperature proxy from Tw,Parabolic dish solar cooker,0,https://data.mendeley.com/datasets/szp4hfdymy/1,
396,2018-03_Stagnation,353.8,29.24,84.14,83.96,Water-temperature proxy from Tw,Parabolic dish solar cooker,0,https://data.mendeley.com/datasets/szp4hfdymy/1,
397,2018-03_Stagnation,347.85,29.205,83.705,83.72,Water-temperature proxy from Tw,Parabolic dish solar cooker,0,https://data.mendeley.com/datasets/szp4hfdymy/1,
398,2018-03_Stagnation,341.9,29.17,83.27,83.48,Water-temperature proxy from Tw,Parabolic dish solar cooker,0,https://data.mendeley.com/datasets/szp4hfdymy/1,
399,2018-03_Stagnation,335.95,29.135,82.835,83.24,Water-temperature proxy from Tw,Parabolic dish solar cooker,0,https://data.mendeley.com/datasets/szp4hfdymy/1,
400,2018-03_Stagnation,330,29.1,82.4,83,Water-temperature proxy from Tw,Parabolic dish solar cooker,0,https://data.mendeley.com/datasets/szp4hfdymy/1,
401,2018-03_Stagnation,328,29.08,81.82,82.845,Water-temperature proxy from Tw,Parabolic dish solar cooker,0,https://data.mendeley.com/datasets/szp4hfdymy/1,
402,2018-03_Stagnation,326,29.06,81.24,82.69,Water-temperature proxy from Tw,Parabolic dish solar cooker,0,https://data.mendeley.com/datasets/szp4hfdymy/1,
403,2018-03_Stagnation,324,29.04,80.66,82.535,Water-temperature proxy from Tw,Parabolic dish solar cooker,0,https://data.mendeley.com/datasets/szp4hfdymy/1,
404,2018-03_Stagnation,322,29.02,80.08,82.38,Water-temperature proxy from Tw,Parabolic dish solar cooker,0,https://data.mendeley.com/datasets/szp4hfdymy/1,
405,2018-03_Stagnation,320,29,79.5,82.225,Water-temperature proxy from Tw,Parabolic dish solar cooker,0,https://data.mendeley.com/datasets/szp4hfdymy/1,
406,2018-03_Stagnation,318,28.98,78.92,82.07,Water-temperature proxy from Tw,Parabolic dish solar cooker,0,https://data.mendeley.com/datasets/szp4hfdymy/1,
407,2018-03_Stagnation,316,28.96,78.34,81.915,Water-temperature proxy from Tw,Parabolic dish solar cooker,0,https://data.mendeley.com/datasets/szp4hfdymy/1,
408,2018-03_Stagnation,314,28.94,77.76,81.76,Water-temperature proxy from Tw,Parabolic dish solar cooker,0,https://data.mendeley.com/datasets/szp4hfdymy/1,
409,2018-03_Stagnation,312,28.92,77.18,81.605,Water-temperature proxy from Tw,Parabolic dish solar cooker,0,https://data.mendeley.com/datasets/szp4hfdymy/1,
410,2018-03_Stagnation,310,28.9,76.6,81.45,Water-temperature proxy from Tw,Parabolic dish solar cooker,0,https://data.mendeley.com/datasets/szp4hfdymy/1,
411,2018-03_Stagnation,308,28.88,76.02,81.295,Water-temperature proxy from Tw,Parabolic dish solar cooker,0,https://data.mendeley.com/datasets/szp4hfdymy/1,
412,2018-03_Stagnation,306,28.86,75.44,81.14,Water-temperature proxy from Tw,Parabolic dish solar cooker,0,https://data.mendeley.com/datasets/szp4hfdymy/1,
413,2018-03_Stagnation,304,28.84,74.86,80.985,Water-temperature proxy from Tw,Parabolic dish solar cooker,0,https://data.mendeley.com/datasets/szp4hfdymy/1,
414,2018-03_Stagnation,302,28.82,74.28,80.83,Water-temperature proxy from Tw,Parabolic dish solar cooker,0,https://data.mendeley.com/datasets/szp4hfdymy/1,
415,2018-03_Stagnation,300,28.8,73.7,80.675,Water-temperature proxy from Tw,Parabolic dish solar cooker,0,https://data.mendeley.com/datasets/szp4hfdymy/1,
416,2018-03_Stagnation,298,28.78,73.12,80.52,Water-temperature proxy from Tw,Parabolic dish solar cooker,0,https://data.mendeley.com/datasets/szp4hfdymy/1,
417,2018-03_Stagnation,296,28.76,72.54,80.365,Water-temperature proxy from Tw,Parabolic dish solar cooker,0,https://data.mendeley.com/datasets/szp4hfdymy/1,
418,2018-03_Stagnation,294,28.74,71.96,80.21,Water-temperature proxy from Tw,Parabolic dish solar cooker,0,https://data.mendeley.com/datasets/szp4hfdymy/1,
419,2018-03_Stagnation,292,28.72,71.38,80.055,Water-temperature proxy from Tw,Parabolic dish solar cooker,0,https://data.mendeley.com/datasets/szp4hfdymy/1,
420,2018-03_Stagnation,290,28.7,70.8,79.9,Water-temperature proxy from Tw,Parabolic dish solar cooker,0,https://data.mendeley.com/datasets/szp4hfdymy/1,
0,2018-04_Stagnation,680,25.4,31.7,30,Chamber air (proxy),Parabolic dish solar cooker,0,https://data.mendeley.com/datasets/szp4hfdymy/1,
1,2018-04_Stagnation,682,25.416,32.23,30.225,Chamber air (proxy),Parabolic dish solar cooker,0,https://data.mendeley.com/datasets/szp4hfdymy/1,
2,2018-04_Stagnation,684,25.432,32.76,30.45,Chamber air (proxy),Parabolic dish solar cooker,0,https://data.mendeley.com/datasets/szp4hfdymy/1,
3,2018-04_Stagnation,686,25.448,33.29,30.675,Chamber air (proxy),Parabolic dish solar cooker,0,https://data.mendeley.com/datasets/szp4hfdymy/1,
4,2018-04_Stagnation,688,25.464,33.82,30.9,Chamber air (proxy),Parabolic dish solar cooker,0,https://data.mendeley.com/datasets/szp4hfdymy/1,
5,2018-04_Stagnation,690,25.48,34.35,31.125,Chamber air (proxy),Parabolic dish solar cooker,0,https://data.mendeley.com/datasets/szp4hfdymy/1,
6,2018-04_Stagnation,692,25.496,34.88,31.35,Chamber air (proxy),Parabolic dish solar cooker,0,https://data.mendeley.com/datasets/szp4hfdymy/1,
7,2018-04_Stagnation,694,25.512,35.41,31.575,Chamber air (proxy),Parabolic dish solar cooker,0,https://data.mendeley.com/datasets/szp4hfdymy/1,
8,2018-04_Stagnation,696,25.528,35.94,31.8,Chamber air (proxy),Parabolic dish solar cooker,0,https://data.mendeley.com/datasets/szp4hfdymy/1,
9,2018-04_Stagnation,698,25.544,36.47,32.025,Chamber air (proxy),Parabolic dish solar cooker,0,https://data.mendeley.com/datasets/szp4hfdymy/1,
10,2018-04_Stagnation,700,25.56,37,32.25,Chamber air (proxy),Parabolic dish solar cooker,0,https://data.mendeley.com/datasets/szp4hfdymy/1,
11,2018-04_Stagnation,702,25.576,37.53,32.475,Chamber air (proxy),Parabolic dish solar cooker,0,https://data.mendeley.com/datasets/szp4hfdymy/1,
12,2018-04_Stagnation,704,25.592,38.06,32.7,Chamber air (proxy),Parabolic dish solar cooker,0,https://data.mendeley.com/datasets/szp4hfdymy/1,
13,2018-04_Stagnation,706,25.608,38.59,32.925,Chamber air (proxy),Parabolic dish solar cooker,0,https://data.mendeley.com/datasets/szp4hfdymy/1,
14,2018-04_Stagnation,708,25.624,39.12,33.15,Chamber air (proxy),Parabolic dish solar cooker,0,https://data.mendeley.com/datasets/szp4hfdymy/1,
15,2018-04_Stagnation,710,25.64,39.65,33.375,Chamber air (proxy),Parabolic dish solar cooker,0,https://data.mendeley.com/datasets/szp4hfdymy/1,
16,2018-04_Stagnation,712,25.656,40.18,33.6,Chamber air (proxy),Parabolic dish solar cooker,0,https://data.mendeley.com/datasets/szp4hfdymy/1,
17,2018-04_Stagnation,714,25.672,40.71,33.825,Chamber air (proxy),Parabolic dish solar cooker,0,https://data.mendeley.com/datasets/szp4hfdymy/1,
18,2018-04_Stagnation,716,25.688,41.24,34.05,Chamber air (proxy),Parabolic dish solar cooker,0,https://data.mendeley.com/datasets/szp4hfdymy/1,
19,2018-04_Stagnation,718,25.704,41.77,34.275,Chamber air (proxy),Parabolic dish solar cooker,0,https://data.mendeley.com/datasets/szp4hfdymy/1,
20,2018-04_Stagnation,720,25.72,42.3,34.5,Chamber air (proxy),Parabolic dish solar cooker,0,https://data.mendeley.com/datasets/szp4hfdymy/1,
21,2018-04_Stagnation,720.5,25.869,42.88,35.218,Chamber air (proxy),Parabolic dish solar cooker,0,https://data.mendeley.com/datasets/szp4hfdymy/1,
22,2018-04_Stagnation,721,26.018,43.46,35.936,Chamber air (proxy),Parabolic dish solar cooker,0,https://data.mendeley.com/datasets/szp4hfdymy/1,
23,2018-04_Stagnation,721.5,26.167,44.04,36.654,Chamber air (proxy),Parabolic dish solar cooker,0,https://data.mendeley.com/datasets/szp4hfdymy/1,
24,2018-04_Stagnation,722,26.316,44.62,37.372,Chamber air (proxy),Parabolic dish solar cooker,0,https://data.mendeley.com/datasets/szp4hfdymy/1,
25,2018-04_Stagnation,722.5,26.465,45.2,38.09,Chamber air (proxy),Parabolic dish solar cooker,0,https://data.mendeley.com/datasets/szp4hfdymy/1,
26,2018-04_Stagnation,723,26.614,45.78,38.808,Chamber air (proxy),Parabolic dish solar cooker,0,https://data.mendeley.com/datasets/szp4hfdymy/1,
27,2018-04_Stagnation,723.5,26.763,46.36,39.526,Chamber air (proxy),Parabolic dish solar cooker,0,https://data.mendeley.com/datasets/szp4hfdymy/1,
28,2018-04_Stagnation,724,26.912,46.94,40.244,Chamber air (proxy),Parabolic dish solar cooker,0,https://data.mendeley.com/datasets/szp4hfdymy/1,
29,2018-04_Stagnation,724.5,27.061,47.52,40.962,Chamber air (proxy),Parabolic dish solar cooker,0,https://data.mendeley.com/datasets/szp4hfdymy/1,
30,2018-04_Stagnation,725,27.21,48.1,41.68,Chamber air (proxy),Parabolic dish solar cooker,0,https://data.mendeley.com/datasets/szp4hfdymy/1,
31,2018-04_Stagnation,725.5,27.359,48.68,42.398,Chamber air (proxy),Parabolic dish solar cooker,0,https://data.mendeley.com/datasets/szp4hfdymy/1,
32,2018-04_Stagnation,726,27.508,49.26,43.116,Chamber air (proxy),Parabolic dish solar cooker,0,https://data.mendeley.com/datasets/szp4hfdymy/1,
33,2018-04_Stagnation,726.5,27.657,49.84,43.834,Chamber air (proxy),Parabolic dish solar cooker,0,https://data.mendeley.com/datasets/szp4hfdymy/1,
34,2018-04_Stagnation,727,27.806,50.42,44.552,Chamber air (proxy),Parabolic dish solar cooker,0,https://data.mendeley.com/datasets/szp4hfdymy/1,
35,2018-04_Stagnation,727.5,27.955,51,45.27,Chamber air (proxy),Parabolic dish solar cooker,0,https://data.mendeley.com/datasets/szp4hfdymy/1,
36,2018-04_Stagnation,728,28.104,51.58,45.988,Chamber air (proxy),Parabolic dish solar cooker,0,https://data.mendeley.com/datasets/szp4hfdymy/1,
37,2018-04_Stagnation,728.5,28.253,52.16,46.706,Chamber air (proxy),Parabolic dish solar cooker,0,https://data.mendeley.com/datasets/szp4hfdymy/1,
38,2018-04_Stagnation,729,28.402,52.74,47.424,Chamber air (proxy),Parabolic dish solar cooker,0,https://data.mendeley.com/datasets/szp4hfdymy/1,
39,2018-04_Stagnation,729.5,28.551,53.32,48.142,Chamber air (proxy),Parabolic dish solar cooker,0,https://data.mendeley.com/datasets/szp4hfdymy/1,
40,2018-04_Stagnation,730,28.7,53.9,48.86,Chamber air (proxy),Parabolic dish solar cooker,0,https://data.mendeley.com/datasets/szp4hfdymy/1,
41,2018-04_Stagnation,731.6,28.576,54.255,49.305,Chamber air (proxy),Parabolic dish solar cooker,0,https://data.mendeley.com/datasets/szp4hfdymy/1,
42,2018-04_Stagnation,733.2,28.452,54.61,49.75,Chamber air (proxy),Parabolic dish solar cooker,0,https://data.mendeley.com/datasets/szp4hfdymy/1,
43,2018-04_Stagnation,734.8,28.328,54.965,50.195,Chamber air (proxy),Parabolic dish solar cooker,0,https://data.mendeley.com/datasets/szp4hfdymy/1,
44,2018-04_Stagnation,736.4,28.204,55.32,50.64,Chamber air (proxy),Parabolic dish solar cooker,0,https://data.mendeley.com/datasets/szp4hfdymy/1,
45,2018-04_Stagnation,738,28.08,55.675,51.085,Chamber air (proxy),Parabolic dish solar cooker,0,https://data.mendeley.com/datasets/szp4hfdymy/1,
46,2018-04_Stagnation,739.6,27.956,56.03,51.53,Chamber air (proxy),Parabolic dish solar cooker,0,https://data.mendeley.com/datasets/szp4hfdymy/1,
47,2018-04_Stagnation,741.2,27.832,56.385,51.975,Chamber air (proxy),Parabolic dish solar cooker,0,https://data.mendeley.com/datasets/szp4hfdymy/1,
48,2018-04_Stagnation,742.8,27.708,56.74,52.42,Chamber air (proxy),Parabolic dish solar cooker,0,https://data.mendeley.com/datasets/szp4hfdymy/1,
49,2018-04_Stagnation,744.4,27.584,57.095,52.865,Chamber air (proxy),Parabolic dish solar cooker,0,https://data.mendeley.com/datasets/szp4hfdymy/1,
50,2018-04_Stagnation,746,27.46,57.45,53.31,Chamber air (proxy),Parabolic dish solar cooker,0,https://data.mendeley.com/datasets/szp4hfdymy/1,
51,2018-04_Stagnation,747.6,27.336,57.805,53.755,Chamber air (proxy),Parabolic dish solar cooker,0,https://data.mendeley.com/datasets/szp4hfdymy/1,
52,2018-04_Stagnation,749.2,27.212,58.16,54.2,Chamber air (proxy),Parabolic dish solar cooker,0,https://data.mendeley.com/datasets/szp4hfdymy/1,
53,2018-04_Stagnation,750.8,27.088,58.515,54.645,Chamber air (proxy),Parabolic dish solar cooker,0,https://data.mendeley.com/datasets/szp4hfdymy/1,
54,2018-04_Stagnation,752.4,26.964,58.87,55.09,Chamber air (proxy),Parabolic dish solar cooker,0,https://data.mendeley.com/datasets/szp4hfdymy/1,
55,2018-04_Stagnation,754,26.84,59.225,55.535,Chamber air (proxy),Parabolic dish solar cooker,0,https://data.mendeley.com/datasets/szp4hfdymy/1,
56,2018-04_Stagnation,755.6,26.716,59.58,55.98,Chamber air (proxy),Parabolic dish solar cooker,0,https://data.mendeley.com/datasets/szp4hfdymy/1,
57,2018-04_Stagnation,757.2,26.592,59.935,56.425,Chamber air (proxy),Parabolic dish solar cooker,0,https://data.mendeley.com/datasets/szp4hfdymy/1,
58,2018-04_Stagnation,758.8,26.468,60.29,56.87,Chamber air (proxy),Parabolic dish solar cooker,0,https://data.mendeley.com/datasets/szp4hfdymy/1,
59,2018-04_Stagnation,760.4,26.344,60.645,57.315,Chamber air (proxy),Parabolic dish solar cooker,0,https://data.mendeley.com/datasets/szp4hfdymy/1,
60,2018-04_Stagnation,762,26.22,61,57.76,Chamber air (proxy),Parabolic dish solar cooker,0,https://data.mendeley.com/datasets/szp4hfdymy/1,
61,2018-04_Stagnation,770.2,26.182,61.65,58.3395,Chamber air (proxy),Parabolic dish solar cooker,0,https://data.mendeley.com/datasets/szp4hfdymy/1,
62,2018-04_Stagnation,778.4,26.144,62.3,58.919,Chamber air (proxy),Parabolic dish solar cooker,0,https://data.mendeley.com/datasets/szp4hfdymy/1,
63,2018-04_Stagnation,786.6,26.106,62.95,59.4985,Chamber air (proxy),Parabolic dish solar cooker,0,https://data.mendeley.com/datasets/szp4hfdymy/1,
64,2018-04_Stagnation,794.8,26.068,63.6,60.078,Chamber air (proxy),Parabolic dish solar cooker,0,https://data.mendeley.com/datasets/szp4hfdymy/1,
65,2018-04_Stagnation,803,26.03,64.25,60.6575,Chamber air (proxy),Parabolic dish solar cooker,0,https://data.mendeley.com/datasets/szp4hfdymy/1,
66,2018-04_Stagnation,811.2,25.992,64.9,61.237,Chamber air (proxy),Parabolic dish solar cooker,0,https://data.mendeley.com/datasets/szp4hfdymy/1,
67,2018-04_Stagnation,819.4,25.954,65.55,61.8165,Chamber air (proxy),Parabolic dish solar cooker,0,https://data.mendeley.com/datasets/szp4hfdymy/1,
68,2018-04_Stagnation,827.6,25.916,66.2,62.396,Chamber air (proxy),Parabolic dish solar cooker,0,https://data.mendeley.com/datasets/szp4hfdymy/1,
69,2018-04_Stagnation,835.8,25.878,66.85,62.9755,Chamber air (proxy),Parabolic dish solar cooker,0,https://data.mendeley.com/datasets/szp4hfdymy/1,
70,2018-04_Stagnation,844,25.84,67.5,63.555,Chamber air (proxy),Parabolic dish solar cooker,0,https://data.mendeley.com/datasets/szp4hfdymy/1,
71,2018-04_Stagnation,852.2,25.802,68.15,64.1345,Chamber air (proxy),Parabolic dish solar cooker,0,https://data.mendeley.com/datasets/szp4hfdymy/1,
72,2018-04_Stagnation,860.4,25.764,68.8,64.714,Chamber air (proxy),Parabolic dish solar cooker,0,https://data.mendeley.com/datasets/szp4hfdymy/1,
73,2018-04_Stagnation,868.6,25.726,69.45,65.2935,Chamber air (proxy),Parabolic dish solar cooker,0,https://data.mendeley.com/datasets/szp4hfdymy/1,
74,2018-04_Stagnation,876.8,25.688,70.1,65.873,Chamber air (proxy),Parabolic dish solar cooker,0,https://data.mendeley.com/datasets/szp4hfdymy/1,
75,2018-04_Stagnation,885,25.65,70.75,66.4525,Chamber air (proxy),Parabolic dish solar cooker,0,https://data.mendeley.com/datasets/szp4hfdymy/1,
76,2018-04_Stagnation,893.2,25.612,71.4,67.032,Chamber air (proxy),Parabolic dish solar cooker,0,https://data.mendeley.com/datasets/szp4hfdymy/1,
77,2018-04_Stagnation,901.4,25.574,72.05,67.6115,Chamber air (proxy),Parabolic dish solar cooker,0,https://data.mendeley.com/datasets/szp4hfdymy/1,
78,2018-04_Stagnation,909.6,25.536,72.7,68.191,Chamber air (proxy),Parabolic dish solar cooker,0,https://data.mendeley.com/datasets/szp4hfdymy/1,
79,2018-04_Stagnation,917.8,25.498,73.35,68.7705,Chamber air (proxy),Parabolic dish solar cooker,0,https://data.mendeley.com/datasets/szp4hfdymy/1,
80,2018-04_Stagnation,926,25.46,74,69.35,Chamber air (proxy),Parabolic dish solar cooker,0,https://data.mendeley.com/datasets/szp4hfdymy/1,
81,2018-04_Stagnation,926.45,25.49,74.18,69.5295,Chamber air (proxy),Parabolic dish solar cooker,0,https://data.mendeley.com/datasets/szp4hfdymy/1,
82,2018-04_Stagnation,926.9,25.52,74.36,69.709,Chamber air (proxy),Parabolic dish solar cooker,0,https://data.mendeley.com/datasets/szp4hfdymy/1,
83,2018-04_Stagnation,927.35,25.55,74.54,69.8885,Chamber air (proxy),Parabolic dish solar cooker,0,https://data.mendeley.com/datasets/szp4hfdymy/1,
84,2018-04_Stagnation,927.8,25.58,74.72,70.068,Chamber air (proxy),Parabolic dish solar cooker,0,https://data.mendeley.com/datasets/szp4hfdymy/1,
85,2018-04_Stagnation,928.25,25.61,74.9,70.2475,Chamber air (proxy),Parabolic dish solar cooker,0,https://data.mendeley.com/datasets/szp4hfdymy/1,
86,2018-04_Stagnation,928.7,25.64,75.08,70.427,Chamber air (proxy),Parabolic dish solar cooker,0,https://data.mendeley.com/datasets/szp4hfdymy/1,
87,2018-04_Stagnation,929.15,25.67,75.26,70.6065,Chamber air (proxy),Parabolic dish solar cooker,0,https://data.mendeley.com/datasets/szp4hfdymy/1,
88,2018-04_Stagnation,929.6,25.7,75.44,70.786,Chamber air (proxy),Parabolic dish solar cooker,0,https://data.mendeley.com/datasets/szp4hfdymy/1,
89,2018-04_Stagnation,930.05,25.73,75.62,70.9655,Chamber air (proxy),Parabolic dish solar cooker,0,https://data.mendeley.com/datasets/szp4hfdymy/1,
90,2018-04_Stagnation,930.5,25.76,75.8,71.145,Chamber air (proxy),Parabolic dish solar cooker,0,https://data.mendeley.com/datasets/szp4hfdymy/1,
91,2018-04_Stagnation,930.95,25.79,75.98,71.3245,Chamber air (proxy),Parabolic dish solar cooker,0,https://data.mendeley.com/datasets/szp4hfdymy/1,
92,2018-04_Stagnation,931.4,25.82,76.16,71.504,Chamber air (proxy),Parabolic dish solar cooker,0,https://data.mendeley.com/datasets/szp4hfdymy/1,
93,2018-04_Stagnation,931.85,25.85,76.34,71.6835,Chamber air (proxy),Parabolic dish solar cooker,0,https://data.mendeley.com/datasets/szp4hfdymy/1,
94,2018-04_Stagnation,932.3,25.88,76.52,71.863,Chamber air (proxy),Parabolic dish solar cooker,0,https://data.mendeley.com/datasets/szp4hfdymy/1,
95,2018-04_Stagnation,932.75,25.91,76.7,72.0425,Chamber air (proxy),Parabolic dish solar cooker,0,https://data.mendeley.com/datasets/szp4hfdymy/1,
96,2018-04_Stagnation,933.2,25.94,76.88,72.222,Chamber air (proxy),Parabolic dish solar cooker,0,https://data.mendeley.com/datasets/szp4hfdymy/1,
97,2018-04_Stagnation,933.65,25.97,77.06,72.4015,Chamber air (proxy),Parabolic dish solar cooker,0,https://data.mendeley.com/datasets/szp4hfdymy/1,
98,2018-04_Stagnation,934.1,26,77.24,72.581,Chamber air (proxy),Parabolic dish solar cooker,0,https://data.mendeley.com/datasets/szp4hfdymy/1,
99,2018-04_Stagnation,934.55,26.03,77.42,72.7605,Chamber air (proxy),Parabolic dish solar cooker,0,https://data.mendeley.com/datasets/szp4hfdymy/1,
100,2018-04_Stagnation,935,26.06,77.6,72.94,Chamber air (proxy),Parabolic dish solar cooker,0,https://data.mendeley.com/datasets/szp4hfdymy/1,
101,2018-04_Stagnation,937.8,26.145,78.245,73.585,Chamber air (proxy),Parabolic dish solar cooker,0,https://data.mendeley.com/datasets/szp4hfdymy/1,
102,2018-04_Stagnation,940.6,26.23,78.89,74.23,Chamber air (proxy),Parabolic dish solar cooker,0,https://data.mendeley.com/datasets/szp4hfdymy/1,
103,2018-04_Stagnation,943.4,26.315,79.535,74.875,Chamber air (proxy),Parabolic dish solar cooker,0,https://data.mendeley.com/datasets/szp4hfdymy/1,
104,2018-04_Stagnation,946.2,26.4,80.18,75.52,Chamber air (proxy),Parabolic dish solar cooker,0,https://data.mendeley.com/datasets/szp4hfdymy/1,
105,2018-04_Stagnation,949,26.485,80.825,76.165,Chamber air (proxy),Parabolic dish solar cooker,0,https://data.mendeley.com/datasets/szp4hfdymy/1,
106,2018-04_Stagnation,951.8,26.57,81.47,76.81,Chamber air (proxy),Parabolic dish solar cooker,0,https://data.mendeley.com/datasets/szp4hfdymy/1,
107,2018-04_Stagnation,954.6,26.655,82.115,77.455,Chamber air (proxy),Parabolic dish solar cooker,0,https://data.mendeley.com/datasets/szp4hfdymy/1,
108,2018-04_Stagnation,957.4,26.74,82.76,78.1,Chamber air (proxy),Parabolic dish solar cooker,0,https://data.mendeley.com/datasets/szp4hfdymy/1,
109,2018-04_Stagnation,960.2,26.825,83.405,78.745,Chamber air (proxy),Parabolic dish solar cooker,0,https://data.mendeley.com/datasets/szp4hfdymy/1,
110,2018-04_Stagnation,963,26.91,84.05,79.39,Chamber air (proxy),Parabolic dish solar cooker,0,https://data.mendeley.com/datasets/szp4hfdymy/1,
111,2018-04_Stagnation,965.8,26.995,84.695,80.035,Chamber air (proxy),Parabolic dish solar cooker,0,https://data.mendeley.com/datasets/szp4hfdymy/1,
112,2018-04_Stagnation,968.6,27.08,85.34,80.68,Chamber air (proxy),Parabolic dish solar cooker,0,https://data.mendeley.com/datasets/szp4hfdymy/1,
113,2018-04_Stagnation,971.4,27.165,85.985,81.325,Chamber air (proxy),Parabolic dish solar cooker,0,https://data.mendeley.com/datasets/szp4hfdymy/1,
114,2018-04_Stagnation,974.2,27.25,86.63,81.97,Chamber air (proxy),Parabolic dish solar cooker,0,https://data.mendeley.com/datasets/szp4hfdymy/1,
115,2018-04_Stagnation,977,27.335,87.275,82.615,Chamber air (proxy),Parabolic dish solar cooker,0,https://data.mendeley.com/datasets/szp4hfdymy/1,
116,2018-04_Stagnation,979.8,27.42,87.92,83.26,Chamber air (proxy),Parabolic dish solar cooker,0,https://data.mendeley.com/datasets/szp4hfdymy/1,
117,2018-04_Stagnation,982.6,27.505,88.565,83.905,Chamber air (proxy),Parabolic dish solar cooker,0,https://data.mendeley.com/datasets/szp4hfdymy/1,
118,2018-04_Stagnation,985.4,27.59,89.21,84.55,Chamber air (proxy),Parabolic dish solar cooker,0,https://data.mendeley.com/datasets/szp4hfdymy/1,
119,2018-04_Stagnation,988.2,27.675,89.855,85.195,Chamber air (proxy),Parabolic dish solar cooker,0,https://data.mendeley.com/datasets/szp4hfdymy/1,
120,2018-04_Stagnation,991,27.76,90.5,85.84,Chamber air (proxy),Parabolic dish solar cooker,0,https://data.mendeley.com/datasets/szp4hfdymy/1,
121,2018-04_Stagnation,990.65,27.8985,91.48,86.883,Chamber air (proxy),Parabolic dish solar cooker,0,https://data.mendeley.com/datasets/szp4hfdymy/1,
122,2018-04_Stagnation,990.3,28.037,92.46,87.926,Chamber air (proxy),Parabolic dish solar cooker,0,https://data.mendeley.com/datasets/szp4hfdymy/1,
123,2018-04_Stagnation,989.95,28.1755,93.44,88.969,Chamber air (proxy),Parabolic dish solar cooker,0,https://data.mendeley.com/datasets/szp4hfdymy/1,
124,2018-04_Stagnation,989.6,28.314,94.42,90.012,Chamber air (proxy),Parabolic dish solar cooker,0,https://data.mendeley.com/datasets/szp4hfdymy/1,
125,2018-04_Stagnation,989.25,28.4525,95.4,91.055,Chamber air (proxy),Parabolic dish solar cooker,0,https://data.mendeley.com/datasets/szp4hfdymy/1,
126,2018-04_Stagnation,988.9,28.591,96.38,92.098,Chamber air (proxy),Parabolic dish solar cooker,0,https://data.mendeley.com/datasets/szp4hfdymy/1,
127,2018-04_Stagnation,988.55,28.7295,97.36,93.141,Chamber air (proxy),Parabolic dish solar cooker,0,https://data.mendeley.com/datasets/szp4hfdymy/1,
128,2018-04_Stagnation,988.2,28.868,98.34,94.184,Chamber air (proxy),Parabolic dish solar cooker,0,https://data.mendeley.com/datasets/szp4hfdymy/1,
129,2018-04_Stagnation,987.85,29.0065,99.32,95.227,Chamber air (proxy),Parabolic dish solar cooker,0,https://data.mendeley.com/datasets/szp4hfdymy/1,
130,2018-04_Stagnation,987.5,29.145,100.3,96.27,Chamber air (proxy),Parabolic dish solar cooker,0,https://data.mendeley.com/datasets/szp4hfdymy/1,
131,2018-04_Stagnation,987.15,29.2835,101.28,97.313,Chamber air (proxy),Parabolic dish solar cooker,0,https://data.mendeley.com/datasets/szp4hfdymy/1,
132,2018-04_Stagnation,986.8,29.422,102.26,98.356,Chamber air (proxy),Parabolic dish solar cooker,0,https://data.mendeley.com/datasets/szp4hfdymy/1,
133,2018-04_Stagnation,986.45,29.5605,103.24,99.399,Chamber air (proxy),Parabolic dish solar cooker,0,https://data.mendeley.com/datasets/szp4hfdymy/1,
134,2018-04_Stagnation,986.1,29.699,104.22,100.442,Chamber air (proxy),Parabolic dish solar cooker,0,https://data.mendeley.com/datasets/szp4hfdymy/1,
135,2018-04_Stagnation,985.75,29.8375,105.2,101.485,Chamber air (proxy),Parabolic dish solar cooker,0,https://data.mendeley.com/datasets/szp4hfdymy/1,
136,2018-04_Stagnation,985.4,29.976,106.18,102.528,Chamber air (proxy),Parabolic dish solar cooker,0,https://data.mendeley.com/datasets/szp4hfdymy/1,
137,2018-04_Stagnation,985.05,30.1145,107.16,103.571,Chamber air (proxy),Parabolic dish solar cooker,0,https://data.mendeley.com/datasets/szp4hfdymy/1,
138,2018-04_Stagnation,984.7,30.253,108.14,104.614,Chamber air (proxy),Parabolic dish solar cooker,0,https://data.mendeley.com/datasets/szp4hfdymy/1,
139,2018-04_Stagnation,984.35,30.3915,109.12,105.657,Chamber air (proxy),Parabolic dish solar cooker,0,https://data.mendeley.com/datasets/szp4hfdymy/1,
140,2018-04_Stagnation,984,30.53,110.1,106.7,Chamber air (proxy),Parabolic dish solar cooker,0,https://data.mendeley.com/datasets/szp4hfdymy/1,
141,2018-04_Stagnation,984,30.7535,110.515,106.81,Chamber air (proxy),Parabolic dish solar cooker,0,https://data.mendeley.com/datasets/szp4hfdymy/1,
142,2018-04_Stagnation,984,30.977,110.93,106.92,Chamber air (proxy),Parabolic dish solar cooker,0,https://data.mendeley.com/datasets/szp4hfdymy/1,
143,2018-04_Stagnation,984,31.2005,111.345,107.03,Chamber air (proxy),Parabolic dish solar cooker,0,https://data.mendeley.com/datasets/szp4hfdymy/1,
144,2018-04_Stagnation,984,31.424,111.76,107.14,Chamber air (proxy),Parabolic dish solar cooker,0,https://data.mendeley.com/datasets/szp4hfdymy/1,
145,2018-04_Stagnation,984,31.6475,112.175,107.25,Chamber air (proxy),Parabolic dish solar cooker,0,https://data.mendeley.com/datasets/szp4hfdymy/1,
146,2018-04_Stagnation,984,31.871,112.59,107.36,Chamber air (proxy),Parabolic dish solar cooker,0,https://data.mendeley.com/datasets/szp4hfdymy/1,
147,2018-04_Stagnation,984,32.0945,113.005,107.47,Chamber air (proxy),Parabolic dish solar cooker,0,https://data.mendeley.com/datasets/szp4hfdymy/1,
148,2018-04_Stagnation,984,32.318,113.42,107.58,Chamber air (proxy),Parabolic dish solar cooker,0,https://data.mendeley.com/datasets/szp4hfdymy/1,
149,2018-04_Stagnation,984,32.5415,113.835,107.69,Chamber air (proxy),Parabolic dish solar cooker,0,https://data.mendeley.com/datasets/szp4hfdymy/1,
150,2018-04_Stagnation,984,32.765,114.25,107.8,Chamber air (proxy),Parabolic dish solar cooker,0,https://data.mendeley.com/datasets/szp4hfdymy/1,
151,2018-04_Stagnation,984,32.9885,114.665,107.91,Chamber air (proxy),Parabolic dish solar cooker,0,https://data.mendeley.com/datasets/szp4hfdymy/1,
152,2018-04_Stagnation,984,33.212,115.08,108.02,Chamber air (proxy),Parabolic dish solar cooker,0,https://data.mendeley.com/datasets/szp4hfdymy/1,
153,2018-04_Stagnation,984,33.4355,115.495,108.13,Chamber air (proxy),Parabolic dish solar cooker,0,https://data.mendeley.com/datasets/szp4hfdymy/1,
154,2018-04_Stagnation,984,33.659,115.91,108.24,Chamber air (proxy),Parabolic dish solar cooker,0,https://data.mendeley.com/datasets/szp4hfdymy/1,
155,2018-04_Stagnation,984,33.8825,116.325,108.35,Chamber air (proxy),Parabolic dish solar cooker,0,https://data.mendeley.com/datasets/szp4hfdymy/1,
156,2018-04_Stagnation,984,34.106,116.74,108.46,Chamber air (proxy),Parabolic dish solar cooker,0,https://data.mendeley.com/datasets/szp4hfdymy/1,
157,2018-04_Stagnation,984,34.3295,117.155,108.57,Chamber air (proxy),Parabolic dish solar cooker,0,https://data.mendeley.com/datasets/szp4hfdymy/1,
158,2018-04_Stagnation,984,34.553,117.57,108.68,Chamber air (proxy),Parabolic dish solar cooker,0,https://data.mendeley.com/datasets/szp4hfdymy/1,
159,2018-04_Stagnation,984,34.7765,117.985,108.79,Chamber air (proxy),Parabolic dish solar cooker,0,https://data.mendeley.com/datasets/szp4hfdymy/1,
160,2018-04_Stagnation,984,35,118.4,108.9,Chamber air (proxy),Parabolic dish solar cooker,0,https://data.mendeley.com/datasets/szp4hfdymy/1,
161,2018-04_Stagnation,983.3,34.713,117.995,108.65,Chamber air (proxy),Parabolic dish solar cooker,0,https://data.mendeley.com/datasets/szp4hfdymy/1,
162,2018-04_Stagnation,982.6,34.426,117.59,108.4,Chamber air (proxy),Parabolic dish solar cooker,0,https://data.mendeley.com/datasets/szp4hfdymy/1,
163,2018-04_Stagnation,981.9,34.139,117.185,108.15,Chamber air (proxy),Parabolic dish solar cooker,0,https://data.mendeley.com/datasets/szp4hfdymy/1,
164,2018-04_Stagnation,981.2,33.852,116.78,107.9,Chamber air (proxy),Parabolic dish solar cooker,0,https://data.mendeley.com/datasets/szp4hfdymy/1,
165,2018-04_Stagnation,980.5,33.565,116.375,107.65,Chamber air (proxy),Parabolic dish solar cooker,0,https://data.mendeley.com/datasets/szp4hfdymy/1,
166,2018-04_Stagnation,979.8,33.278,115.97,107.4,Chamber air (proxy),Parabolic dish solar cooker,0,https://data.mendeley.com/datasets/szp4hfdymy/1,
167,2018-04_Stagnation,979.1,32.991,115.565,107.15,Chamber air (proxy),Parabolic dish solar cooker,0,https://data.mendeley.com/datasets/szp4hfdymy/1,
168,2018-04_Stagnation,978.4,32.704,115.16,106.9,Chamber air (proxy),Parabolic dish solar cooker,0,https://data.mendeley.com/datasets/szp4hfdymy/1,
169,2018-04_Stagnation,977.7,32.417,114.755,106.65,Chamber air (proxy),Parabolic dish solar cooker,0,https://data.mendeley.com/datasets/szp4hfdymy/1,
170,2018-04_Stagnation,977,32.13,114.35,106.4,Chamber air (proxy),Parabolic dish solar cooker,0,https://data.mendeley.com/datasets/szp4hfdymy/1,
171,2018-04_Stagnation,976.3,31.843,113.945,106.15,Chamber air (proxy),Parabolic dish solar cooker,0,https://data.mendeley.com/datasets/szp4hfdymy/1,
172,2018-04_Stagnation,975.6,31.556,113.54,105.9,Chamber air (proxy),Parabolic dish solar cooker,0,https://data.mendeley.com/datasets/szp4hfdymy/1,
173,2018-04_Stagnation,974.9,31.269,113.135,105.65,Chamber air (proxy),Parabolic dish solar cooker,0,https://data.mendeley.com/datasets/szp4hfdymy/1,
174,2018-04_Stagnation,974.2,30.982,112.73,105.4,Chamber air (proxy),Parabolic dish solar cooker,0,https://data.mendeley.com/datasets/szp4hfdymy/1,
175,2018-04_Stagnation,973.5,30.695,112.325,105.15,Chamber air (proxy),Parabolic dish solar cooker,0,https://data.mendeley.com/datasets/szp4hfdymy/1,
176,2018-04_Stagnation,972.8,30.408,111.92,104.9,Chamber air (proxy),Parabolic dish solar cooker,0,https://data.mendeley.com/datasets/szp4hfdymy/1,
177,2018-04_Stagnation,972.1,30.121,111.515,104.65,Chamber air (proxy),Parabolic dish solar cooker,0,https://data.mendeley.com/datasets/szp4hfdymy/1,
178,2018-04_Stagnation,971.4,29.834,111.11,104.4,Chamber air (proxy),Parabolic dish solar cooker,0,https://data.mendeley.com/datasets/szp4hfdymy/1,
179,2018-04_Stagnation,970.7,29.547,110.705,104.15,Chamber air (proxy),Parabolic dish solar cooker,0,https://data.mendeley.com/datasets/szp4hfdymy/1,
180,2018-04_Stagnation,970,29.26,110.3,103.9,Chamber air (proxy),Parabolic dish solar cooker,0,https://data.mendeley.com/datasets/szp4hfdymy/1,
181,2018-04_Stagnation,967.4,29.55,110.6,104.2,Chamber air (proxy),Parabolic dish solar cooker,0,https://data.mendeley.com/datasets/szp4hfdymy/1,
182,2018-04_Stagnation,964.8,29.84,110.9,104.5,Chamber air (proxy),Parabolic dish solar cooker,0,https://data.mendeley.com/datasets/szp4hfdymy/1,
183,2018-04_Stagnation,962.2,30.13,111.2,104.8,Chamber air (proxy),Parabolic dish solar cooker,0,https://data.mendeley.com/datasets/szp4hfdymy/1,
184,2018-04_Stagnation,959.6,30.42,111.5,105.1,Chamber air (proxy),Parabolic dish solar cooker,0,https://data.mendeley.com/datasets/szp4hfdymy/1,
185,2018-04_Stagnation,957,30.71,111.8,105.4,Chamber air (proxy),Parabolic dish solar cooker,0,https://data.mendeley.com/datasets/szp4hfdymy/1,
186,2018-04_Stagnation,954.4,31,112.1,105.7,Chamber air (proxy),Parabolic dish solar cooker,0,https://data.mendeley.com/datasets/szp4hfdymy/1,
187,2018-04_Stagnation,951.8,31.29,112.4,106,Chamber air (proxy),Parabolic dish solar cooker,0,https://data.mendeley.com/datasets/szp4hfdymy/1,
188,2018-04_Stagnation,949.2,31.58,112.7,106.3,Chamber air (proxy),Parabolic dish solar cooker,0,https://data.mendeley.com/datasets/szp4hfdymy/1,
189,2018-04_Stagnation,946.6,31.87,113,106.6,Chamber air (proxy),Parabolic dish solar cooker,0,https://data.mendeley.com/datasets/szp4hfdymy/1,
190,2018-04_Stagnation,944,32.16,113.3,106.9,Chamber air (proxy),Parabolic dish solar cooker,0,https://data.mendeley.com/datasets/szp4hfdymy/1,
191,2018-04_Stagnation,941.4,32.45,113.6,107.2,Chamber air (proxy),Parabolic dish solar cooker,0,https://data.mendeley.com/datasets/szp4hfdymy/1,
192,2018-04_Stagnation,938.8,32.74,113.9,107.5,Chamber air (proxy),Parabolic dish solar cooker,0,https://data.mendeley.com/datasets/szp4hfdymy/1,
193,2018-04_Stagnation,936.2,33.03,114.2,107.8,Chamber air (proxy),Parabolic dish solar cooker,0,https://data.mendeley.com/datasets/szp4hfdymy/1,
194,2018-04_Stagnation,933.6,33.32,114.5,108.1,Chamber air (proxy),Parabolic dish solar cooker,0,https://data.mendeley.com/datasets/szp4hfdymy/1,
195,2018-04_Stagnation,931,33.61,114.8,108.4,Chamber air (proxy),Parabolic dish solar cooker,0,https://data.mendeley.com/datasets/szp4hfdymy/1,
196,2018-04_Stagnation,928.4,33.9,115.1,108.7,Chamber air (proxy),Parabolic dish solar cooker,0,https://data.mendeley.com/datasets/szp4hfdymy/1,
197,2018-04_Stagnation,925.8,34.19,115.4,109,Chamber air (proxy),Parabolic dish solar cooker,0,https://data.mendeley.com/datasets/szp4hfdymy/1,
198,2018-04_Stagnation,923.2,34.48,115.7,109.3,Chamber air (proxy),Parabolic dish solar cooker,0,https://data.mendeley.com/datasets/szp4hfdymy/1,
199,2018-04_Stagnation,920.6,34.77,116,109.6,Chamber air (proxy),Parabolic dish solar cooker,0,https://data.mendeley.com/datasets/szp4hfdymy/1,
200,2018-04_Stagnation,918,35.06,116.3,109.9,Chamber air (proxy),Parabolic dish solar cooker,0,https://data.mendeley.com/datasets/szp4hfdymy/1,
201,2018-04_Stagnation,917.55,35.0635,115.93,109.53,Chamber air (proxy),Parabolic dish solar cooker,0,https://data.mendeley.com/datasets/szp4hfdymy/1,
202,2018-04_Stagnation,917.1,35.067,115.56,109.16,Chamber air (proxy),Parabolic dish solar cooker,0,https://data.mendeley.com/datasets/szp4hfdymy/1,
203,2018-04_Stagnation,916.65,35.0705,115.19,108.79,Chamber air (proxy),Parabolic dish solar cooker,0,https://data.mendeley.com/datasets/szp4hfdymy/1,
204,2018-04_Stagnation,916.2,35.074,114.82,108.42,Chamber air (proxy),Parabolic dish solar cooker,0,https://data.mendeley.com/datasets/szp4hfdymy/1,
205,2018-04_Stagnation,915.75,35.0775,114.45,108.05,Chamber air (proxy),Parabolic dish solar cooker,0,https://data.mendeley.com/datasets/szp4hfdymy/1,
206,2018-04_Stagnation,915.3,35.081,114.08,107.68,Chamber air (proxy),Parabolic dish solar cooker,0,https://data.mendeley.com/datasets/szp4hfdymy/1,
207,2018-04_Stagnation,914.85,35.0845,113.71,107.31,Chamber air (proxy),Parabolic dish solar cooker,0,https://data.mendeley.com/datasets/szp4hfdymy/1,
208,2018-04_Stagnation,914.4,35.088,113.34,106.94,Chamber air (proxy),Parabolic dish solar cooker,0,https://data.mendeley.com/datasets/szp4hfdymy/1,
209,2018-04_Stagnation,913.95,35.0915,112.97,106.57,Chamber air (proxy),Parabolic dish solar cooker,0,https://data.mendeley.com/datasets/szp4hfdymy/1,
210,2018-04_Stagnation,913.5,35.095,112.6,106.2,Chamber air (proxy),Parabolic dish solar cooker,0,https://data.mendeley.com/datasets/szp4hfdymy/1,
211,2018-04_Stagnation,913.05,35.0985,112.23,105.83,Chamber air (proxy),Parabolic dish solar cooker,0,https://data.mendeley.com/datasets/szp4hfdymy/1,
212,2018-04_Stagnation,912.6,35.102,111.86,105.46,Chamber air (proxy),Parabolic dish solar cooker,0,https://data.mendeley.com/datasets/szp4hfdymy/1,
213,2018-04_Stagnation,912.15,35.1055,111.49,105.09,Chamber air (proxy),Parabolic dish solar cooker,0,https://data.mendeley.com/datasets/szp4hfdymy/1,
214,2018-04_Stagnation,911.7,35.109,111.12,104.72,Chamber air (proxy),Parabolic dish solar cooker,0,https://data.mendeley.com/datasets/szp4hfdymy/1,
215,2018-04_Stagnation,911.25,35.1125,110.75,104.35,Chamber air (proxy),Parabolic dish solar cooker,0,https://data.mendeley.com/datasets/szp4hfdymy/1,
216,2018-04_Stagnation,910.8,35.116,110.38,103.98,Chamber air (proxy),Parabolic dish solar cooker,0,https://data.mendeley.com/datasets/szp4hfdymy/1,
217,2018-04_Stagnation,910.35,35.1195,110.01,103.61,Chamber air (proxy),Parabolic dish solar cooker,0,https://data.mendeley.com/datasets/szp4hfdymy/1,
218,2018-04_Stagnation,909.9,35.123,109.64,103.24,Chamber air (proxy),Parabolic dish solar cooker,0,https://data.mendeley.com/datasets/szp4hfdymy/1,
219,2018-04_Stagnation,909.45,35.1265,109.27,102.87,Chamber air (proxy),Parabolic dish solar cooker,0,https://data.mendeley.com/datasets/szp4hfdymy/1,
220,2018-04_Stagnation,909,35.13,108.9,102.5,Chamber air (proxy),Parabolic dish solar cooker,0,https://data.mendeley.com/datasets/szp4hfdymy/1,
221,2018-04_Stagnation,911.55,35.17,108.995,102.485,Chamber air (proxy),Parabolic dish solar cooker,0,https://data.mendeley.com/datasets/szp4hfdymy/1,
222,2018-04_Stagnation,914.1,35.21,109.09,102.47,Chamber air (proxy),Parabolic dish solar cooker,0,https://data.mendeley.com/datasets/szp4hfdymy/1,
223,2018-04_Stagnation,916.65,35.25,109.185,102.455,Chamber air (proxy),Parabolic dish solar cooker,0,https://data.mendeley.com/datasets/szp4hfdymy/1,
224,2018-04_Stagnation,919.2,35.29,109.28,102.44,Chamber air (proxy),Parabolic dish solar cooker,0,https://data.mendeley.com/datasets/szp4hfdymy/1,
225,2018-04_Stagnation,921.75,35.33,109.375,102.425,Chamber air (proxy),Parabolic dish solar cooker,0,https://data.mendeley.com/datasets/szp4hfdymy/1,
226,2018-04_Stagnation,924.3,35.37,109.47,102.41,Chamber air (proxy),Parabolic dish solar cooker,0,https://data.mendeley.com/datasets/szp4hfdymy/1,
227,2018-04_Stagnation,926.85,35.41,109.565,102.395,Chamber air (proxy),Parabolic dish solar cooker,0,https://data.mendeley.com/datasets/szp4hfdymy/1,
228,2018-04_Stagnation,929.4,35.45,109.66,102.38,Chamber air (proxy),Parabolic dish solar cooker,0,https://data.mendeley.com/datasets/szp4hfdymy/1,
229,2018-04_Stagnation,931.95,35.49,109.755,102.365,Chamber air (proxy),Parabolic dish solar cooker,0,https://data.mendeley.com/datasets/szp4hfdymy/1,
230,2018-04_Stagnation,934.5,35.53,109.85,102.35,Chamber air (proxy),Parabolic dish solar cooker,0,https://data.mendeley.com/datasets/szp4hfdymy/1,
231,2018-04_Stagnation,937.05,35.57,109.945,102.335,Chamber air (proxy),Parabolic dish solar cooker,0,https://data.mendeley.com/datasets/szp4hfdymy/1,
232,2018-04_Stagnation,939.6,35.61,110.04,102.32,Chamber air (proxy),Parabolic dish solar cooker,0,https://data.mendeley.com/datasets/szp4hfdymy/1,
233,2018-04_Stagnation,942.15,35.65,110.135,102.305,Chamber air (proxy),Parabolic dish solar cooker,0,https://data.mendeley.com/datasets/szp4hfdymy/1,
234,2018-04_Stagnation,944.7,35.69,110.23,102.29,Chamber air (proxy),Parabolic dish solar cooker,0,https://data.mendeley.com/datasets/szp4hfdymy/1,
235,2018-04_Stagnation,947.25,35.73,110.325,102.275,Chamber air (proxy),Parabolic dish solar cooker,0,https://data.mendeley.com/datasets/szp4hfdymy/1,
236,2018-04_Stagnation,949.8,35.77,110.42,102.26,Chamber air (proxy),Parabolic dish solar cooker,0,https://data.mendeley.com/datasets/szp4hfdymy/1,
237,2018-04_Stagnation,952.35,35.81,110.515,102.245,Chamber air (proxy),Parabolic dish solar cooker,0,https://data.mendeley.com/datasets/szp4hfdymy/1,
238,2018-04_Stagnation,954.9,35.85,110.61,102.23,Chamber air (proxy),Parabolic dish solar cooker,0,https://data.mendeley.com/datasets/szp4hfdymy/1,
239,2018-04_Stagnation,957.45,35.89,110.705,102.215,Chamber air (proxy),Parabolic dish solar cooker,0,https://data.mendeley.com/datasets/szp4hfdymy/1,
240,2018-04_Stagnation,960,35.93,110.8,102.2,Chamber air (proxy),Parabolic dish solar cooker,0,https://data.mendeley.com/datasets/szp4hfdymy/1,
241,2018-04_Stagnation,957.25,35.775,110.92,102.32,Chamber air (proxy),Parabolic dish solar cooker,0,https://data.mendeley.com/datasets/szp4hfdymy/1,
242,2018-04_Stagnation,954.5,35.62,111.04,102.44,Chamber air (proxy),Parabolic dish solar cooker,0,https://data.mendeley.com/datasets/szp4hfdymy/1,
243,2018-04_Stagnation,951.75,35.465,111.16,102.56,Chamber air (proxy),Parabolic dish solar cooker,0,https://data.mendeley.com/datasets/szp4hfdymy/1,
244,2018-04_Stagnation,949,35.31,111.28,102.68,Chamber air (proxy),Parabolic dish solar cooker,0,https://data.mendeley.com/datasets/szp4hfdymy/1,
245,2018-04_Stagnation,946.25,35.155,111.4,102.8,Chamber air (proxy),Parabolic dish solar cooker,0,https://data.mendeley.com/datasets/szp4hfdymy/1,
246,2018-04_Stagnation,943.5,35,111.52,102.92,Chamber air (proxy),Parabolic dish solar cooker,0,https://data.mendeley.com/datasets/szp4hfdymy/1,
247,2018-04_Stagnation,940.75,34.845,111.64,103.04,Chamber air (proxy),Parabolic dish solar cooker,0,https://data.mendeley.com/datasets/szp4hfdymy/1,
248,2018-04_Stagnation,938,34.69,111.76,103.16,Chamber air (proxy),Parabolic dish solar cooker,0,https://data.mendeley.com/datasets/szp4hfdymy/1,
249,2018-04_Stagnation,935.25,34.535,111.88,103.28,Chamber air (proxy),Parabolic dish solar cooker,0,https://data.mendeley.com/datasets/szp4hfdymy/1,
250,2018-04_Stagnation,932.5,34.38,112,103.4,Chamber air (proxy),Parabolic dish solar cooker,0,https://data.mendeley.com/datasets/szp4hfdymy/1,
251,2018-04_Stagnation,929.75,34.225,112.12,103.52,Chamber air (proxy),Parabolic dish solar cooker,0,https://data.mendeley.com/datasets/szp4hfdymy/1,
252,2018-04_Stagnation,927,34.07,112.24,103.64,Chamber air (proxy),Parabolic dish solar cooker,0,https://data.mendeley.com/datasets/szp4hfdymy/1,
253,2018-04_Stagnation,924.25,33.915,112.36,103.76,Chamber air (proxy),Parabolic dish solar cooker,0,https://data.mendeley.com/datasets/szp4hfdymy/1,
254,2018-04_Stagnation,921.5,33.76,112.48,103.88,Chamber air (proxy),Parabolic dish solar cooker,0,https://data.mendeley.com/datasets/szp4hfdymy/1,
255,2018-04_Stagnation,918.75,33.605,112.6,104,Chamber air (proxy),Parabolic dish solar cooker,0,https://data.mendeley.com/datasets/szp4hfdymy/1,
256,2018-04_Stagnation,916,33.45,112.72,104.12,Chamber air (proxy),Parabolic dish solar cooker,0,https://data.mendeley.com/datasets/szp4hfdymy/1,
257,2018-04_Stagnation,913.25,33.295,112.84,104.24,Chamber air (proxy),Parabolic dish solar cooker,0,https://data.mendeley.com/datasets/szp4hfdymy/1,
258,2018-04_Stagnation,910.5,33.14,112.96,104.36,Chamber air (proxy),Parabolic dish solar cooker,0,https://data.mendeley.com/datasets/szp4hfdymy/1,
259,2018-04_Stagnation,907.75,32.985,113.08,104.48,Chamber air (proxy),Parabolic dish solar cooker,0,https://data.mendeley.com/datasets/szp4hfdymy/1,
260,2018-04_Stagnation,905,32.83,113.2,104.6,Chamber air (proxy),Parabolic dish solar cooker,0,https://data.mendeley.com/datasets/szp4hfdymy/1,
261,2018-04_Stagnation,904.95,32.8815,113.1,104.5,Chamber air (proxy),Parabolic dish solar cooker,0,https://data.mendeley.com/datasets/szp4hfdymy/1,
262,2018-04_Stagnation,904.9,32.933,113,104.4,Chamber air (proxy),Parabolic dish solar cooker,0,https://data.mendeley.com/datasets/szp4hfdymy/1,
263,2018-04_Stagnation,904.85,32.9845,112.9,104.3,Chamber air (proxy),Parabolic dish solar cooker,0,https://data.mendeley.com/datasets/szp4hfdymy/1,
264,2018-04_Stagnation,904.8,33.036,112.8,104.2,Chamber air (proxy),Parabolic dish solar cooker,0,https://data.mendeley.com/datasets/szp4hfdymy/1,
265,2018-04_Stagnation,904.75,33.0875,112.7,104.1,Chamber air (proxy),Parabolic dish solar cooker,0,https://data.mendeley.com/datasets/szp4hfdymy/1,
266,2018-04_Stagnation,904.7,33.139,112.6,104,Chamber air (proxy),Parabolic dish solar cooker,0,https://data.mendeley.com/datasets/szp4hfdymy/1,
267,2018-04_Stagnation,904.65,33.1905,112.5,103.9,Chamber air (proxy),Parabolic dish solar cooker,0,https://data.mendeley.com/datasets/szp4hfdymy/1,
268,2018-04_Stagnation,904.6,33.242,112.4,103.8,Chamber air (proxy),Parabolic dish solar cooker,0,https://data.mendeley.com/datasets/szp4hfdymy/1,
269,2018-04_Stagnation,904.55,33.2935,112.3,103.7,Chamber air (proxy),Parabolic dish solar cooker,0,https://data.mendeley.com/datasets/szp4hfdymy/1,
270,2018-04_Stagnation,904.5,33.345,112.2,103.6,Chamber air (proxy),Parabolic dish solar cooker,0,https://data.mendeley.com/datasets/szp4hfdymy/1,
271,2018-04_Stagnation,904.45,33.3965,112.1,103.5,Chamber air (proxy),Parabolic dish solar cooker,0,https://data.mendeley.com/datasets/szp4hfdymy/1,
272,2018-04_Stagnation,904.4,33.448,112,103.4,Chamber air (proxy),Parabolic dish solar cooker,0,https://data.mendeley.com/datasets/szp4hfdymy/1,
273,2018-04_Stagnation,904.35,33.4995,111.9,103.3,Chamber air (proxy),Parabolic dish solar cooker,0,https://data.mendeley.com/datasets/szp4hfdymy/1,
274,2018-04_Stagnation,904.3,33.551,111.8,103.2,Chamber air (proxy),Parabolic dish solar cooker,0,https://data.mendeley.com/datasets/szp4hfdymy/1,
275,2018-04_Stagnation,904.25,33.6025,111.7,103.1,Chamber air (proxy),Parabolic dish solar cooker,0,https://data.mendeley.com/datasets/szp4hfdymy/1,
276,2018-04_Stagnation,904.2,33.654,111.6,103,Chamber air (proxy),Parabolic dish solar cooker,0,https://data.mendeley.com/datasets/szp4hfdymy/1,
277,2018-04_Stagnation,904.15,33.7055,111.5,102.9,Chamber air (proxy),Parabolic dish solar cooker,0,https://data.mendeley.com/datasets/szp4hfdymy/1,
278,2018-04_Stagnation,904.1,33.757,111.4,102.8,Chamber air (proxy),Parabolic dish solar cooker,0,https://data.mendeley.com/datasets/szp4hfdymy/1,
279,2018-04_Stagnation,904.05,33.8085,111.3,102.7,Chamber air (proxy),Parabolic dish solar cooker,0,https://data.mendeley.com/datasets/szp4hfdymy/1,
280,2018-04_Stagnation,904,33.86,111.2,102.6,Chamber air (proxy),Parabolic dish solar cooker,0,https://data.mendeley.com/datasets/szp4hfdymy/1,
281,2018-04_Stagnation,898.8,33.665,110.835,102.29,Chamber air (proxy),Parabolic dish solar cooker,0,https://data.mendeley.com/datasets/szp4hfdymy/1,
282,2018-04_Stagnation,893.6,33.47,110.47,101.98,Chamber air (proxy),Parabolic dish solar cooker,0,https://data.mendeley.com/datasets/szp4hfdymy/1,
283,2018-04_Stagnation,888.4,33.275,110.105,101.67,Chamber air (proxy),Parabolic dish solar cooker,0,https://data.mendeley.com/datasets/szp4hfdymy/1,
284,2018-04_Stagnation,883.2,33.08,109.74,101.36,Chamber air (proxy),Parabolic dish solar cooker,0,https://data.mendeley.com/datasets/szp4hfdymy/1,
285,2018-04_Stagnation,878,32.885,109.375,101.05,Chamber air (proxy),Parabolic dish solar cooker,0,https://data.mendeley.com/datasets/szp4hfdymy/1,
286,2018-04_Stagnation,872.8,32.69,109.01,100.74,Chamber air (proxy),Parabolic dish solar cooker,0,https://data.mendeley.com/datasets/szp4hfdymy/1,
287,2018-04_Stagnation,867.6,32.495,108.645,100.43,Chamber air (proxy),Parabolic dish solar cooker,0,https://data.mendeley.com/datasets/szp4hfdymy/1,
288,2018-04_Stagnation,862.4,32.3,108.28,100.12,Chamber air (proxy),Parabolic dish solar cooker,0,https://data.mendeley.com/datasets/szp4hfdymy/1,
289,2018-04_Stagnation,857.2,32.105,107.915,99.81,Chamber air (proxy),Parabolic dish solar cooker,0,https://data.mendeley.com/datasets/szp4hfdymy/1,
290,2018-04_Stagnation,852,31.91,107.55,99.5,Chamber air (proxy),Parabolic dish solar cooker,0,https://data.mendeley.com/datasets/szp4hfdymy/1,
291,2018-04_Stagnation,846.8,31.715,107.185,99.19,Chamber air (proxy),Parabolic dish solar cooker,0,https://data.mendeley.com/datasets/szp4hfdymy/1,
292,2018-04_Stagnation,841.6,31.52,106.82,98.88,Chamber air (proxy),Parabolic dish solar cooker,0,https://data.mendeley.com/datasets/szp4hfdymy/1,
293,2018-04_Stagnation,836.4,31.325,106.455,98.57,Chamber air (proxy),Parabolic dish solar cooker,0,https://data.mendeley.com/datasets/szp4hfdymy/1,
294,2018-04_Stagnation,831.2,31.13,106.09,98.26,Chamber air (proxy),Parabolic dish solar cooker,0,https://data.mendeley.com/datasets/szp4hfdymy/1,
295,2018-04_Stagnation,826,30.935,105.725,97.95,Chamber air (proxy),Parabolic dish solar cooker,0,https://data.mendeley.com/datasets/szp4hfdymy/1,
296,2018-04_Stagnation,820.8,30.74,105.36,97.64,Chamber air (proxy),Parabolic dish solar cooker,0,https://data.mendeley.com/datasets/szp4hfdymy/1,
297,2018-04_Stagnation,815.6,30.545,104.995,97.33,Chamber air (proxy),Parabolic dish solar cooker,0,https://data.mendeley.com/datasets/szp4hfdymy/1,
298,2018-04_Stagnation,810.4,30.35,104.63,97.02,Chamber air (proxy),Parabolic dish solar cooker,0,https://data.mendeley.com/datasets/szp4hfdymy/1,
299,2018-04_Stagnation,805.2,30.155,104.265,96.71,Chamber air (proxy),Parabolic dish solar cooker,0,https://data.mendeley.com/datasets/szp4hfdymy/1,
300,2018-04_Stagnation,800,29.96,103.9,96.4,Chamber air (proxy),Parabolic dish solar cooker,0,https://data.mendeley.com/datasets/szp4hfdymy/1,
301,2018-04_Stagnation,797.8,29.875,104.15,96.65,Chamber air (proxy),Parabolic dish solar cooker,0,https://data.mendeley.com/datasets/szp4hfdymy/1,
302,2018-04_Stagnation,795.6,29.79,104.4,96.9,Chamber air (proxy),Parabolic dish solar cooker,0,https://data.mendeley.com/datasets/szp4hfdymy/1,
303,2018-04_Stagnation,793.4,29.705,104.65,97.15,Chamber air (proxy),Parabolic dish solar cooker,0,https://data.mendeley.com/datasets/szp4hfdymy/1,
304,2018-04_Stagnation,791.2,29.62,104.9,97.4,Chamber air (proxy),Parabolic dish solar cooker,0,https://data.mendeley.com/datasets/szp4hfdymy/1,
305,2018-04_Stagnation,789,29.535,105.15,97.65,Chamber air (proxy),Parabolic dish solar cooker,0,https://data.mendeley.com/datasets/szp4hfdymy/1,
306,2018-04_Stagnation,786.8,29.45,105.4,97.9,Chamber air (proxy),Parabolic dish solar cooker,0,https://data.mendeley.com/datasets/szp4hfdymy/1,
307,2018-04_Stagnation,784.6,29.365,105.65,98.15,Chamber air (proxy),Parabolic dish solar cooker,0,https://data.mendeley.com/datasets/szp4hfdymy/1,
308,2018-04_Stagnation,782.4,29.28,105.9,98.4,Chamber air (proxy),Parabolic dish solar cooker,0,https://data.mendeley.com/datasets/szp4hfdymy/1,
309,2018-04_Stagnation,780.2,29.195,106.15,98.65,Chamber air (proxy),Parabolic dish solar cooker,0,https://data.mendeley.com/datasets/szp4hfdymy/1,
310,2018-04_Stagnation,778,29.11,106.4,98.9,Chamber air (proxy),Parabolic dish solar cooker,0,https://data.mendeley.com/datasets/szp4hfdymy/1,
311,2018-04_Stagnation,775.8,29.025,106.65,99.15,Chamber air (proxy),Parabolic dish solar cooker,0,https://data.mendeley.com/datasets/szp4hfdymy/1,
312,2018-04_Stagnation,773.6,28.94,106.9,99.4,Chamber air (proxy),Parabolic dish solar cooker,0,https://data.mendeley.com/datasets/szp4hfdymy/1,
313,2018-04_Stagnation,771.4,28.855,107.15,99.65,Chamber air (proxy),Parabolic dish solar cooker,0,https://data.mendeley.com/datasets/szp4hfdymy/1,
314,2018-04_Stagnation,769.2,28.77,107.4,99.9,Chamber air (proxy),Parabolic dish solar cooker,0,https://data.mendeley.com/datasets/szp4hfdymy/1,
315,2018-04_Stagnation,767,28.685,107.65,100.15,Chamber air (proxy),Parabolic dish solar cooker,0,https://data.mendeley.com/datasets/szp4hfdymy/1,
316,2018-04_Stagnation,764.8,28.6,107.9,100.4,Chamber air (proxy),Parabolic dish solar cooker,0,https://data.mendeley.com/datasets/szp4hfdymy/1,
317,2018-04_Stagnation,762.6,28.515,108.15,100.65,Chamber air (proxy),Parabolic dish solar cooker,0,https://data.mendeley.com/datasets/szp4hfdymy/1,
318,2018-04_Stagnation,760.4,28.43,108.4,100.9,Chamber air (proxy),Parabolic dish solar cooker,0,https://data.mendeley.com/datasets/szp4hfdymy/1,
319,2018-04_Stagnation,758.2,28.345,108.65,101.15,Chamber air (proxy),Parabolic dish solar cooker,0,https://data.mendeley.com/datasets/szp4hfdymy/1,
320,2018-04_Stagnation,756,28.26,108.9,101.4,Chamber air (proxy),Parabolic dish solar cooker,0,https://data.mendeley.com/datasets/szp4hfdymy/1,
321,2018-04_Stagnation,756.5,28.479,108.403,101.19,Chamber air (proxy),Parabolic dish solar cooker,0,https://data.mendeley.com/datasets/szp4hfdymy/1,
322,2018-04_Stagnation,757,28.698,107.906,100.98,Chamber air (proxy),Parabolic dish solar cooker,0,https://data.mendeley.com/datasets/szp4hfdymy/1,
323,2018-04_Stagnation,757.5,28.917,107.409,100.77,Chamber air (proxy),Parabolic dish solar cooker,0,https://data.mendeley.com/datasets/szp4hfdymy/1,
324,2018-04_Stagnation,758,29.136,106.912,100.56,Chamber air (proxy),Parabolic dish solar cooker,0,https://data.mendeley.com/datasets/szp4hfdymy/1,
325,2018-04_Stagnation,758.5,29.355,106.415,100.35,Chamber air (proxy),Parabolic dish solar cooker,0,https://data.mendeley.com/datasets/szp4hfdymy/1,
326,2018-04_Stagnation,759,29.574,105.918,100.14,Chamber air (proxy),Parabolic dish solar cooker,0,https://data.mendeley.com/datasets/szp4hfdymy/1,
327,2018-04_Stagnation,759.5,29.793,105.421,99.93,Chamber air (proxy),Parabolic dish solar cooker,0,https://data.mendeley.com/datasets/szp4hfdymy/1,
328,2018-04_Stagnation,760,30.012,104.924,99.72,Chamber air (proxy),Parabolic dish solar cooker,0,https://data.mendeley.com/datasets/szp4hfdymy/1,
329,2018-04_Stagnation,760.5,30.231,104.427,99.51,Chamber air (proxy),Parabolic dish solar cooker,0,https://data.mendeley.com/datasets/szp4hfdymy/1,
330,2018-04_Stagnation,761,30.45,103.93,99.3,Chamber air (proxy),Parabolic dish solar cooker,0,https://data.mendeley.com/datasets/szp4hfdymy/1,
331,2018-04_Stagnation,761.5,30.669,103.433,99.09,Chamber air (proxy),Parabolic dish solar cooker,0,https://data.mendeley.com/datasets/szp4hfdymy/1,
332,2018-04_Stagnation,762,30.888,102.936,98.88,Chamber air (proxy),Parabolic dish solar cooker,0,https://data.mendeley.com/datasets/szp4hfdymy/1,
333,2018-04_Stagnation,762.5,31.107,102.439,98.67,Chamber air (proxy),Parabolic dish solar cooker,0,https://data.mendeley.com/datasets/szp4hfdymy/1,
334,2018-04_Stagnation,763,31.326,101.942,98.46,Chamber air (proxy),Parabolic dish solar cooker,0,https://data.mendeley.com/datasets/szp4hfdymy/1,
335,2018-04_Stagnation,763.5,31.545,101.445,98.25,Chamber air (proxy),Parabolic dish solar cooker,0,https://data.mendeley.com/datasets/szp4hfdymy/1,
336,2018-04_Stagnation,764,31.764,100.948,98.04,Chamber air (proxy),Parabolic dish solar cooker,0,https://data.mendeley.com/datasets/szp4hfdymy/1,
337,2018-04_Stagnation,764.5,31.983,100.451,97.83,Chamber air (proxy),Parabolic dish solar cooker,0,https://data.mendeley.com/datasets/szp4hfdymy/1,
338,2018-04_Stagnation,765,32.202,99.954,97.62,Chamber air (proxy),Parabolic dish solar cooker,0,https://data.mendeley.com/datasets/szp4hfdymy/1,
339,2018-04_Stagnation,765.5,32.421,99.457,97.41,Chamber air (proxy),Parabolic dish solar cooker,0,https://data.mendeley.com/datasets/szp4hfdymy/1,
340,2018-04_Stagnation,766,32.64,98.96,97.2,Chamber air (proxy),Parabolic dish solar cooker,0,https://data.mendeley.com/datasets/szp4hfdymy/1,
341,2018-04_Stagnation,760.2,32.64,98.475,96.715,Chamber air (proxy),Parabolic dish solar cooker,0,https://data.mendeley.com/datasets/szp4hfdymy/1,
342,2018-04_Stagnation,754.4,32.64,97.99,96.23,Chamber air (proxy),Parabolic dish solar cooker,0,https://data.mendeley.com/datasets/szp4hfdymy/1,
343,2018-04_Stagnation,748.6,32.64,97.505,95.745,Chamber air (proxy),Parabolic dish solar cooker,0,https://data.mendeley.com/datasets/szp4hfdymy/1,
344,2018-04_Stagnation,742.8,32.64,97.02,95.26,Chamber air (proxy),Parabolic dish solar cooker,0,https://data.mendeley.com/datasets/szp4hfdymy/1,
345,2018-04_Stagnation,737,32.64,96.535,94.775,Chamber air (proxy),Parabolic dish solar cooker,0,https://data.mendeley.com/datasets/szp4hfdymy/1,
346,2018-04_Stagnation,731.2,32.64,96.05,94.29,Chamber air (proxy),Parabolic dish solar cooker,0,https://data.mendeley.com/datasets/szp4hfdymy/1,
347,2018-04_Stagnation,725.4,32.64,95.565,93.805,Chamber air (proxy),Parabolic dish solar cooker,0,https://data.mendeley.com/datasets/szp4hfdymy/1,
348,2018-04_Stagnation,719.6,32.64,95.08,93.32,Chamber air (proxy),Parabolic dish solar cooker,0,https://data.mendeley.com/datasets/szp4hfdymy/1,
349,2018-04_Stagnation,713.8,32.64,94.595,92.835,Chamber air (proxy),Parabolic dish solar cooker,0,https://data.mendeley.com/datasets/szp4hfdymy/1,
350,2018-04_Stagnation,708,32.64,94.11,92.35,Chamber air (proxy),Parabolic dish solar cooker,0,https://data.mendeley.com/datasets/szp4hfdymy/1,
351,2018-04_Stagnation,702.2,32.64,93.625,91.865,Chamber air (proxy),Parabolic dish solar cooker,0,https://data.mendeley.com/datasets/szp4hfdymy/1,
352,2018-04_Stagnation,696.4,32.64,93.14,91.38,Chamber air (proxy),Parabolic dish solar cooker,0,https://data.mendeley.com/datasets/szp4hfdymy/1,
353,2018-04_Stagnation,690.6,32.64,92.655,90.895,Chamber air (proxy),Parabolic dish solar cooker,0,https://data.mendeley.com/datasets/szp4hfdymy/1,
354,2018-04_Stagnation,684.8,32.64,92.17,90.41,Chamber air (proxy),Parabolic dish solar cooker,0,https://data.mendeley.com/datasets/szp4hfdymy/1,
355,2018-04_Stagnation,679,32.64,91.685,89.925,Chamber air (proxy),Parabolic dish solar cooker,0,https://data.mendeley.com/datasets/szp4hfdymy/1,
356,2018-04_Stagnation,673.2,32.64,91.2,89.44,Chamber air (proxy),Parabolic dish solar cooker,0,https://data.mendeley.com/datasets/szp4hfdymy/1,
357,2018-04_Stagnation,667.4,32.64,90.715,88.955,Chamber air (proxy),Parabolic dish solar cooker,0,https://data.mendeley.com/datasets/szp4hfdymy/1,
358,2018-04_Stagnation,661.6,32.64,90.23,88.47,Chamber air (proxy),Parabolic dish solar cooker,0,https://data.mendeley.com/datasets/szp4hfdymy/1,
359,2018-04_Stagnation,655.8,32.64,89.745,87.985,Chamber air (proxy),Parabolic dish solar cooker,0,https://data.mendeley.com/datasets/szp4hfdymy/1,
360,2018-04_Stagnation,650,32.64,89.26,87.5,Chamber air (proxy),Parabolic dish solar cooker,0,https://data.mendeley.com/datasets/szp4hfdymy/1,
361,2018-04_Stagnation,646.2,32.525,88.5685,87.025,Chamber air (proxy),Parabolic dish solar cooker,0,https://data.mendeley.com/datasets/szp4hfdymy/1,
362,2018-04_Stagnation,642.4,32.41,87.877,86.55,Chamber air (proxy),Parabolic dish solar cooker,0,https://data.mendeley.com/datasets/szp4hfdymy/1,
363,2018-04_Stagnation,638.6,32.295,87.1855,86.075,Chamber air (proxy),Parabolic dish solar cooker,0,https://data.mendeley.com/datasets/szp4hfdymy/1,
364,2018-04_Stagnation,634.8,32.18,86.494,85.6,Chamber air (proxy),Parabolic dish solar cooker,0,https://data.mendeley.com/datasets/szp4hfdymy/1,
365,2018-04_Stagnation,631,32.065,85.8025,85.125,Chamber air (proxy),Parabolic dish solar cooker,0,https://data.mendeley.com/datasets/szp4hfdymy/1,
366,2018-04_Stagnation,627.2,31.95,85.111,84.65,Chamber air (proxy),Parabolic dish solar cooker,0,https://data.mendeley.com/datasets/szp4hfdymy/1,
367,2018-04_Stagnation,623.4,31.835,84.4195,84.175,Chamber air (proxy),Parabolic dish solar cooker,0,https://data.mendeley.com/datasets/szp4hfdymy/1,
368,2018-04_Stagnation,619.6,31.72,83.728,83.7,Chamber air (proxy),Parabolic dish solar cooker,0,https://data.mendeley.com/datasets/szp4hfdymy/1,
369,2018-04_Stagnation,615.8,31.605,83.0365,83.225,Chamber air (proxy),Parabolic dish solar cooker,0,https://data.mendeley.com/datasets/szp4hfdymy/1,
370,2018-04_Stagnation,612,31.49,82.345,82.75,Chamber air (proxy),Parabolic dish solar cooker,0,https://data.mendeley.com/datasets/szp4hfdymy/1,
371,2018-04_Stagnation,608.2,31.375,81.6535,82.275,Chamber air (proxy),Parabolic dish solar cooker,0,https://data.mendeley.com/datasets/szp4hfdymy/1,
372,2018-04_Stagnation,604.4,31.26,80.962,81.8,Chamber air (proxy),Parabolic dish solar cooker,0,https://data.mendeley.com/datasets/szp4hfdymy/1,
373,2018-04_Stagnation,600.6,31.145,80.2705,81.325,Chamber air (proxy),Parabolic dish solar cooker,0,https://data.mendeley.com/datasets/szp4hfdymy/1,
374,2018-04_Stagnation,596.8,31.03,79.579,80.85,Chamber air (proxy),Parabolic dish solar cooker,0,https://data.mendeley.com/datasets/szp4hfdymy/1,
375,2018-04_Stagnation,593,30.915,78.8875,80.375,Chamber air (proxy),Parabolic dish solar cooker,0,https://data.mendeley.com/datasets/szp4hfdymy/1,
376,2018-04_Stagnation,589.2,30.8,78.196,79.9,Chamber air (proxy),Parabolic dish solar cooker,0,https://data.mendeley.com/datasets/szp4hfdymy/1,
377,2018-04_Stagnation,585.4,30.685,77.5045,79.425,Chamber air (proxy),Parabolic dish solar cooker,0,https://data.mendeley.com/datasets/szp4hfdymy/1,
378,2018-04_Stagnation,581.6,30.57,76.813,78.95,Chamber air (proxy),Parabolic dish solar cooker,0,https://data.mendeley.com/datasets/szp4hfdymy/1,
379,2018-04_Stagnation,577.8,30.455,76.1215,78.475,Chamber air (proxy),Parabolic dish solar cooker,0,https://data.mendeley.com/datasets/szp4hfdymy/1,
380,2018-04_Stagnation,574,30.34,75.43,78,Chamber air (proxy),Parabolic dish solar cooker,0,https://data.mendeley.com/datasets/szp4hfdymy/1,
381,2018-04_Stagnation,568.05,30.231,75.0205,77.7,Chamber air (proxy),Parabolic dish solar cooker,0,https://data.mendeley.com/datasets/szp4hfdymy/1,
382,2018-04_Stagnation,562.1,30.122,74.611,77.4,Chamber air (proxy),Parabolic dish solar cooker,0,https://data.mendeley.com/datasets/szp4hfdymy/1,
383,2018-04_Stagnation,556.15,30.013,74.2015,77.1,Chamber air (proxy),Parabolic dish solar cooker,0,https://data.mendeley.com/datasets/szp4hfdymy/1,
384,2018-04_Stagnation,550.2,29.904,73.792,76.8,Chamber air (proxy),Parabolic dish solar cooker,0,https://data.mendeley.com/datasets/szp4hfdymy/1,
385,2018-04_Stagnation,544.25,29.795,73.3825,76.5,Chamber air (proxy),Parabolic dish solar cooker,0,https://data.mendeley.com/datasets/szp4hfdymy/1,
386,2018-04_Stagnation,538.3,29.686,72.973,76.2,Chamber air (proxy),Parabolic dish solar cooker,0,https://data.mendeley.com/datasets/szp4hfdymy/1,
387,2018-04_Stagnation,532.35,29.577,72.5635,75.9,Chamber air (proxy),Parabolic dish solar cooker,0,https://data.mendeley.com/datasets/szp4hfdymy/1,
388,2018-04_Stagnation,526.4,29.468,72.154,75.6,Chamber air (proxy),Parabolic dish solar cooker,0,https://data.mendeley.com/datasets/szp4hfdymy/1,
389,2018-04_Stagnation,520.45,29.359,71.7445,75.3,Chamber air (proxy),Parabolic dish solar cooker,0,https://data.mendeley.com/datasets/szp4hfdymy/1,
390,2018-04_Stagnation,514.5,29.25,71.335,75,Chamber air (proxy),Parabolic dish solar cooker,0,https://data.mendeley.com/datasets/szp4hfdymy/1,
391,2018-04_Stagnation,508.55,29.141,70.9255,74.7,Chamber air (proxy),Parabolic dish solar cooker,0,https://data.mendeley.com/datasets/szp4hfdymy/1,
392,2018-04_Stagnation,502.6,29.032,70.516,74.4,Chamber air (proxy),Parabolic dish solar cooker,0,https://data.mendeley.com/datasets/szp4hfdymy/1,
393,2018-04_Stagnation,496.65,28.923,70.1065,74.1,Chamber air (proxy),Parabolic dish solar cooker,0,https://data.mendeley.com/datasets/szp4hfdymy/1,
394,2018-04_Stagnation,490.7,28.814,69.697,73.8,Chamber air (proxy),Parabolic dish solar cooker,0,https://data.mendeley.com/datasets/szp4hfdymy/1,
395,2018-04_Stagnation,484.75,28.705,69.2875,73.5,Chamber air (proxy),Parabolic dish solar cooker,0,https://data.mendeley.com/datasets/szp4hfdymy/1,
396,2018-04_Stagnation,478.8,28.596,68.878,73.2,Chamber air (proxy),Parabolic dish solar cooker,0,https://data.mendeley.com/datasets/szp4hfdymy/1,
397,2018-04_Stagnation,472.85,28.487,68.4685,72.9,Chamber air (proxy),Parabolic dish solar cooker,0,https://data.mendeley.com/datasets/szp4hfdymy/1,
398,2018-04_Stagnation,466.9,28.378,68.059,72.6,Chamber air (proxy),Parabolic dish solar cooker,0,https://data.mendeley.com/datasets/szp4hfdymy/1,
399,2018-04_Stagnation,460.95,28.269,67.6495,72.3,Chamber air (proxy),Parabolic dish solar cooker,0,https://data.mendeley.com/datasets/szp4hfdymy/1,
400,2018-04_Stagnation,455,28.16,67.24,72,Chamber air (proxy),Parabolic dish solar cooker,0,https://data.mendeley.com/datasets/szp4hfdymy/1,
401,2018-04_Stagnation,451,28.13,66.439,71.3585,Chamber air (proxy),Parabolic dish solar cooker,0,https://data.mendeley.com/datasets/szp4hfdymy/1,
402,2018-04_Stagnation,447,28.1,65.638,70.717,Chamber air (proxy),Parabolic dish solar cooker,0,https://data.mendeley.com/datasets/szp4hfdymy/1,
403,2018-04_Stagnation,443,28.07,64.837,70.0755,Chamber air (proxy),Parabolic dish solar cooker,0,https://data.mendeley.com/datasets/szp4hfdymy/1,
404,2018-04_Stagnation,439,28.04,64.036,69.434,Chamber air (proxy),Parabolic dish solar cooker,0,https://data.mendeley.com/datasets/szp4hfdymy/1,
405,2018-04_Stagnation,435,28.01,63.235,68.7925,Chamber air (proxy),Parabolic dish solar cooker,0,https://data.mendeley.com/datasets/szp4hfdymy/1,
406,2018-04_Stagnation,431,27.98,62.434,68.151,Chamber air (proxy),Parabolic dish solar cooker,0,https://data.mendeley.com/datasets/szp4hfdymy/1,
407,2018-04_Stagnation,427,27.95,61.633,67.5095,Chamber air (proxy),Parabolic dish solar cooker,0,https://data.mendeley.com/datasets/szp4hfdymy/1,
408,2018-04_Stagnation,423,27.92,60.832,66.868,Chamber air (proxy),Parabolic dish solar cooker,0,https://data.mendeley.com/datasets/szp4hfdymy/1,
409,2018-04_Stagnation,419,27.89,60.031,66.2265,Chamber air (proxy),Parabolic dish solar cooker,0,https://data.mendeley.com/datasets/szp4hfdymy/1,
410,2018-04_Stagnation,415,27.86,59.23,65.585,Chamber air (proxy),Parabolic dish solar cooker,0,https://data.mendeley.com/datasets/szp4hfdymy/1,
411,2018-04_Stagnation,411,27.83,58.429,64.9435,Chamber air (proxy),Parabolic dish solar cooker,0,https://data.mendeley.com/datasets/szp4hfdymy/1,
412,2018-04_Stagnation,407,27.8,57.628,64.302,Chamber air (proxy),Parabolic dish solar cooker,0,https://data.mendeley.com/datasets/szp4hfdymy/1,
413,2018-04_Stagnation,403,27.77,56.827,63.6605,Chamber air (proxy),Parabolic dish solar cooker,0,https://data.mendeley.com/datasets/szp4hfdymy/1,
414,2018-04_Stagnation,399,27.74,56.026,63.019,Chamber air (proxy),Parabolic dish solar cooker,0,https://data.mendeley.com/datasets/szp4hfdymy/1,
415,2018-04_Stagnation,395,27.71,55.225,62.3775,Chamber air (proxy),Parabolic dish solar cooker,0,https://data.mendeley.com/datasets/szp4hfdymy/1,
416,2018-04_Stagnation,391,27.68,54.424,61.736,Chamber air (proxy),Parabolic dish solar cooker,0,https://data.mendeley.com/datasets/szp4hfdymy/1,
417,2018-04_Stagnation,387,27.65,53.623,61.0945,Chamber air (proxy),Parabolic dish solar cooker,0,https://data.mendeley.com/datasets/szp4hfdymy/1,
418,2018-04_Stagnation,383,27.62,52.822,60.453,Chamber air (proxy),Parabolic dish solar cooker,0,https://data.mendeley.com/datasets/szp4hfdymy/1,
419,2018-04_Stagnation,379,27.59,52.021,59.8115,Chamber air (proxy),Parabolic dish solar cooker,0,https://data.mendeley.com/datasets/szp4hfdymy/1,
420,2018-04_Stagnation,375,27.56,51.22,59.17,Chamber air (proxy),Parabolic dish solar cooker,0,https://data.mendeley.com/datasets/szp4hfdymy/1,
0,GlobalSunOven_Box,700,25,77.9,77.9,Water (test medium),box,1,https://catalog.data.gov/dataset/solar-cooker-test-data-per-asae-s580-1-nov2013-american-society-of-agricultural-and-biolog,
1,GlobalSunOven_Box,700,25,78.19,78.19,Water (test medium),box,1,https://catalog.data.gov/dataset/solar-cooker-test-data-per-asae-s580-1-nov2013-american-society-of-agricultural-and-biolog,
2,GlobalSunOven_Box,700,25,78.48,78.48,Water (test medium),box,1,https://catalog.data.gov/dataset/solar-cooker-test-data-per-asae-s580-1-nov2013-american-society-of-agricultural-and-biolog,
3,GlobalSunOven_Box,700,25,78.77,78.77,Water (test medium),box,1,https://catalog.data.gov/dataset/solar-cooker-test-data-per-asae-s580-1-nov2013-american-society-of-agricultural-and-biolog,
4,GlobalSunOven_Box,700,25,79.06,79.06,Water (test medium),box,1,https://catalog.data.gov/dataset/solar-cooker-test-data-per-asae-s580-1-nov2013-american-society-of-agricultural-and-biolog,
5,GlobalSunOven_Box,700,25,79.35,79.35,Water (test medium),box,1,https://catalog.data.gov/dataset/solar-cooker-test-data-per-asae-s580-1-nov2013-american-society-of-agricultural-and-biolog,
6,GlobalSunOven_Box,700,25,79.64,79.64,Water (test medium),box,1,https://catalog.data.gov/dataset/solar-cooker-test-data-per-asae-s580-1-nov2013-american-society-of-agricultural-and-biolog,
7,GlobalSunOven_Box,700,25,79.93,79.93,Water (test medium),box,1,https://catalog.data.gov/dataset/solar-cooker-test-data-per-asae-s580-1-nov2013-american-society-of-agricultural-and-biolog,
8,GlobalSunOven_Box,700,25,80.22,80.22,Water (test medium),box,1,https://catalog.data.gov/dataset/solar-cooker-test-data-per-asae-s580-1-nov2013-american-society-of-agricultural-and-biolog,
9,GlobalSunOven_Box,700,25,80.51,80.51,Water (test medium),box,1,https://catalog.data.gov/dataset/solar-cooker-test-data-per-asae-s580-1-nov2013-american-society-of-agricultural-and-biolog,
10,GlobalSunOven_Box,700,25,80.8,80.8,Water (test medium),box,1,https://catalog.data.gov/dataset/solar-cooker-test-data-per-asae-s580-1-nov2013-american-society-of-agricultural-and-biolog,
11,GlobalSunOven_Box,700,25,81.07,81.07,Water (test medium),box,1,https://catalog.data.gov/dataset/solar-cooker-test-data-per-asae-s580-1-nov2013-american-society-of-agricultural-and-biolog,
12,GlobalSunOven_Box,700,25,81.34,81.34,Water (test medium),box,1,https://catalog.data.gov/dataset/solar-cooker-test-data-per-asae-s580-1-nov2013-american-society-of-agricultural-and-biolog,
13,GlobalSunOven_Box,700,25,81.61,81.61,Water (test medium),box,1,https://catalog.data.gov/dataset/solar-cooker-test-data-per-asae-s580-1-nov2013-american-society-of-agricultural-and-biolog,
14,GlobalSunOven_Box,700,25,81.88,81.88,Water (test medium),box,1,https://catalog.data.gov/dataset/solar-cooker-test-data-per-asae-s580-1-nov2013-american-society-of-agricultural-and-biolog,
15,GlobalSunOven_Box,700,25,82.15,82.15,Water (test medium),box,1,https://catalog.data.gov/dataset/solar-cooker-test-data-per-asae-s580-1-nov2013-american-society-of-agricultural-and-biolog,
16,GlobalSunOven_Box,700,25,82.42,82.42,Water (test medium),box,1,https://catalog.data.gov/dataset/solar-cooker-test-data-per-asae-s580-1-nov2013-american-society-of-agricultural-and-biolog,
17,GlobalSunOven_Box,700,25,82.69,82.69,Water (test medium),box,1,https://catalog.data.gov/dataset/solar-cooker-test-data-per-asae-s580-1-nov2013-american-society-of-agricultural-and-biolog,
18,GlobalSunOven_Box,700,25,82.96,82.96,Water (test medium),box,1,https://catalog.data.gov/dataset/solar-cooker-test-data-per-asae-s580-1-nov2013-american-society-of-agricultural-and-biolog,
19,GlobalSunOven_Box,700,25,83.23,83.23,Water (test medium),box,1,https://catalog.data.gov/dataset/solar-cooker-test-data-per-asae-s580-1-nov2013-american-society-of-agricultural-and-biolog,
20,GlobalSunOven_Box,700,25,83.5,83.5,Water (test medium),box,1,https://catalog.data.gov/dataset/solar-cooker-test-data-per-asae-s580-1-nov2013-american-society-of-agricultural-and-biolog,
21,GlobalSunOven_Box,700,25,83.79,83.79,Water (test medium),box,1,https://catalog.data.gov/dataset/solar-cooker-test-data-per-asae-s580-1-nov2013-american-society-of-agricultural-and-biolog,
22,GlobalSunOven_Box,700,25,84.08,84.08,Water (test medium),box,1,https://catalog.data.gov/dataset/solar-cooker-test-data-per-asae-s580-1-nov2013-american-society-of-agricultural-and-biolog,
23,GlobalSunOven_Box,700,25,84.37,84.37,Water (test medium),box,1,https://catalog.data.gov/dataset/solar-cooker-test-data-per-asae-s580-1-nov2013-american-society-of-agricultural-and-biolog,
24,GlobalSunOven_Box,700,25,84.66,84.66,Water (test medium),box,1,https://catalog.data.gov/dataset/solar-cooker-test-data-per-asae-s580-1-nov2013-american-society-of-agricultural-and-biolog,
25,GlobalSunOven_Box,700,25,84.95,84.95,Water (test medium),box,1,https://catalog.data.gov/dataset/solar-cooker-test-data-per-asae-s580-1-nov2013-american-society-of-agricultural-and-biolog,
26,GlobalSunOven_Box,700,25,85.24,85.24,Water (test medium),box,1,https://catalog.data.gov/dataset/solar-cooker-test-data-per-asae-s580-1-nov2013-american-society-of-agricultural-and-biolog,
27,GlobalSunOven_Box,700,25,85.53,85.53,Water (test medium),box,1,https://catalog.data.gov/dataset/solar-cooker-test-data-per-asae-s580-1-nov2013-american-society-of-agricultural-and-biolog,
28,GlobalSunOven_Box,700,25,85.82,85.82,Water (test medium),box,1,https://catalog.data.gov/dataset/solar-cooker-test-data-per-asae-s580-1-nov2013-american-society-of-agricultural-and-biolog,
29,GlobalSunOven_Box,700,25,86.11,86.11,Water (test medium),box,1,https://catalog.data.gov/dataset/solar-cooker-test-data-per-asae-s580-1-nov2013-american-society-of-agricultural-and-biolog,
30,GlobalSunOven_Box,700,25,86.4,86.4,Water (test medium),box,1,https://catalog.data.gov/dataset/solar-cooker-test-data-per-asae-s580-1-nov2013-american-society-of-agricultural-and-biolog,
31,GlobalSunOven_Box,700,25,80.99,80.99,Water (test medium),box,1,https://catalog.data.gov/dataset/solar-cooker-test-data-per-asae-s580-1-nov2013-american-society-of-agricultural-and-biolog,
32,GlobalSunOven_Box,700,25,75.58,75.58,Water (test medium),box,1,https://catalog.data.gov/dataset/solar-cooker-test-data-per-asae-s580-1-nov2013-american-society-of-agricultural-and-biolog,
33,GlobalSunOven_Box,700,25,70.17,70.17,Water (test medium),box,1,https://catalog.data.gov/dataset/solar-cooker-test-data-per-asae-s580-1-nov2013-american-society-of-agricultural-and-biolog,
34,GlobalSunOven_Box,700,25,64.76,64.76,Water (test medium),box,1,https://catalog.data.gov/dataset/solar-cooker-test-data-per-asae-s580-1-nov2013-american-society-of-agricultural-and-biolog,
35,GlobalSunOven_Box,700,25,59.35,59.35,Water (test medium),box,1,https://catalog.data.gov/dataset/solar-cooker-test-data-per-asae-s580-1-nov2013-american-society-of-agricultural-and-biolog,
36,GlobalSunOven_Box,700,25,53.94,53.94,Water (test medium),box,1,https://catalog.data.gov/dataset/solar-cooker-test-data-per-asae-s580-1-nov2013-american-society-of-agricultural-and-biolog,
37,GlobalSunOven_Box,700,25,48.53,48.53,Water (test medium),box,1,https://catalog.data.gov/dataset/solar-cooker-test-data-per-asae-s580-1-nov2013-american-society-of-agricultural-and-biolog,
38,GlobalSunOven_Box,700,25,43.12,43.12,Water (test medium),box,1,https://catalog.data.gov/dataset/solar-cooker-test-data-per-asae-s580-1-nov2013-american-society-of-agricultural-and-biolog,
39,GlobalSunOven_Box,700,25,37.71,37.71,Water (test medium),box,1,https://catalog.data.gov/dataset/solar-cooker-test-data-per-asae-s580-1-nov2013-american-society-of-agricultural-and-biolog,
40,GlobalSunOven_Box,700,25,32.3,32.3,Water (test medium),box,1,https://catalog.data.gov/dataset/solar-cooker-test-data-per-asae-s580-1-nov2013-american-society-of-agricultural-and-biolog,
41,GlobalSunOven_Box,700,25,32.7,32.7,Water (test medium),box,1,https://catalog.data.gov/dataset/solar-cooker-test-data-per-asae-s580-1-nov2013-american-society-of-agricultural-and-biolog,
42,GlobalSunOven_Box,700,25,33.1,33.1,Water (test medium),box,1,https://catalog.data.gov/dataset/solar-cooker-test-data-per-asae-s580-1-nov2013-american-society-of-agricultural-and-biolog,
43,GlobalSunOven_Box,700,25,33.5,33.5,Water (test medium),box,1,https://catalog.data.gov/dataset/solar-cooker-test-data-per-asae-s580-1-nov2013-american-society-of-agricultural-and-biolog,
44,GlobalSunOven_Box,700,25,33.9,33.9,Water (test medium),box,1,https://catalog.data.gov/dataset/solar-cooker-test-data-per-asae-s580-1-nov2013-american-society-of-agricultural-and-biolog,
45,GlobalSunOven_Box,700,25,34.3,34.3,Water (test medium),box,1,https://catalog.data.gov/dataset/solar-cooker-test-data-per-asae-s580-1-nov2013-american-society-of-agricultural-and-biolog,
46,GlobalSunOven_Box,700,25,34.7,34.7,Water (test medium),box,1,https://catalog.data.gov/dataset/solar-cooker-test-data-per-asae-s580-1-nov2013-american-society-of-agricultural-and-biolog,
47,GlobalSunOven_Box,700,25,35.1,35.1,Water (test medium),box,1,https://catalog.data.gov/dataset/solar-cooker-test-data-per-asae-s580-1-nov2013-american-society-of-agricultural-and-biolog,
48,GlobalSunOven_Box,700,25,35.5,35.5,Water (test medium),box,1,https://catalog.data.gov/dataset/solar-cooker-test-data-per-asae-s580-1-nov2013-american-society-of-agricultural-and-biolog,
49,GlobalSunOven_Box,700,25,35.9,35.9,Water (test medium),box,1,https://catalog.data.gov/dataset/solar-cooker-test-data-per-asae-s580-1-nov2013-american-society-of-agricultural-and-biolog,
50,GlobalSunOven_Box,700,25,36.3,36.3,Water (test medium),box,1,https://catalog.data.gov/dataset/solar-cooker-test-data-per-asae-s580-1-nov2013-american-society-of-agricultural-and-biolog,
51,GlobalSunOven_Box,700,25,36.7,36.7,Water (test medium),box,1,https://catalog.data.gov/dataset/solar-cooker-test-data-per-asae-s580-1-nov2013-american-society-of-agricultural-and-biolog,
52,GlobalSunOven_Box,700,25,37.1,37.1,Water (test medium),box,1,https://catalog.data.gov/dataset/solar-cooker-test-data-per-asae-s580-1-nov2013-american-society-of-agricultural-and-biolog,
53,GlobalSunOven_Box,700,25,37.5,37.5,Water (test medium),box,1,https://catalog.data.gov/dataset/solar-cooker-test-data-per-asae-s580-1-nov2013-american-society-of-agricultural-and-biolog,
54,GlobalSunOven_Box,700,25,37.9,37.9,Water (test medium),box,1,https://catalog.data.gov/dataset/solar-cooker-test-data-per-asae-s580-1-nov2013-american-society-of-agricultural-and-biolog,
55,GlobalSunOven_Box,700,25,38.3,38.3,Water (test medium),box,1,https://catalog.data.gov/dataset/solar-cooker-test-data-per-asae-s580-1-nov2013-american-society-of-agricultural-and-biolog,
56,GlobalSunOven_Box,700,25,38.7,38.7,Water (test medium),box,1,https://catalog.data.gov/dataset/solar-cooker-test-data-per-asae-s580-1-nov2013-american-society-of-agricultural-and-biolog,
57,GlobalSunOven_Box,700,25,39.1,39.1,Water (test medium),box,1,https://catalog.data.gov/dataset/solar-cooker-test-data-per-asae-s580-1-nov2013-american-society-of-agricultural-and-biolog,
58,GlobalSunOven_Box,700,25,39.5,39.5,Water (test medium),box,1,https://catalog.data.gov/dataset/solar-cooker-test-data-per-asae-s580-1-nov2013-american-society-of-agricultural-and-biolog,
59,GlobalSunOven_Box,700,25,39.9,39.9,Water (test medium),box,1,https://catalog.data.gov/dataset/solar-cooker-test-data-per-asae-s580-1-nov2013-american-society-of-agricultural-and-biolog,
60,GlobalSunOven_Box,700,25,40.3,40.3,Water (test medium),box,1,https://catalog.data.gov/dataset/solar-cooker-test-data-per-asae-s580-1-nov2013-american-society-of-agricultural-and-biolog,
61,GlobalSunOven_Box,700,25,40.69,40.69,Water (test medium),box,1,https://catalog.data.gov/dataset/solar-cooker-test-data-per-asae-s580-1-nov2013-american-society-of-agricultural-and-biolog,
62,GlobalSunOven_Box,700,25,41.08,41.08,Water (test medium),box,1,https://catalog.data.gov/dataset/solar-cooker-test-data-per-asae-s580-1-nov2013-american-society-of-agricultural-and-biolog,
63,GlobalSunOven_Box,700,25,41.47,41.47,Water (test medium),box,1,https://catalog.data.gov/dataset/solar-cooker-test-data-per-asae-s580-1-nov2013-american-society-of-agricultural-and-biolog,
64,GlobalSunOven_Box,700,25,41.86,41.86,Water (test medium),box,1,https://catalog.data.gov/dataset/solar-cooker-test-data-per-asae-s580-1-nov2013-american-society-of-agricultural-and-biolog,
65,GlobalSunOven_Box,700,25,42.25,42.25,Water (test medium),box,1,https://catalog.data.gov/dataset/solar-cooker-test-data-per-asae-s580-1-nov2013-american-society-of-agricultural-and-biolog,
66,GlobalSunOven_Box,700,25,42.64,42.64,Water (test medium),box,1,https://catalog.data.gov/dataset/solar-cooker-test-data-per-asae-s580-1-nov2013-american-society-of-agricultural-and-biolog,
67,GlobalSunOven_Box,700,25,43.03,43.03,Water (test medium),box,1,https://catalog.data.gov/dataset/solar-cooker-test-data-per-asae-s580-1-nov2013-american-society-of-agricultural-and-biolog,
68,GlobalSunOven_Box,700,25,43.42,43.42,Water (test medium),box,1,https://catalog.data.gov/dataset/solar-cooker-test-data-per-asae-s580-1-nov2013-american-society-of-agricultural-and-biolog,
69,GlobalSunOven_Box,700,25,43.81,43.81,Water (test medium),box,1,https://catalog.data.gov/dataset/solar-cooker-test-data-per-asae-s580-1-nov2013-american-society-of-agricultural-and-biolog,
70,GlobalSunOven_Box,700,25,44.2,44.2,Water (test medium),box,1,https://catalog.data.gov/dataset/solar-cooker-test-data-per-asae-s580-1-nov2013-american-society-of-agricultural-and-biolog,
71,GlobalSunOven_Box,700,25,44.57,44.57,Water (test medium),box,1,https://catalog.data.gov/dataset/solar-cooker-test-data-per-asae-s580-1-nov2013-american-society-of-agricultural-and-biolog,
72,GlobalSunOven_Box,700,25,44.94,44.94,Water (test medium),box,1,https://catalog.data.gov/dataset/solar-cooker-test-data-per-asae-s580-1-nov2013-american-society-of-agricultural-and-biolog,
73,GlobalSunOven_Box,700,25,45.31,45.31,Water (test medium),box,1,https://catalog.data.gov/dataset/solar-cooker-test-data-per-asae-s580-1-nov2013-american-society-of-agricultural-and-biolog,
74,GlobalSunOven_Box,700,25,45.68,45.68,Water (test medium),box,1,https://catalog.data.gov/dataset/solar-cooker-test-data-per-asae-s580-1-nov2013-american-society-of-agricultural-and-biolog,
75,GlobalSunOven_Box,700,25,46.05,46.05,Water (test medium),box,1,https://catalog.data.gov/dataset/solar-cooker-test-data-per-asae-s580-1-nov2013-american-society-of-agricultural-and-biolog,
76,GlobalSunOven_Box,700,25,46.42,46.42,Water (test medium),box,1,https://catalog.data.gov/dataset/solar-cooker-test-data-per-asae-s580-1-nov2013-american-society-of-agricultural-and-biolog,
77,GlobalSunOven_Box,700,25,46.79,46.79,Water (test medium),box,1,https://catalog.data.gov/dataset/solar-cooker-test-data-per-asae-s580-1-nov2013-american-society-of-agricultural-and-biolog,
78,GlobalSunOven_Box,700,25,47.16,47.16,Water (test medium),box,1,https://catalog.data.gov/dataset/solar-cooker-test-data-per-asae-s580-1-nov2013-american-society-of-agricultural-and-biolog,
79,GlobalSunOven_Box,700,25,47.53,47.53,Water (test medium),box,1,https://catalog.data.gov/dataset/solar-cooker-test-data-per-asae-s580-1-nov2013-american-society-of-agricultural-and-biolog,
80,GlobalSunOven_Box,700,25,47.9,47.9,Water (test medium),box,1,https://catalog.data.gov/dataset/solar-cooker-test-data-per-asae-s580-1-nov2013-american-society-of-agricultural-and-biolog,
81,GlobalSunOven_Box,700,25,48.3,48.3,Water (test medium),box,1,https://catalog.data.gov/dataset/solar-cooker-test-data-per-asae-s580-1-nov2013-american-society-of-agricultural-and-biolog,
82,GlobalSunOven_Box,700,25,48.7,48.7,Water (test medium),box,1,https://catalog.data.gov/dataset/solar-cooker-test-data-per-asae-s580-1-nov2013-american-society-of-agricultural-and-biolog,
83,GlobalSunOven_Box,700,25,49.1,49.1,Water (test medium),box,1,https://catalog.data.gov/dataset/solar-cooker-test-data-per-asae-s580-1-nov2013-american-society-of-agricultural-and-biolog,
84,GlobalSunOven_Box,700,25,49.5,49.5,Water (test medium),box,1,https://catalog.data.gov/dataset/solar-cooker-test-data-per-asae-s580-1-nov2013-american-society-of-agricultural-and-biolog,
85,GlobalSunOven_Box,700,25,49.9,49.9,Water (test medium),box,1,https://catalog.data.gov/dataset/solar-cooker-test-data-per-asae-s580-1-nov2013-american-society-of-agricultural-and-biolog,
86,GlobalSunOven_Box,700,25,50.3,50.3,Water (test medium),box,1,https://catalog.data.gov/dataset/solar-cooker-test-data-per-asae-s580-1-nov2013-american-society-of-agricultural-and-biolog,
87,GlobalSunOven_Box,700,25,50.7,50.7,Water (test medium),box,1,https://catalog.data.gov/dataset/solar-cooker-test-data-per-asae-s580-1-nov2013-american-society-of-agricultural-and-biolog,
88,GlobalSunOven_Box,700,25,51.1,51.1,Water (test medium),box,1,https://catalog.data.gov/dataset/solar-cooker-test-data-per-asae-s580-1-nov2013-american-society-of-agricultural-and-biolog,
89,GlobalSunOven_Box,700,25,51.5,51.5,Water (test medium),box,1,https://catalog.data.gov/dataset/solar-cooker-test-data-per-asae-s580-1-nov2013-american-society-of-agricultural-and-biolog,
90,GlobalSunOven_Box,700,25,51.9,51.9,Water (test medium),box,1,https://catalog.data.gov/dataset/solar-cooker-test-data-per-asae-s580-1-nov2013-american-society-of-agricultural-and-biolog,
91,GlobalSunOven_Box,700,25,52.29,52.29,Water (test medium),box,1,https://catalog.data.gov/dataset/solar-cooker-test-data-per-asae-s580-1-nov2013-american-society-of-agricultural-and-biolog,
92,GlobalSunOven_Box,700,25,52.68,52.68,Water (test medium),box,1,https://catalog.data.gov/dataset/solar-cooker-test-data-per-asae-s580-1-nov2013-american-society-of-agricultural-and-biolog,
93,GlobalSunOven_Box,700,25,53.07,53.07,Water (test medium),box,1,https://catalog.data.gov/dataset/solar-cooker-test-data-per-asae-s580-1-nov2013-american-society-of-agricultural-and-biolog,
94,GlobalSunOven_Box,700,25,53.46,53.46,Water (test medium),box,1,https://catalog.data.gov/dataset/solar-cooker-test-data-per-asae-s580-1-nov2013-american-society-of-agricultural-and-biolog,
95,GlobalSunOven_Box,700,25,53.85,53.85,Water (test medium),box,1,https://catalog.data.gov/dataset/solar-cooker-test-data-per-asae-s580-1-nov2013-american-society-of-agricultural-and-biolog,
96,GlobalSunOven_Box,700,25,54.24,54.24,Water (test medium),box,1,https://catalog.data.gov/dataset/solar-cooker-test-data-per-asae-s580-1-nov2013-american-society-of-agricultural-and-biolog,
97,GlobalSunOven_Box,700,25,54.63,54.63,Water (test medium),box,1,https://catalog.data.gov/dataset/solar-cooker-test-data-per-asae-s580-1-nov2013-american-society-of-agricultural-and-biolog,
98,GlobalSunOven_Box,700,25,55.02,55.02,Water (test medium),box,1,https://catalog.data.gov/dataset/solar-cooker-test-data-per-asae-s580-1-nov2013-american-society-of-agricultural-and-biolog,
99,GlobalSunOven_Box,700,25,55.41,55.41,Water (test medium),box,1,https://catalog.data.gov/dataset/solar-cooker-test-data-per-asae-s580-1-nov2013-american-society-of-agricultural-and-biolog,
100,GlobalSunOven_Box,700,25,55.8,55.8,Water (test medium),box,1,https://catalog.data.gov/dataset/solar-cooker-test-data-per-asae-s580-1-nov2013-american-society-of-agricultural-and-biolog,
101,GlobalSunOven_Box,700,25,56.15,56.15,Water (test medium),box,1,https://catalog.data.gov/dataset/solar-cooker-test-data-per-asae-s580-1-nov2013-american-society-of-agricultural-and-biolog,
102,GlobalSunOven_Box,700,25,56.5,56.5,Water (test medium),box,1,https://catalog.data.gov/dataset/solar-cooker-test-data-per-asae-s580-1-nov2013-american-society-of-agricultural-and-biolog,
103,GlobalSunOven_Box,700,25,56.85,56.85,Water (test medium),box,1,https://catalog.data.gov/dataset/solar-cooker-test-data-per-asae-s580-1-nov2013-american-society-of-agricultural-and-biolog,
104,GlobalSunOven_Box,700,25,57.2,57.2,Water (test medium),box,1,https://catalog.data.gov/dataset/solar-cooker-test-data-per-asae-s580-1-nov2013-american-society-of-agricultural-and-biolog,
105,GlobalSunOven_Box,700,25,57.55,57.55,Water (test medium),box,1,https://catalog.data.gov/dataset/solar-cooker-test-data-per-asae-s580-1-nov2013-american-society-of-agricultural-and-biolog,
106,GlobalSunOven_Box,700,25,57.9,57.9,Water (test medium),box,1,https://catalog.data.gov/dataset/solar-cooker-test-data-per-asae-s580-1-nov2013-american-society-of-agricultural-and-biolog,
107,GlobalSunOven_Box,700,25,58.25,58.25,Water (test medium),box,1,https://catalog.data.gov/dataset/solar-cooker-test-data-per-asae-s580-1-nov2013-american-society-of-agricultural-and-biolog,
108,GlobalSunOven_Box,700,25,58.6,58.6,Water (test medium),box,1,https://catalog.data.gov/dataset/solar-cooker-test-data-per-asae-s580-1-nov2013-american-society-of-agricultural-and-biolog,
109,GlobalSunOven_Box,700,25,58.95,58.95,Water (test medium),box,1,https://catalog.data.gov/dataset/solar-cooker-test-data-per-asae-s580-1-nov2013-american-society-of-agricultural-and-biolog,
110,GlobalSunOven_Box,700,25,59.3,59.3,Water (test medium),box,1,https://catalog.data.gov/dataset/solar-cooker-test-data-per-asae-s580-1-nov2013-american-society-of-agricultural-and-biolog,
111,GlobalSunOven_Box,700,25,59.67,59.67,Water (test medium),box,1,https://catalog.data.gov/dataset/solar-cooker-test-data-per-asae-s580-1-nov2013-american-society-of-agricultural-and-biolog,
112,GlobalSunOven_Box,700,25,60.04,60.04,Water (test medium),box,1,https://catalog.data.gov/dataset/solar-cooker-test-data-per-asae-s580-1-nov2013-american-society-of-agricultural-and-biolog,
113,GlobalSunOven_Box,700,25,60.41,60.41,Water (test medium),box,1,https://catalog.data.gov/dataset/solar-cooker-test-data-per-asae-s580-1-nov2013-american-society-of-agricultural-and-biolog,
114,GlobalSunOven_Box,700,25,60.78,60.78,Water (test medium),box,1,https://catalog.data.gov/dataset/solar-cooker-test-data-per-asae-s580-1-nov2013-american-society-of-agricultural-and-biolog,
115,GlobalSunOven_Box,700,25,61.15,61.15,Water (test medium),box,1,https://catalog.data.gov/dataset/solar-cooker-test-data-per-asae-s580-1-nov2013-american-society-of-agricultural-and-biolog,
116,GlobalSunOven_Box,700,25,61.52,61.52,Water (test medium),box,1,https://catalog.data.gov/dataset/solar-cooker-test-data-per-asae-s580-1-nov2013-american-society-of-agricultural-and-biolog,
117,GlobalSunOven_Box,700,25,61.89,61.89,Water (test medium),box,1,https://catalog.data.gov/dataset/solar-cooker-test-data-per-asae-s580-1-nov2013-american-society-of-agricultural-and-biolog,
118,GlobalSunOven_Box,700,25,62.26,62.26,Water (test medium),box,1,https://catalog.data.gov/dataset/solar-cooker-test-data-per-asae-s580-1-nov2013-american-society-of-agricultural-and-biolog,
119,GlobalSunOven_Box,700,25,62.63,62.63,Water (test medium),box,1,https://catalog.data.gov/dataset/solar-cooker-test-data-per-asae-s580-1-nov2013-american-society-of-agricultural-and-biolog,
120,GlobalSunOven_Box,700,25,63,63,Water (test medium),box,1,https://catalog.data.gov/dataset/solar-cooker-test-data-per-asae-s580-1-nov2013-american-society-of-agricultural-and-biolog,
121,GlobalSunOven_Box,700,25,63.36,63.36,Water (test medium),box,1,https://catalog.data.gov/dataset/solar-cooker-test-data-per-asae-s580-1-nov2013-american-society-of-agricultural-and-biolog,
122,GlobalSunOven_Box,700,25,63.72,63.72,Water (test medium),box,1,https://catalog.data.gov/dataset/solar-cooker-test-data-per-asae-s580-1-nov2013-american-society-of-agricultural-and-biolog,
123,GlobalSunOven_Box,700,25,64.08,64.08,Water (test medium),box,1,https://catalog.data.gov/dataset/solar-cooker-test-data-per-asae-s580-1-nov2013-american-society-of-agricultural-and-biolog,
124,GlobalSunOven_Box,700,25,64.44,64.44,Water (test medium),box,1,https://catalog.data.gov/dataset/solar-cooker-test-data-per-asae-s580-1-nov2013-american-society-of-agricultural-and-biolog,
125,GlobalSunOven_Box,700,25,64.8,64.8,Water (test medium),box,1,https://catalog.data.gov/dataset/solar-cooker-test-data-per-asae-s580-1-nov2013-american-society-of-agricultural-and-biolog,
126,GlobalSunOven_Box,700,25,65.16,65.16,Water (test medium),box,1,https://catalog.data.gov/dataset/solar-cooker-test-data-per-asae-s580-1-nov2013-american-society-of-agricultural-and-biolog,
127,GlobalSunOven_Box,700,25,65.52,65.52,Water (test medium),box,1,https://catalog.data.gov/dataset/solar-cooker-test-data-per-asae-s580-1-nov2013-american-society-of-agricultural-and-biolog,
128,GlobalSunOven_Box,700,25,65.88,65.88,Water (test medium),box,1,https://catalog.data.gov/dataset/solar-cooker-test-data-per-asae-s580-1-nov2013-american-society-of-agricultural-and-biolog,
129,GlobalSunOven_Box,700,25,66.24,66.24,Water (test medium),box,1,https://catalog.data.gov/dataset/solar-cooker-test-data-per-asae-s580-1-nov2013-american-society-of-agricultural-and-biolog,
130,GlobalSunOven_Box,700,25,66.6,66.6,Water (test medium),box,1,https://catalog.data.gov/dataset/solar-cooker-test-data-per-asae-s580-1-nov2013-american-society-of-agricultural-and-biolog,
131,GlobalSunOven_Box,700,25,66.93,66.93,Water (test medium),box,1,https://catalog.data.gov/dataset/solar-cooker-test-data-per-asae-s580-1-nov2013-american-society-of-agricultural-and-biolog,
132,GlobalSunOven_Box,700,25,67.26,67.26,Water (test medium),box,1,https://catalog.data.gov/dataset/solar-cooker-test-data-per-asae-s580-1-nov2013-american-society-of-agricultural-and-biolog,
133,GlobalSunOven_Box,700,25,67.59,67.59,Water (test medium),box,1,https://catalog.data.gov/dataset/solar-cooker-test-data-per-asae-s580-1-nov2013-american-society-of-agricultural-and-biolog,
134,GlobalSunOven_Box,700,25,67.92,67.92,Water (test medium),box,1,https://catalog.data.gov/dataset/solar-cooker-test-data-per-asae-s580-1-nov2013-american-society-of-agricultural-and-biolog,
135,GlobalSunOven_Box,700,25,68.25,68.25,Water (test medium),box,1,https://catalog.data.gov/dataset/solar-cooker-test-data-per-asae-s580-1-nov2013-american-society-of-agricultural-and-biolog,
136,GlobalSunOven_Box,700,25,68.58,68.58,Water (test medium),box,1,https://catalog.data.gov/dataset/solar-cooker-test-data-per-asae-s580-1-nov2013-american-society-of-agricultural-and-biolog,
137,GlobalSunOven_Box,700,25,68.91,68.91,Water (test medium),box,1,https://catalog.data.gov/dataset/solar-cooker-test-data-per-asae-s580-1-nov2013-american-society-of-agricultural-and-biolog,
138,GlobalSunOven_Box,700,25,69.24,69.24,Water (test medium),box,1,https://catalog.data.gov/dataset/solar-cooker-test-data-per-asae-s580-1-nov2013-american-society-of-agricultural-and-biolog,
139,GlobalSunOven_Box,700,25,69.57,69.57,Water (test medium),box,1,https://catalog.data.gov/dataset/solar-cooker-test-data-per-asae-s580-1-nov2013-american-society-of-agricultural-and-biolog,
140,GlobalSunOven_Box,700,25,69.9,69.9,Water (test medium),box,1,https://catalog.data.gov/dataset/solar-cooker-test-data-per-asae-s580-1-nov2013-american-society-of-agricultural-and-biolog,
141,GlobalSunOven_Box,700,25,70.19,70.19,Water (test medium),box,1,https://catalog.data.gov/dataset/solar-cooker-test-data-per-asae-s580-1-nov2013-american-society-of-agricultural-and-biolog,
142,GlobalSunOven_Box,700,25,70.48,70.48,Water (test medium),box,1,https://catalog.data.gov/dataset/solar-cooker-test-data-per-asae-s580-1-nov2013-american-society-of-agricultural-and-biolog,
143,GlobalSunOven_Box,700,25,70.77,70.77,Water (test medium),box,1,https://catalog.data.gov/dataset/solar-cooker-test-data-per-asae-s580-1-nov2013-american-society-of-agricultural-and-biolog,
144,GlobalSunOven_Box,700,25,71.06,71.06,Water (test medium),box,1,https://catalog.data.gov/dataset/solar-cooker-test-data-per-asae-s580-1-nov2013-american-society-of-agricultural-and-biolog,
145,GlobalSunOven_Box,700,25,71.35,71.35,Water (test medium),box,1,https://catalog.data.gov/dataset/solar-cooker-test-data-per-asae-s580-1-nov2013-american-society-of-agricultural-and-biolog,
146,GlobalSunOven_Box,700,25,71.64,71.64,Water (test medium),box,1,https://catalog.data.gov/dataset/solar-cooker-test-data-per-asae-s580-1-nov2013-american-society-of-agricultural-and-biolog,
147,GlobalSunOven_Box,700,25,71.93,71.93,Water (test medium),box,1,https://catalog.data.gov/dataset/solar-cooker-test-data-per-asae-s580-1-nov2013-american-society-of-agricultural-and-biolog,
148,GlobalSunOven_Box,700,25,72.22,72.22,Water (test medium),box,1,https://catalog.data.gov/dataset/solar-cooker-test-data-per-asae-s580-1-nov2013-american-society-of-agricultural-and-biolog,
149,GlobalSunOven_Box,700,25,72.51,72.51,Water (test medium),box,1,https://catalog.data.gov/dataset/solar-cooker-test-data-per-asae-s580-1-nov2013-american-society-of-agricultural-and-biolog,
150,GlobalSunOven_Box,700,25,72.8,72.8,Water (test medium),box,1,https://catalog.data.gov/dataset/solar-cooker-test-data-per-asae-s580-1-nov2013-american-society-of-agricultural-and-biolog,
151,GlobalSunOven_Box,700,25,73.07,73.07,Water (test medium),box,1,https://catalog.data.gov/dataset/solar-cooker-test-data-per-asae-s580-1-nov2013-american-society-of-agricultural-and-biolog,
152,GlobalSunOven_Box,700,25,73.34,73.34,Water (test medium),box,1,https://catalog.data.gov/dataset/solar-cooker-test-data-per-asae-s580-1-nov2013-american-society-of-agricultural-and-biolog,
153,GlobalSunOven_Box,700,25,73.61,73.61,Water (test medium),box,1,https://catalog.data.gov/dataset/solar-cooker-test-data-per-asae-s580-1-nov2013-american-society-of-agricultural-and-biolog,
154,GlobalSunOven_Box,700,25,73.88,73.88,Water (test medium),box,1,https://catalog.data.gov/dataset/solar-cooker-test-data-per-asae-s580-1-nov2013-american-society-of-agricultural-and-biolog,
155,GlobalSunOven_Box,700,25,74.15,74.15,Water (test medium),box,1,https://catalog.data.gov/dataset/solar-cooker-test-data-per-asae-s580-1-nov2013-american-society-of-agricultural-and-biolog,
156,GlobalSunOven_Box,700,25,74.42,74.42,Water (test medium),box,1,https://catalog.data.gov/dataset/solar-cooker-test-data-per-asae-s580-1-nov2013-american-society-of-agricultural-and-biolog,
157,GlobalSunOven_Box,700,25,74.69,74.69,Water (test medium),box,1,https://catalog.data.gov/dataset/solar-cooker-test-data-per-asae-s580-1-nov2013-american-society-of-agricultural-and-biolog,
158,GlobalSunOven_Box,700,25,74.96,74.96,Water (test medium),box,1,https://catalog.data.gov/dataset/solar-cooker-test-data-per-asae-s580-1-nov2013-american-society-of-agricultural-and-biolog,
159,GlobalSunOven_Box,700,25,75.23,75.23,Water (test medium),box,1,https://catalog.data.gov/dataset/solar-cooker-test-data-per-asae-s580-1-nov2013-american-society-of-agricultural-and-biolog,
160,GlobalSunOven_Box,700,25,75.5,75.5,Water (test medium),box,1,https://catalog.data.gov/dataset/solar-cooker-test-data-per-asae-s580-1-nov2013-american-society-of-agricultural-and-biolog,
161,GlobalSunOven_Box,700,25,71.01,71.01,Water (test medium),box,1,https://catalog.data.gov/dataset/solar-cooker-test-data-per-asae-s580-1-nov2013-american-society-of-agricultural-and-biolog,
162,GlobalSunOven_Box,700,25,66.52,66.52,Water (test medium),box,1,https://catalog.data.gov/dataset/solar-cooker-test-data-per-asae-s580-1-nov2013-american-society-of-agricultural-and-biolog,
163,GlobalSunOven_Box,700,25,62.03,62.03,Water (test medium),box,1,https://catalog.data.gov/dataset/solar-cooker-test-data-per-asae-s580-1-nov2013-american-society-of-agricultural-and-biolog,
164,GlobalSunOven_Box,700,25,57.54,57.54,Water (test medium),box,1,https://catalog.data.gov/dataset/solar-cooker-test-data-per-asae-s580-1-nov2013-american-society-of-agricultural-and-biolog,
165,GlobalSunOven_Box,700,25,53.05,53.05,Water (test medium),box,1,https://catalog.data.gov/dataset/solar-cooker-test-data-per-asae-s580-1-nov2013-american-society-of-agricultural-and-biolog,
166,GlobalSunOven_Box,700,25,48.56,48.56,Water (test medium),box,1,https://catalog.data.gov/dataset/solar-cooker-test-data-per-asae-s580-1-nov2013-american-society-of-agricultural-and-biolog,
167,GlobalSunOven_Box,700,25,44.07,44.07,Water (test medium),box,1,https://catalog.data.gov/dataset/solar-cooker-test-data-per-asae-s580-1-nov2013-american-society-of-agricultural-and-biolog,
168,GlobalSunOven_Box,700,25,39.58,39.58,Water (test medium),box,1,https://catalog.data.gov/dataset/solar-cooker-test-data-per-asae-s580-1-nov2013-american-society-of-agricultural-and-biolog,
169,GlobalSunOven_Box,700,25,35.09,35.09,Water (test medium),box,1,https://catalog.data.gov/dataset/solar-cooker-test-data-per-asae-s580-1-nov2013-american-society-of-agricultural-and-biolog,
170,GlobalSunOven_Box,700,25,30.6,30.6,Water (test medium),box,1,https://catalog.data.gov/dataset/solar-cooker-test-data-per-asae-s580-1-nov2013-american-society-of-agricultural-and-biolog,
171,GlobalSunOven_Box,700,25,30.77,30.77,Water (test medium),box,1,https://catalog.data.gov/dataset/solar-cooker-test-data-per-asae-s580-1-nov2013-american-society-of-agricultural-and-biolog,
172,GlobalSunOven_Box,700,25,30.94,30.94,Water (test medium),box,1,https://catalog.data.gov/dataset/solar-cooker-test-data-per-asae-s580-1-nov2013-american-society-of-agricultural-and-biolog,
173,GlobalSunOven_Box,700,25,31.11,31.11,Water (test medium),box,1,https://catalog.data.gov/dataset/solar-cooker-test-data-per-asae-s580-1-nov2013-american-society-of-agricultural-and-biolog,
174,GlobalSunOven_Box,700,25,31.28,31.28,Water (test medium),box,1,https://catalog.data.gov/dataset/solar-cooker-test-data-per-asae-s580-1-nov2013-american-society-of-agricultural-and-biolog,
175,GlobalSunOven_Box,700,25,31.45,31.45,Water (test medium),box,1,https://catalog.data.gov/dataset/solar-cooker-test-data-per-asae-s580-1-nov2013-american-society-of-agricultural-and-biolog,
176,GlobalSunOven_Box,700,25,31.62,31.62,Water (test medium),box,1,https://catalog.data.gov/dataset/solar-cooker-test-data-per-asae-s580-1-nov2013-american-society-of-agricultural-and-biolog,
177,GlobalSunOven_Box,700,25,31.79,31.79,Water (test medium),box,1,https://catalog.data.gov/dataset/solar-cooker-test-data-per-asae-s580-1-nov2013-american-society-of-agricultural-and-biolog,
178,GlobalSunOven_Box,700,25,31.96,31.96,Water (test medium),box,1,https://catalog.data.gov/dataset/solar-cooker-test-data-per-asae-s580-1-nov2013-american-society-of-agricultural-and-biolog,
179,GlobalSunOven_Box,700,25,32.13,32.13,Water (test medium),box,1,https://catalog.data.gov/dataset/solar-cooker-test-data-per-asae-s580-1-nov2013-american-society-of-agricultural-and-biolog,
180,GlobalSunOven_Box,700,25,32.3,32.3,Water (test medium),box,1,https://catalog.data.gov/dataset/solar-cooker-test-data-per-asae-s580-1-nov2013-american-society-of-agricultural-and-biolog,
181,GlobalSunOven_Box,700,25,32.32,32.32,Water (test medium),box,1,https://catalog.data.gov/dataset/solar-cooker-test-data-per-asae-s580-1-nov2013-american-society-of-agricultural-and-biolog,
182,GlobalSunOven_Box,700,25,32.34,32.34,Water (test medium),box,1,https://catalog.data.gov/dataset/solar-cooker-test-data-per-asae-s580-1-nov2013-american-society-of-agricultural-and-biolog,
183,GlobalSunOven_Box,700,25,32.36,32.36,Water (test medium),box,1,https://catalog.data.gov/dataset/solar-cooker-test-data-per-asae-s580-1-nov2013-american-society-of-agricultural-and-biolog,
184,GlobalSunOven_Box,700,25,32.38,32.38,Water (test medium),box,1,https://catalog.data.gov/dataset/solar-cooker-test-data-per-asae-s580-1-nov2013-american-society-of-agricultural-and-biolog,
185,GlobalSunOven_Box,700,25,32.4,32.4,Water (test medium),box,1,https://catalog.data.gov/dataset/solar-cooker-test-data-per-asae-s580-1-nov2013-american-society-of-agricultural-and-biolog,
186,GlobalSunOven_Box,700,25,32.42,32.42,Water (test medium),box,1,https://catalog.data.gov/dataset/solar-cooker-test-data-per-asae-s580-1-nov2013-american-society-of-agricultural-and-biolog,
187,GlobalSunOven_Box,700,25,32.44,32.44,Water (test medium),box,1,https://catalog.data.gov/dataset/solar-cooker-test-data-per-asae-s580-1-nov2013-american-society-of-agricultural-and-biolog,
188,GlobalSunOven_Box,700,25,32.46,32.46,Water (test medium),box,1,https://catalog.data.gov/dataset/solar-cooker-test-data-per-asae-s580-1-nov2013-american-society-of-agricultural-and-biolog,
189,GlobalSunOven_Box,700,25,32.48,32.48,Water (test medium),box,1,https://catalog.data.gov/dataset/solar-cooker-test-data-per-asae-s580-1-nov2013-american-society-of-agricultural-and-biolog,
190,GlobalSunOven_Box,700,25,32.5,32.5,Water (test medium),box,1,https://catalog.data.gov/dataset/solar-cooker-test-data-per-asae-s580-1-nov2013-american-society-of-agricultural-and-biolog,
191,GlobalSunOven_Box,700,25,32.8,32.8,Water (test medium),box,1,https://catalog.data.gov/dataset/solar-cooker-test-data-per-asae-s580-1-nov2013-american-society-of-agricultural-and-biolog,
192,GlobalSunOven_Box,700,25,33.1,33.1,Water (test medium),box,1,https://catalog.data.gov/dataset/solar-cooker-test-data-per-asae-s580-1-nov2013-american-society-of-agricultural-and-biolog,
193,GlobalSunOven_Box,700,25,33.4,33.4,Water (test medium),box,1,https://catalog.data.gov/dataset/solar-cooker-test-data-per-asae-s580-1-nov2013-american-society-of-agricultural-and-biolog,
194,GlobalSunOven_Box,700,25,33.7,33.7,Water (test medium),box,1,https://catalog.data.gov/dataset/solar-cooker-test-data-per-asae-s580-1-nov2013-american-society-of-agricultural-and-biolog,
195,GlobalSunOven_Box,700,25,34,34,Water (test medium),box,1,https://catalog.data.gov/dataset/solar-cooker-test-data-per-asae-s580-1-nov2013-american-society-of-agricultural-and-biolog,
196,GlobalSunOven_Box,700,25,34.3,34.3,Water (test medium),box,1,https://catalog.data.gov/dataset/solar-cooker-test-data-per-asae-s580-1-nov2013-american-society-of-agricultural-and-biolog,
197,GlobalSunOven_Box,700,25,34.6,34.6,Water (test medium),box,1,https://catalog.data.gov/dataset/solar-cooker-test-data-per-asae-s580-1-nov2013-american-society-of-agricultural-and-biolog,
198,GlobalSunOven_Box,700,25,34.9,34.9,Water (test medium),box,1,https://catalog.data.gov/dataset/solar-cooker-test-data-per-asae-s580-1-nov2013-american-society-of-agricultural-and-biolog,
199,GlobalSunOven_Box,700,25,35.2,35.2,Water (test medium),box,1,https://catalog.data.gov/dataset/solar-cooker-test-data-per-asae-s580-1-nov2013-american-society-of-agricultural-and-biolog,
200,GlobalSunOven_Box,700,25,35.5,35.5,Water (test medium),box,1,https://catalog.data.gov/dataset/solar-cooker-test-data-per-asae-s580-1-nov2013-american-society-of-agricultural-and-biolog,
201,GlobalSunOven_Box,700,25,36.17,36.17,Water (test medium),box,1,https://catalog.data.gov/dataset/solar-cooker-test-data-per-asae-s580-1-nov2013-american-society-of-agricultural-and-biolog,
202,GlobalSunOven_Box,700,25,36.84,36.84,Water (test medium),box,1,https://catalog.data.gov/dataset/solar-cooker-test-data-per-asae-s580-1-nov2013-american-society-of-agricultural-and-biolog,
203,GlobalSunOven_Box,700,25,37.51,37.51,Water (test medium),box,1,https://catalog.data.gov/dataset/solar-cooker-test-data-per-asae-s580-1-nov2013-american-society-of-agricultural-and-biolog,
204,GlobalSunOven_Box,700,25,38.18,38.18,Water (test medium),box,1,https://catalog.data.gov/dataset/solar-cooker-test-data-per-asae-s580-1-nov2013-american-society-of-agricultural-and-biolog,
205,GlobalSunOven_Box,700,25,38.85,38.85,Water (test medium),box,1,https://catalog.data.gov/dataset/solar-cooker-test-data-per-asae-s580-1-nov2013-american-society-of-agricultural-and-biolog,
206,GlobalSunOven_Box,700,25,39.52,39.52,Water (test medium),box,1,https://catalog.data.gov/dataset/solar-cooker-test-data-per-asae-s580-1-nov2013-american-society-of-agricultural-and-biolog,
207,GlobalSunOven_Box,700,25,40.19,40.19,Water (test medium),box,1,https://catalog.data.gov/dataset/solar-cooker-test-data-per-asae-s580-1-nov2013-american-society-of-agricultural-and-biolog,
208,GlobalSunOven_Box,700,25,40.86,40.86,Water (test medium),box,1,https://catalog.data.gov/dataset/solar-cooker-test-data-per-asae-s580-1-nov2013-american-society-of-agricultural-and-biolog,
209,GlobalSunOven_Box,700,25,41.53,41.53,Water (test medium),box,1,https://catalog.data.gov/dataset/solar-cooker-test-data-per-asae-s580-1-nov2013-american-society-of-agricultural-and-biolog,
210,GlobalSunOven_Box,700,25,42.2,42.2,Water (test medium),box,1,https://catalog.data.gov/dataset/solar-cooker-test-data-per-asae-s580-1-nov2013-american-society-of-agricultural-and-biolog,
211,GlobalSunOven_Box,700,25,42.55,42.55,Water (test medium),box,1,https://catalog.data.gov/dataset/solar-cooker-test-data-per-asae-s580-1-nov2013-american-society-of-agricultural-and-biolog,
212,GlobalSunOven_Box,700,25,42.9,42.9,Water (test medium),box,1,https://catalog.data.gov/dataset/solar-cooker-test-data-per-asae-s580-1-nov2013-american-society-of-agricultural-and-biolog,
213,GlobalSunOven_Box,700,25,43.25,43.25,Water (test medium),box,1,https://catalog.data.gov/dataset/solar-cooker-test-data-per-asae-s580-1-nov2013-american-society-of-agricultural-and-biolog,
214,GlobalSunOven_Box,700,25,43.6,43.6,Water (test medium),box,1,https://catalog.data.gov/dataset/solar-cooker-test-data-per-asae-s580-1-nov2013-american-society-of-agricultural-and-biolog,
215,GlobalSunOven_Box,700,25,43.95,43.95,Water (test medium),box,1,https://catalog.data.gov/dataset/solar-cooker-test-data-per-asae-s580-1-nov2013-american-society-of-agricultural-and-biolog,
216,GlobalSunOven_Box,700,25,44.3,44.3,Water (test medium),box,1,https://catalog.data.gov/dataset/solar-cooker-test-data-per-asae-s580-1-nov2013-american-society-of-agricultural-and-biolog,
217,GlobalSunOven_Box,700,25,44.65,44.65,Water (test medium),box,1,https://catalog.data.gov/dataset/solar-cooker-test-data-per-asae-s580-1-nov2013-american-society-of-agricultural-and-biolog,
218,GlobalSunOven_Box,700,25,45,45,Water (test medium),box,1,https://catalog.data.gov/dataset/solar-cooker-test-data-per-asae-s580-1-nov2013-american-society-of-agricultural-and-biolog,
219,GlobalSunOven_Box,700,25,45.35,45.35,Water (test medium),box,1,https://catalog.data.gov/dataset/solar-cooker-test-data-per-asae-s580-1-nov2013-american-society-of-agricultural-and-biolog,
220,GlobalSunOven_Box,700,25,45.7,45.7,Water (test medium),box,1,https://catalog.data.gov/dataset/solar-cooker-test-data-per-asae-s580-1-nov2013-american-society-of-agricultural-and-biolog,
221,GlobalSunOven_Box,700,25,46.13,46.13,Water (test medium),box,1,https://catalog.data.gov/dataset/solar-cooker-test-data-per-asae-s580-1-nov2013-american-society-of-agricultural-and-biolog,
222,GlobalSunOven_Box,700,25,46.56,46.56,Water (test medium),box,1,https://catalog.data.gov/dataset/solar-cooker-test-data-per-asae-s580-1-nov2013-american-society-of-agricultural-and-biolog,
223,GlobalSunOven_Box,700,25,46.99,46.99,Water (test medium),box,1,https://catalog.data.gov/dataset/solar-cooker-test-data-per-asae-s580-1-nov2013-american-society-of-agricultural-and-biolog,
224,GlobalSunOven_Box,700,25,47.42,47.42,Water (test medium),box,1,https://catalog.data.gov/dataset/solar-cooker-test-data-per-asae-s580-1-nov2013-american-society-of-agricultural-and-biolog,
225,GlobalSunOven_Box,700,25,47.85,47.85,Water (test medium),box,1,https://catalog.data.gov/dataset/solar-cooker-test-data-per-asae-s580-1-nov2013-american-society-of-agricultural-and-biolog,
226,GlobalSunOven_Box,700,25,48.28,48.28,Water (test medium),box,1,https://catalog.data.gov/dataset/solar-cooker-test-data-per-asae-s580-1-nov2013-american-society-of-agricultural-and-biolog,
227,GlobalSunOven_Box,700,25,48.71,48.71,Water (test medium),box,1,https://catalog.data.gov/dataset/solar-cooker-test-data-per-asae-s580-1-nov2013-american-society-of-agricultural-and-biolog,
228,GlobalSunOven_Box,700,25,49.14,49.14,Water (test medium),box,1,https://catalog.data.gov/dataset/solar-cooker-test-data-per-asae-s580-1-nov2013-american-society-of-agricultural-and-biolog,
229,GlobalSunOven_Box,700,25,49.57,49.57,Water (test medium),box,1,https://catalog.data.gov/dataset/solar-cooker-test-data-per-asae-s580-1-nov2013-american-society-of-agricultural-and-biolog,
230,GlobalSunOven_Box,700,25,50,50,Water (test medium),box,1,https://catalog.data.gov/dataset/solar-cooker-test-data-per-asae-s580-1-nov2013-american-society-of-agricultural-and-biolog,
231,GlobalSunOven_Box,700,25,50.6,50.6,Water (test medium),box,1,https://catalog.data.gov/dataset/solar-cooker-test-data-per-asae-s580-1-nov2013-american-society-of-agricultural-and-biolog,
232,GlobalSunOven_Box,700,25,51.2,51.2,Water (test medium),box,1,https://catalog.data.gov/dataset/solar-cooker-test-data-per-asae-s580-1-nov2013-american-society-of-agricultural-and-biolog,
233,GlobalSunOven_Box,700,25,51.8,51.8,Water (test medium),box,1,https://catalog.data.gov/dataset/solar-cooker-test-data-per-asae-s580-1-nov2013-american-society-of-agricultural-and-biolog,
234,GlobalSunOven_Box,700,25,52.4,52.4,Water (test medium),box,1,https://catalog.data.gov/dataset/solar-cooker-test-data-per-asae-s580-1-nov2013-american-society-of-agricultural-and-biolog,
235,GlobalSunOven_Box,700,25,53,53,Water (test medium),box,1,https://catalog.data.gov/dataset/solar-cooker-test-data-per-asae-s580-1-nov2013-american-society-of-agricultural-and-biolog,
236,GlobalSunOven_Box,700,25,53.6,53.6,Water (test medium),box,1,https://catalog.data.gov/dataset/solar-cooker-test-data-per-asae-s580-1-nov2013-american-society-of-agricultural-and-biolog,
237,GlobalSunOven_Box,700,25,54.2,54.2,Water (test medium),box,1,https://catalog.data.gov/dataset/solar-cooker-test-data-per-asae-s580-1-nov2013-american-society-of-agricultural-and-biolog,
238,GlobalSunOven_Box,700,25,54.8,54.8,Water (test medium),box,1,https://catalog.data.gov/dataset/solar-cooker-test-data-per-asae-s580-1-nov2013-american-society-of-agricultural-and-biolog,
239,GlobalSunOven_Box,700,25,55.4,55.4,Water (test medium),box,1,https://catalog.data.gov/dataset/solar-cooker-test-data-per-asae-s580-1-nov2013-american-society-of-agricultural-and-biolog,
240,GlobalSunOven_Box,700,25,56,56,Water (test medium),box,1,https://catalog.data.gov/dataset/solar-cooker-test-data-per-asae-s580-1-nov2013-american-society-of-agricultural-and-biolog,
241,GlobalSunOven_Box,700,25,56.34,56.34,Water (test medium),box,1,https://catalog.data.gov/dataset/solar-cooker-test-data-per-asae-s580-1-nov2013-american-society-of-agricultural-and-biolog,
242,GlobalSunOven_Box,700,25,56.68,56.68,Water (test medium),box,1,https://catalog.data.gov/dataset/solar-cooker-test-data-per-asae-s580-1-nov2013-american-society-of-agricultural-and-biolog,
243,GlobalSunOven_Box,700,25,57.02,57.02,Water (test medium),box,1,https://catalog.data.gov/dataset/solar-cooker-test-data-per-asae-s580-1-nov2013-american-society-of-agricultural-and-biolog,
244,GlobalSunOven_Box,700,25,57.36,57.36,Water (test medium),box,1,https://catalog.data.gov/dataset/solar-cooker-test-data-per-asae-s580-1-nov2013-american-society-of-agricultural-and-biolog,
245,GlobalSunOven_Box,700,25,57.7,57.7,Water (test medium),box,1,https://catalog.data.gov/dataset/solar-cooker-test-data-per-asae-s580-1-nov2013-american-society-of-agricultural-and-biolog,
246,GlobalSunOven_Box,700,25,58.04,58.04,Water (test medium),box,1,https://catalog.data.gov/dataset/solar-cooker-test-data-per-asae-s580-1-nov2013-american-society-of-agricultural-and-biolog,
247,GlobalSunOven_Box,700,25,58.38,58.38,Water (test medium),box,1,https://catalog.data.gov/dataset/solar-cooker-test-data-per-asae-s580-1-nov2013-american-society-of-agricultural-and-biolog,
248,GlobalSunOven_Box,700,25,58.72,58.72,Water (test medium),box,1,https://catalog.data.gov/dataset/solar-cooker-test-data-per-asae-s580-1-nov2013-american-society-of-agricultural-and-biolog,
249,GlobalSunOven_Box,700,25,59.06,59.06,Water (test medium),box,1,https://catalog.data.gov/dataset/solar-cooker-test-data-per-asae-s580-1-nov2013-american-society-of-agricultural-and-biolog,
250,GlobalSunOven_Box,700,25,59.4,59.4,Water (test medium),box,1,https://catalog.data.gov/dataset/solar-cooker-test-data-per-asae-s580-1-nov2013-american-society-of-agricultural-and-biolog,
251,GlobalSunOven_Box,700,25,60.05,60.05,Water (test medium),box,1,https://catalog.data.gov/dataset/solar-cooker-test-data-per-asae-s580-1-nov2013-american-society-of-agricultural-and-biolog,
252,GlobalSunOven_Box,700,25,60.7,60.7,Water (test medium),box,1,https://catalog.data.gov/dataset/solar-cooker-test-data-per-asae-s580-1-nov2013-american-society-of-agricultural-and-biolog,
253,GlobalSunOven_Box,700,25,61.35,61.35,Water (test medium),box,1,https://catalog.data.gov/dataset/solar-cooker-test-data-per-asae-s580-1-nov2013-american-society-of-agricultural-and-biolog,
254,GlobalSunOven_Box,700,25,62,62,Water (test medium),box,1,https://catalog.data.gov/dataset/solar-cooker-test-data-per-asae-s580-1-nov2013-american-society-of-agricultural-and-biolog,
255,GlobalSunOven_Box,700,25,62.65,62.65,Water (test medium),box,1,https://catalog.data.gov/dataset/solar-cooker-test-data-per-asae-s580-1-nov2013-american-society-of-agricultural-and-biolog,
256,GlobalSunOven_Box,700,25,63.3,63.3,Water (test medium),box,1,https://catalog.data.gov/dataset/solar-cooker-test-data-per-asae-s580-1-nov2013-american-society-of-agricultural-and-biolog,
257,GlobalSunOven_Box,700,25,63.95,63.95,Water (test medium),box,1,https://catalog.data.gov/dataset/solar-cooker-test-data-per-asae-s580-1-nov2013-american-society-of-agricultural-and-biolog,
258,GlobalSunOven_Box,700,25,64.6,64.6,Water (test medium),box,1,https://catalog.data.gov/dataset/solar-cooker-test-data-per-asae-s580-1-nov2013-american-society-of-agricultural-and-biolog,
259,GlobalSunOven_Box,700,25,65.25,65.25,Water (test medium),box,1,https://catalog.data.gov/dataset/solar-cooker-test-data-per-asae-s580-1-nov2013-american-society-of-agricultural-and-biolog,
260,GlobalSunOven_Box,700,25,65.9,65.9,Water (test medium),box,1,https://catalog.data.gov/dataset/solar-cooker-test-data-per-asae-s580-1-nov2013-american-society-of-agricultural-and-biolog,
261,GlobalSunOven_Box,700,25,66.62,66.62,Water (test medium),box,1,https://catalog.data.gov/dataset/solar-cooker-test-data-per-asae-s580-1-nov2013-american-society-of-agricultural-and-biolog,
262,GlobalSunOven_Box,700,25,67.34,67.34,Water (test medium),box,1,https://catalog.data.gov/dataset/solar-cooker-test-data-per-asae-s580-1-nov2013-american-society-of-agricultural-and-biolog,
263,GlobalSunOven_Box,700,25,68.06,68.06,Water (test medium),box,1,https://catalog.data.gov/dataset/solar-cooker-test-data-per-asae-s580-1-nov2013-american-society-of-agricultural-and-biolog,
264,GlobalSunOven_Box,700,25,68.78,68.78,Water (test medium),box,1,https://catalog.data.gov/dataset/solar-cooker-test-data-per-asae-s580-1-nov2013-american-society-of-agricultural-and-biolog,
265,GlobalSunOven_Box,700,25,69.5,69.5,Water (test medium),box,1,https://catalog.data.gov/dataset/solar-cooker-test-data-per-asae-s580-1-nov2013-american-society-of-agricultural-and-biolog,
266,GlobalSunOven_Box,700,25,70.22,70.22,Water (test medium),box,1,https://catalog.data.gov/dataset/solar-cooker-test-data-per-asae-s580-1-nov2013-american-society-of-agricultural-and-biolog,
267,GlobalSunOven_Box,700,25,70.94,70.94,Water (test medium),box,1,https://catalog.data.gov/dataset/solar-cooker-test-data-per-asae-s580-1-nov2013-american-society-of-agricultural-and-biolog,
268,GlobalSunOven_Box,700,25,71.66,71.66,Water (test medium),box,1,https://catalog.data.gov/dataset/solar-cooker-test-data-per-asae-s580-1-nov2013-american-society-of-agricultural-and-biolog,
269,GlobalSunOven_Box,700,25,72.38,72.38,Water (test medium),box,1,https://catalog.data.gov/dataset/solar-cooker-test-data-per-asae-s580-1-nov2013-american-society-of-agricultural-and-biolog,
270,GlobalSunOven_Box,700,25,73.1,73.1,Water (test medium),box,1,https://catalog.data.gov/dataset/solar-cooker-test-data-per-asae-s580-1-nov2013-american-society-of-agricultural-and-biolog,
271,GlobalSunOven_Box,700,25,73.48,73.48,Water (test medium),box,1,https://catalog.data.gov/dataset/solar-cooker-test-data-per-asae-s580-1-nov2013-american-society-of-agricultural-and-biolog,
272,GlobalSunOven_Box,700,25,73.86,73.86,Water (test medium),box,1,https://catalog.data.gov/dataset/solar-cooker-test-data-per-asae-s580-1-nov2013-american-society-of-agricultural-and-biolog,
273,GlobalSunOven_Box,700,25,74.24,74.24,Water (test medium),box,1,https://catalog.data.gov/dataset/solar-cooker-test-data-per-asae-s580-1-nov2013-american-society-of-agricultural-and-biolog,
274,GlobalSunOven_Box,700,25,74.62,74.62,Water (test medium),box,1,https://catalog.data.gov/dataset/solar-cooker-test-data-per-asae-s580-1-nov2013-american-society-of-agricultural-and-biolog,
275,GlobalSunOven_Box,700,25,75,75,Water (test medium),box,1,https://catalog.data.gov/dataset/solar-cooker-test-data-per-asae-s580-1-nov2013-american-society-of-agricultural-and-biolog,
276,GlobalSunOven_Box,700,25,75.38,75.38,Water (test medium),box,1,https://catalog.data.gov/dataset/solar-cooker-test-data-per-asae-s580-1-nov2013-american-society-of-agricultural-and-biolog,
277,GlobalSunOven_Box,700,25,75.76,75.76,Water (test medium),box,1,https://catalog.data.gov/dataset/solar-cooker-test-data-per-asae-s580-1-nov2013-american-society-of-agricultural-and-biolog,
278,GlobalSunOven_Box,700,25,76.14,76.14,Water (test medium),box,1,https://catalog.data.gov/dataset/solar-cooker-test-data-per-asae-s580-1-nov2013-american-society-of-agricultural-and-biolog,
279,GlobalSunOven_Box,700,25,76.52,76.52,Water (test medium),box,1,https://catalog.data.gov/dataset/solar-cooker-test-data-per-asae-s580-1-nov2013-american-society-of-agricultural-and-biolog,
280,GlobalSunOven_Box,700,25,76.9,76.9,Water (test medium),box,1,https://catalog.data.gov/dataset/solar-cooker-test-data-per-asae-s580-1-nov2013-american-society-of-agricultural-and-biolog,
281,GlobalSunOven_Box,700,25,77.72,77.72,Water (test medium),box,1,https://catalog.data.gov/dataset/solar-cooker-test-data-per-asae-s580-1-nov2013-american-society-of-agricultural-and-biolog,
282,GlobalSunOven_Box,700,25,78.54,78.54,Water (test medium),box,1,https://catalog.data.gov/dataset/solar-cooker-test-data-per-asae-s580-1-nov2013-american-society-of-agricultural-and-biolog,
283,GlobalSunOven_Box,700,25,79.36,79.36,Water (test medium),box,1,https://catalog.data.gov/dataset/solar-cooker-test-data-per-asae-s580-1-nov2013-american-society-of-agricultural-and-biolog,
284,GlobalSunOven_Box,700,25,80.18,80.18,Water (test medium),box,1,https://catalog.data.gov/dataset/solar-cooker-test-data-per-asae-s580-1-nov2013-american-society-of-agricultural-and-biolog,
285,GlobalSunOven_Box,700,25,81,81,Water (test medium),box,1,https://catalog.data.gov/dataset/solar-cooker-test-data-per-asae-s580-1-nov2013-american-society-of-agricultural-and-biolog,
286,GlobalSunOven_Box,700,25,81.82,81.82,Water (test medium),box,1,https://catalog.data.gov/dataset/solar-cooker-test-data-per-asae-s580-1-nov2013-american-society-of-agricultural-and-biolog,
287,GlobalSunOven_Box,700,25,82.64,82.64,Water (test medium),box,1,https://catalog.data.gov/dataset/solar-cooker-test-data-per-asae-s580-1-nov2013-american-society-of-agricultural-and-biolog,
288,GlobalSunOven_Box,700,25,83.46,83.46,Water (test medium),box,1,https://catalog.data.gov/dataset/solar-cooker-test-data-per-asae-s580-1-nov2013-american-society-of-agricultural-and-biolog,
289,GlobalSunOven_Box,700,25,84.28,84.28,Water (test medium),box,1,https://catalog.data.gov/dataset/solar-cooker-test-data-per-asae-s580-1-nov2013-american-society-of-agricultural-and-biolog,
290,GlobalSunOven_Box,700,25,85.1,85.1,Water (test medium),box,1,https://catalog.data.gov/dataset/solar-cooker-test-data-per-asae-s580-1-nov2013-american-society-of-agricultural-and-biolog,
0,HotPot_Panel,700,25,34.3,34.3,Water (test medium),panel,1,https://catalog.data.gov/dataset/solar-cooker-test-data-per-asae-s580-1-nov2013-american-society-of-agricultural-and-biolog,
1,HotPot_Panel,700,25,35.17,35.17,Water (test medium),panel,1,https://catalog.data.gov/dataset/solar-cooker-test-data-per-asae-s580-1-nov2013-american-society-of-agricultural-and-biolog,
2,HotPot_Panel,700,25,36.04,36.04,Water (test medium),panel,1,https://catalog.data.gov/dataset/solar-cooker-test-data-per-asae-s580-1-nov2013-american-society-of-agricultural-and-biolog,
3,HotPot_Panel,700,25,36.91,36.91,Water (test medium),panel,1,https://catalog.data.gov/dataset/solar-cooker-test-data-per-asae-s580-1-nov2013-american-society-of-agricultural-and-biolog,
4,HotPot_Panel,700,25,37.78,37.78,Water (test medium),panel,1,https://catalog.data.gov/dataset/solar-cooker-test-data-per-asae-s580-1-nov2013-american-society-of-agricultural-and-biolog,
5,HotPot_Panel,700,25,38.65,38.65,Water (test medium),panel,1,https://catalog.data.gov/dataset/solar-cooker-test-data-per-asae-s580-1-nov2013-american-society-of-agricultural-and-biolog,
6,HotPot_Panel,700,25,39.52,39.52,Water (test medium),panel,1,https://catalog.data.gov/dataset/solar-cooker-test-data-per-asae-s580-1-nov2013-american-society-of-agricultural-and-biolog,
7,HotPot_Panel,700,25,40.39,40.39,Water (test medium),panel,1,https://catalog.data.gov/dataset/solar-cooker-test-data-per-asae-s580-1-nov2013-american-society-of-agricultural-and-biolog,
8,HotPot_Panel,700,25,41.26,41.26,Water (test medium),panel,1,https://catalog.data.gov/dataset/solar-cooker-test-data-per-asae-s580-1-nov2013-american-society-of-agricultural-and-biolog,
9,HotPot_Panel,700,25,42.13,42.13,Water (test medium),panel,1,https://catalog.data.gov/dataset/solar-cooker-test-data-per-asae-s580-1-nov2013-american-society-of-agricultural-and-biolog,
10,HotPot_Panel,700,25,43,43,Water (test medium),panel,1,https://catalog.data.gov/dataset/solar-cooker-test-data-per-asae-s580-1-nov2013-american-society-of-agricultural-and-biolog,
11,HotPot_Panel,700,25,43.78,43.78,Water (test medium),panel,1,https://catalog.data.gov/dataset/solar-cooker-test-data-per-asae-s580-1-nov2013-american-society-of-agricultural-and-biolog,
12,HotPot_Panel,700,25,44.56,44.56,Water (test medium),panel,1,https://catalog.data.gov/dataset/solar-cooker-test-data-per-asae-s580-1-nov2013-american-society-of-agricultural-and-biolog,
13,HotPot_Panel,700,25,45.34,45.34,Water (test medium),panel,1,https://catalog.data.gov/dataset/solar-cooker-test-data-per-asae-s580-1-nov2013-american-society-of-agricultural-and-biolog,
14,HotPot_Panel,700,25,46.12,46.12,Water (test medium),panel,1,https://catalog.data.gov/dataset/solar-cooker-test-data-per-asae-s580-1-nov2013-american-society-of-agricultural-and-biolog,
15,HotPot_Panel,700,25,46.9,46.9,Water (test medium),panel,1,https://catalog.data.gov/dataset/solar-cooker-test-data-per-asae-s580-1-nov2013-american-society-of-agricultural-and-biolog,
16,HotPot_Panel,700,25,47.68,47.68,Water (test medium),panel,1,https://catalog.data.gov/dataset/solar-cooker-test-data-per-asae-s580-1-nov2013-american-society-of-agricultural-and-biolog,
17,HotPot_Panel,700,25,48.46,48.46,Water (test medium),panel,1,https://catalog.data.gov/dataset/solar-cooker-test-data-per-asae-s580-1-nov2013-american-society-of-agricultural-and-biolog,
18,HotPot_Panel,700,25,49.24,49.24,Water (test medium),panel,1,https://catalog.data.gov/dataset/solar-cooker-test-data-per-asae-s580-1-nov2013-american-society-of-agricultural-and-biolog,
19,HotPot_Panel,700,25,50.02,50.02,Water (test medium),panel,1,https://catalog.data.gov/dataset/solar-cooker-test-data-per-asae-s580-1-nov2013-american-society-of-agricultural-and-biolog,
20,HotPot_Panel,700,25,50.8,50.8,Water (test medium),panel,1,https://catalog.data.gov/dataset/solar-cooker-test-data-per-asae-s580-1-nov2013-american-society-of-agricultural-and-biolog,
21,HotPot_Panel,700,25,51.5,51.5,Water (test medium),panel,1,https://catalog.data.gov/dataset/solar-cooker-test-data-per-asae-s580-1-nov2013-american-society-of-agricultural-and-biolog,
22,HotPot_Panel,700,25,52.2,52.2,Water (test medium),panel,1,https://catalog.data.gov/dataset/solar-cooker-test-data-per-asae-s580-1-nov2013-american-society-of-agricultural-and-biolog,
23,HotPot_Panel,700,25,52.9,52.9,Water (test medium),panel,1,https://catalog.data.gov/dataset/solar-cooker-test-data-per-asae-s580-1-nov2013-american-society-of-agricultural-and-biolog,
24,HotPot_Panel,700,25,53.6,53.6,Water (test medium),panel,1,https://catalog.data.gov/dataset/solar-cooker-test-data-per-asae-s580-1-nov2013-american-society-of-agricultural-and-biolog,
25,HotPot_Panel,700,25,54.3,54.3,Water (test medium),panel,1,https://catalog.data.gov/dataset/solar-cooker-test-data-per-asae-s580-1-nov2013-american-society-of-agricultural-and-biolog,
26,HotPot_Panel,700,25,55,55,Water (test medium),panel,1,https://catalog.data.gov/dataset/solar-cooker-test-data-per-asae-s580-1-nov2013-american-society-of-agricultural-and-biolog,
27,HotPot_Panel,700,25,55.7,55.7,Water (test medium),panel,1,https://catalog.data.gov/dataset/solar-cooker-test-data-per-asae-s580-1-nov2013-american-society-of-agricultural-and-biolog,
28,HotPot_Panel,700,25,56.4,56.4,Water (test medium),panel,1,https://catalog.data.gov/dataset/solar-cooker-test-data-per-asae-s580-1-nov2013-american-society-of-agricultural-and-biolog,
29,HotPot_Panel,700,25,57.1,57.1,Water (test medium),panel,1,https://catalog.data.gov/dataset/solar-cooker-test-data-per-asae-s580-1-nov2013-american-society-of-agricultural-and-biolog,
30,HotPot_Panel,700,25,57.8,57.8,Water (test medium),panel,1,https://catalog.data.gov/dataset/solar-cooker-test-data-per-asae-s580-1-nov2013-american-society-of-agricultural-and-biolog,
31,HotPot_Panel,700,25,58.39,58.39,Water (test medium),panel,1,https://catalog.data.gov/dataset/solar-cooker-test-data-per-asae-s580-1-nov2013-american-society-of-agricultural-and-biolog,
32,HotPot_Panel,700,25,58.98,58.98,Water (test medium),panel,1,https://catalog.data.gov/dataset/solar-cooker-test-data-per-asae-s580-1-nov2013-american-society-of-agricultural-and-biolog,
33,HotPot_Panel,700,25,59.57,59.57,Water (test medium),panel,1,https://catalog.data.gov/dataset/solar-cooker-test-data-per-asae-s580-1-nov2013-american-society-of-agricultural-and-biolog,
34,HotPot_Panel,700,25,60.16,60.16,Water (test medium),panel,1,https://catalog.data.gov/dataset/solar-cooker-test-data-per-asae-s580-1-nov2013-american-society-of-agricultural-and-biolog,
35,HotPot_Panel,700,25,60.75,60.75,Water (test medium),panel,1,https://catalog.data.gov/dataset/solar-cooker-test-data-per-asae-s580-1-nov2013-american-society-of-agricultural-and-biolog,
36,HotPot_Panel,700,25,61.34,61.34,Water (test medium),panel,1,https://catalog.data.gov/dataset/solar-cooker-test-data-per-asae-s580-1-nov2013-american-society-of-agricultural-and-biolog,
37,HotPot_Panel,700,25,61.93,61.93,Water (test medium),panel,1,https://catalog.data.gov/dataset/solar-cooker-test-data-per-asae-s580-1-nov2013-american-society-of-agricultural-and-biolog,
38,HotPot_Panel,700,25,62.52,62.52,Water (test medium),panel,1,https://catalog.data.gov/dataset/solar-cooker-test-data-per-asae-s580-1-nov2013-american-society-of-agricultural-and-biolog,
39,HotPot_Panel,700,25,63.11,63.11,Water (test medium),panel,1,https://catalog.data.gov/dataset/solar-cooker-test-data-per-asae-s580-1-nov2013-american-society-of-agricultural-and-biolog,
40,HotPot_Panel,700,25,63.7,63.7,Water (test medium),panel,1,https://catalog.data.gov/dataset/solar-cooker-test-data-per-asae-s580-1-nov2013-american-society-of-agricultural-and-biolog,
41,HotPot_Panel,700,25,64.21,64.21,Water (test medium),panel,1,https://catalog.data.gov/dataset/solar-cooker-test-data-per-asae-s580-1-nov2013-american-society-of-agricultural-and-biolog,
42,HotPot_Panel,700,25,64.72,64.72,Water (test medium),panel,1,https://catalog.data.gov/dataset/solar-cooker-test-data-per-asae-s580-1-nov2013-american-society-of-agricultural-and-biolog,
43,HotPot_Panel,700,25,65.23,65.23,Water (test medium),panel,1,https://catalog.data.gov/dataset/solar-cooker-test-data-per-asae-s580-1-nov2013-american-society-of-agricultural-and-biolog,
44,HotPot_Panel,700,25,65.74,65.74,Water (test medium),panel,1,https://catalog.data.gov/dataset/solar-cooker-test-data-per-asae-s580-1-nov2013-american-society-of-agricultural-and-biolog,
45,HotPot_Panel,700,25,66.25,66.25,Water (test medium),panel,1,https://catalog.data.gov/dataset/solar-cooker-test-data-per-asae-s580-1-nov2013-american-society-of-agricultural-and-biolog,
46,HotPot_Panel,700,25,66.76,66.76,Water (test medium),panel,1,https://catalog.data.gov/dataset/solar-cooker-test-data-per-asae-s580-1-nov2013-american-society-of-agricultural-and-biolog,
47,HotPot_Panel,700,25,67.27,67.27,Water (test medium),panel,1,https://catalog.data.gov/dataset/solar-cooker-test-data-per-asae-s580-1-nov2013-american-society-of-agricultural-and-biolog,
48,HotPot_Panel,700,25,67.78,67.78,Water (test medium),panel,1,https://catalog.data.gov/dataset/solar-cooker-test-data-per-asae-s580-1-nov2013-american-society-of-agricultural-and-biolog,
49,HotPot_Panel,700,25,68.29,68.29,Water (test medium),panel,1,https://catalog.data.gov/dataset/solar-cooker-test-data-per-asae-s580-1-nov2013-american-society-of-agricultural-and-biolog,
50,HotPot_Panel,700,25,68.8,68.8,Water (test medium),panel,1,https://catalog.data.gov/dataset/solar-cooker-test-data-per-asae-s580-1-nov2013-american-society-of-agricultural-and-biolog,
51,HotPot_Panel,700,25,69.2,69.2,Water (test medium),panel,1,https://catalog.data.gov/dataset/solar-cooker-test-data-per-asae-s580-1-nov2013-american-society-of-agricultural-and-biolog,
52,HotPot_Panel,700,25,69.6,69.6,Water (test medium),panel,1,https://catalog.data.gov/dataset/solar-cooker-test-data-per-asae-s580-1-nov2013-american-society-of-agricultural-and-biolog,
53,HotPot_Panel,700,25,70,70,Water (test medium),panel,1,https://catalog.data.gov/dataset/solar-cooker-test-data-per-asae-s580-1-nov2013-american-society-of-agricultural-and-biolog,
54,HotPot_Panel,700,25,70.4,70.4,Water (test medium),panel,1,https://catalog.data.gov/dataset/solar-cooker-test-data-per-asae-s580-1-nov2013-american-society-of-agricultural-and-biolog,
55,HotPot_Panel,700,25,70.8,70.8,Water (test medium),panel,1,https://catalog.data.gov/dataset/solar-cooker-test-data-per-asae-s580-1-nov2013-american-society-of-agricultural-and-biolog,
56,HotPot_Panel,700,25,71.2,71.2,Water (test medium),panel,1,https://catalog.data.gov/dataset/solar-cooker-test-data-per-asae-s580-1-nov2013-american-society-of-agricultural-and-biolog,
57,HotPot_Panel,700,25,71.6,71.6,Water (test medium),panel,1,https://catalog.data.gov/dataset/solar-cooker-test-data-per-asae-s580-1-nov2013-american-society-of-agricultural-and-biolog,
58,HotPot_Panel,700,25,72,72,Water (test medium),panel,1,https://catalog.data.gov/dataset/solar-cooker-test-data-per-asae-s580-1-nov2013-american-society-of-agricultural-and-biolog,
59,HotPot_Panel,700,25,72.4,72.4,Water (test medium),panel,1,https://catalog.data.gov/dataset/solar-cooker-test-data-per-asae-s580-1-nov2013-american-society-of-agricultural-and-biolog,
60,HotPot_Panel,700,25,72.8,72.8,Water (test medium),panel,1,https://catalog.data.gov/dataset/solar-cooker-test-data-per-asae-s580-1-nov2013-american-society-of-agricultural-and-biolog,
61,HotPot_Panel,700,25,73.43,73.43,Water (test medium),panel,1,https://catalog.data.gov/dataset/solar-cooker-test-data-per-asae-s580-1-nov2013-american-society-of-agricultural-and-biolog,
62,HotPot_Panel,700,25,74.06,74.06,Water (test medium),panel,1,https://catalog.data.gov/dataset/solar-cooker-test-data-per-asae-s580-1-nov2013-american-society-of-agricultural-and-biolog,
63,HotPot_Panel,700,25,74.69,74.69,Water (test medium),panel,1,https://catalog.data.gov/dataset/solar-cooker-test-data-per-asae-s580-1-nov2013-american-society-of-agricultural-and-biolog,
64,HotPot_Panel,700,25,75.32,75.32,Water (test medium),panel,1,https://catalog.data.gov/dataset/solar-cooker-test-data-per-asae-s580-1-nov2013-american-society-of-agricultural-and-biolog,
65,HotPot_Panel,700,25,75.95,75.95,Water (test medium),panel,1,https://catalog.data.gov/dataset/solar-cooker-test-data-per-asae-s580-1-nov2013-american-society-of-agricultural-and-biolog,
66,HotPot_Panel,700,25,76.58,76.58,Water (test medium),panel,1,https://catalog.data.gov/dataset/solar-cooker-test-data-per-asae-s580-1-nov2013-american-society-of-agricultural-and-biolog,
67,HotPot_Panel,700,25,77.21,77.21,Water (test medium),panel,1,https://catalog.data.gov/dataset/solar-cooker-test-data-per-asae-s580-1-nov2013-american-society-of-agricultural-and-biolog,
68,HotPot_Panel,700,25,77.84,77.84,Water (test medium),panel,1,https://catalog.data.gov/dataset/solar-cooker-test-data-per-asae-s580-1-nov2013-american-society-of-agricultural-and-biolog,
69,HotPot_Panel,700,25,78.47,78.47,Water (test medium),panel,1,https://catalog.data.gov/dataset/solar-cooker-test-data-per-asae-s580-1-nov2013-american-society-of-agricultural-and-biolog,
70,HotPot_Panel,700,25,79.1,79.1,Water (test medium),panel,1,https://catalog.data.gov/dataset/solar-cooker-test-data-per-asae-s580-1-nov2013-american-society-of-agricultural-and-biolog,
71,HotPot_Panel,700,25,79.27,79.27,Water (test medium),panel,1,https://catalog.data.gov/dataset/solar-cooker-test-data-per-asae-s580-1-nov2013-american-society-of-agricultural-and-biolog,
72,HotPot_Panel,700,25,79.44,79.44,Water (test medium),panel,1,https://catalog.data.gov/dataset/solar-cooker-test-data-per-asae-s580-1-nov2013-american-society-of-agricultural-and-biolog,
73,HotPot_Panel,700,25,79.61,79.61,Water (test medium),panel,1,https://catalog.data.gov/dataset/solar-cooker-test-data-per-asae-s580-1-nov2013-american-society-of-agricultural-and-biolog,
74,HotPot_Panel,700,25,79.78,79.78,Water (test medium),panel,1,https://catalog.data.gov/dataset/solar-cooker-test-data-per-asae-s580-1-nov2013-american-society-of-agricultural-and-biolog,
75,HotPot_Panel,700,25,79.95,79.95,Water (test medium),panel,1,https://catalog.data.gov/dataset/solar-cooker-test-data-per-asae-s580-1-nov2013-american-society-of-agricultural-and-biolog,
76,HotPot_Panel,700,25,80.12,80.12,Water (test medium),panel,1,https://catalog.data.gov/dataset/solar-cooker-test-data-per-asae-s580-1-nov2013-american-society-of-agricultural-and-biolog,
77,HotPot_Panel,700,25,80.29,80.29,Water (test medium),panel,1,https://catalog.data.gov/dataset/solar-cooker-test-data-per-asae-s580-1-nov2013-american-society-of-agricultural-and-biolog,
78,HotPot_Panel,700,25,80.46,80.46,Water (test medium),panel,1,https://catalog.data.gov/dataset/solar-cooker-test-data-per-asae-s580-1-nov2013-american-society-of-agricultural-and-biolog,
79,HotPot_Panel,700,25,80.63,80.63,Water (test medium),panel,1,https://catalog.data.gov/dataset/solar-cooker-test-data-per-asae-s580-1-nov2013-american-society-of-agricultural-and-biolog,
80,HotPot_Panel,700,25,80.8,80.8,Water (test medium),panel,1,https://catalog.data.gov/dataset/solar-cooker-test-data-per-asae-s580-1-nov2013-american-society-of-agricultural-and-biolog,
81,HotPot_Panel,700,25,80.94,80.94,Water (test medium),panel,1,https://catalog.data.gov/dataset/solar-cooker-test-data-per-asae-s580-1-nov2013-american-society-of-agricultural-and-biolog,
82,HotPot_Panel,700,25,81.08,81.08,Water (test medium),panel,1,https://catalog.data.gov/dataset/solar-cooker-test-data-per-asae-s580-1-nov2013-american-society-of-agricultural-and-biolog,
83,HotPot_Panel,700,25,81.22,81.22,Water (test medium),panel,1,https://catalog.data.gov/dataset/solar-cooker-test-data-per-asae-s580-1-nov2013-american-society-of-agricultural-and-biolog,
84,HotPot_Panel,700,25,81.36,81.36,Water (test medium),panel,1,https://catalog.data.gov/dataset/solar-cooker-test-data-per-asae-s580-1-nov2013-american-society-of-agricultural-and-biolog,
85,HotPot_Panel,700,25,81.5,81.5,Water (test medium),panel,1,https://catalog.data.gov/dataset/solar-cooker-test-data-per-asae-s580-1-nov2013-american-society-of-agricultural-and-biolog,
86,HotPot_Panel,700,25,81.64,81.64,Water (test medium),panel,1,https://catalog.data.gov/dataset/solar-cooker-test-data-per-asae-s580-1-nov2013-american-society-of-agricultural-and-biolog,
87,HotPot_Panel,700,25,81.78,81.78,Water (test medium),panel,1,https://catalog.data.gov/dataset/solar-cooker-test-data-per-asae-s580-1-nov2013-american-society-of-agricultural-and-biolog,
88,HotPot_Panel,700,25,81.92,81.92,Water (test medium),panel,1,https://catalog.data.gov/dataset/solar-cooker-test-data-per-asae-s580-1-nov2013-american-society-of-agricultural-and-biolog,
89,HotPot_Panel,700,25,82.06,82.06,Water (test medium),panel,1,https://catalog.data.gov/dataset/solar-cooker-test-data-per-asae-s580-1-nov2013-american-society-of-agricultural-and-biolog,
90,HotPot_Panel,700,25,82.2,82.2,Water (test medium),panel,1,https://catalog.data.gov/dataset/solar-cooker-test-data-per-asae-s580-1-nov2013-american-society-of-agricultural-and-biolog,
91,HotPot_Panel,700,25,82.35,82.35,Water (test medium),panel,1,https://catalog.data.gov/dataset/solar-cooker-test-data-per-asae-s580-1-nov2013-american-society-of-agricultural-and-biolog,
92,HotPot_Panel,700,25,82.5,82.5,Water (test medium),panel,1,https://catalog.data.gov/dataset/solar-cooker-test-data-per-asae-s580-1-nov2013-american-society-of-agricultural-and-biolog,
93,HotPot_Panel,700,25,82.65,82.65,Water (test medium),panel,1,https://catalog.data.gov/dataset/solar-cooker-test-data-per-asae-s580-1-nov2013-american-society-of-agricultural-and-biolog,
94,HotPot_Panel,700,25,82.8,82.8,Water (test medium),panel,1,https://catalog.data.gov/dataset/solar-cooker-test-data-per-asae-s580-1-nov2013-american-society-of-agricultural-and-biolog,
95,HotPot_Panel,700,25,82.95,82.95,Water (test medium),panel,1,https://catalog.data.gov/dataset/solar-cooker-test-data-per-asae-s580-1-nov2013-american-society-of-agricultural-and-biolog,
96,HotPot_Panel,700,25,83.1,83.1,Water (test medium),panel,1,https://catalog.data.gov/dataset/solar-cooker-test-data-per-asae-s580-1-nov2013-american-society-of-agricultural-and-biolog,
97,HotPot_Panel,700,25,83.25,83.25,Water (test medium),panel,1,https://catalog.data.gov/dataset/solar-cooker-test-data-per-asae-s580-1-nov2013-american-society-of-agricultural-and-biolog,
98,HotPot_Panel,700,25,83.4,83.4,Water (test medium),panel,1,https://catalog.data.gov/dataset/solar-cooker-test-data-per-asae-s580-1-nov2013-american-society-of-agricultural-and-biolog,
99,HotPot_Panel,700,25,83.55,83.55,Water (test medium),panel,1,https://catalog.data.gov/dataset/solar-cooker-test-data-per-asae-s580-1-nov2013-american-society-of-agricultural-and-biolog,
100,HotPot_Panel,700,25,83.7,83.7,Water (test medium),panel,1,https://catalog.data.gov/dataset/solar-cooker-test-data-per-asae-s580-1-nov2013-american-society-of-agricultural-and-biolog,
101,HotPot_Panel,700,25,83.79,83.79,Water (test medium),panel,1,https://catalog.data.gov/dataset/solar-cooker-test-data-per-asae-s580-1-nov2013-american-society-of-agricultural-and-biolog,
102,HotPot_Panel,700,25,83.88,83.88,Water (test medium),panel,1,https://catalog.data.gov/dataset/solar-cooker-test-data-per-asae-s580-1-nov2013-american-society-of-agricultural-and-biolog,
103,HotPot_Panel,700,25,83.97,83.97,Water (test medium),panel,1,https://catalog.data.gov/dataset/solar-cooker-test-data-per-asae-s580-1-nov2013-american-society-of-agricultural-and-biolog,
104,HotPot_Panel,700,25,84.06,84.06,Water (test medium),panel,1,https://catalog.data.gov/dataset/solar-cooker-test-data-per-asae-s580-1-nov2013-american-society-of-agricultural-and-biolog,
105,HotPot_Panel,700,25,84.15,84.15,Water (test medium),panel,1,https://catalog.data.gov/dataset/solar-cooker-test-data-per-asae-s580-1-nov2013-american-society-of-agricultural-and-biolog,
106,HotPot_Panel,700,25,84.24,84.24,Water (test medium),panel,1,https://catalog.data.gov/dataset/solar-cooker-test-data-per-asae-s580-1-nov2013-american-society-of-agricultural-and-biolog,
107,HotPot_Panel,700,25,84.33,84.33,Water (test medium),panel,1,https://catalog.data.gov/dataset/solar-cooker-test-data-per-asae-s580-1-nov2013-american-society-of-agricultural-and-biolog,
108,HotPot_Panel,700,25,84.42,84.42,Water (test medium),panel,1,https://catalog.data.gov/dataset/solar-cooker-test-data-per-asae-s580-1-nov2013-american-society-of-agricultural-and-biolog,
109,HotPot_Panel,700,25,84.51,84.51,Water (test medium),panel,1,https://catalog.data.gov/dataset/solar-cooker-test-data-per-asae-s580-1-nov2013-american-society-of-agricultural-and-biolog,
110,HotPot_Panel,700,25,84.6,84.6,Water (test medium),panel,1,https://catalog.data.gov/dataset/solar-cooker-test-data-per-asae-s580-1-nov2013-american-society-of-agricultural-and-biolog,
111,HotPot_Panel,700,25,84.62,84.62,Water (test medium),panel,1,https://catalog.data.gov/dataset/solar-cooker-test-data-per-asae-s580-1-nov2013-american-society-of-agricultural-and-biolog,
112,HotPot_Panel,700,25,84.64,84.64,Water (test medium),panel,1,https://catalog.data.gov/dataset/solar-cooker-test-data-per-asae-s580-1-nov2013-american-society-of-agricultural-and-biolog,
113,HotPot_Panel,700,25,84.66,84.66,Water (test medium),panel,1,https://catalog.data.gov/dataset/solar-cooker-test-data-per-asae-s580-1-nov2013-american-society-of-agricultural-and-biolog,
114,HotPot_Panel,700,25,84.68,84.68,Water (test medium),panel,1,https://catalog.data.gov/dataset/solar-cooker-test-data-per-asae-s580-1-nov2013-american-society-of-agricultural-and-biolog,
115,HotPot_Panel,700,25,84.7,84.7,Water (test medium),panel,1,https://catalog.data.gov/dataset/solar-cooker-test-data-per-asae-s580-1-nov2013-american-society-of-agricultural-and-biolog,
116,HotPot_Panel,700,25,84.72,84.72,Water (test medium),panel,1,https://catalog.data.gov/dataset/solar-cooker-test-data-per-asae-s580-1-nov2013-american-society-of-agricultural-and-biolog,
117,HotPot_Panel,700,25,84.74,84.74,Water (test medium),panel,1,https://catalog.data.gov/dataset/solar-cooker-test-data-per-asae-s580-1-nov2013-american-society-of-agricultural-and-biolog,
118,HotPot_Panel,700,25,84.76,84.76,Water (test medium),panel,1,https://catalog.data.gov/dataset/solar-cooker-test-data-per-asae-s580-1-nov2013-american-society-of-agricultural-and-biolog,
119,HotPot_Panel,700,25,84.78,84.78,Water (test medium),panel,1,https://catalog.data.gov/dataset/solar-cooker-test-data-per-asae-s580-1-nov2013-american-society-of-agricultural-and-biolog,
120,HotPot_Panel,700,25,84.8,84.8,Water (test medium),panel,1,https://catalog.data.gov/dataset/solar-cooker-test-data-per-asae-s580-1-nov2013-american-society-of-agricultural-and-biolog,
121,HotPot_Panel,700,25,84.79,84.79,Water (test medium),panel,1,https://catalog.data.gov/dataset/solar-cooker-test-data-per-asae-s580-1-nov2013-american-society-of-agricultural-and-biolog,
122,HotPot_Panel,700,25,84.78,84.78,Water (test medium),panel,1,https://catalog.data.gov/dataset/solar-cooker-test-data-per-asae-s580-1-nov2013-american-society-of-agricultural-and-biolog,
123,HotPot_Panel,700,25,84.77,84.77,Water (test medium),panel,1,https://catalog.data.gov/dataset/solar-cooker-test-data-per-asae-s580-1-nov2013-american-society-of-agricultural-and-biolog,
124,HotPot_Panel,700,25,84.76,84.76,Water (test medium),panel,1,https://catalog.data.gov/dataset/solar-cooker-test-data-per-asae-s580-1-nov2013-american-society-of-agricultural-and-biolog,
125,HotPot_Panel,700,25,84.75,84.75,Water (test medium),panel,1,https://catalog.data.gov/dataset/solar-cooker-test-data-per-asae-s580-1-nov2013-american-society-of-agricultural-and-biolog,
126,HotPot_Panel,700,25,84.74,84.74,Water (test medium),panel,1,https://catalog.data.gov/dataset/solar-cooker-test-data-per-asae-s580-1-nov2013-american-society-of-agricultural-and-biolog,
127,HotPot_Panel,700,25,84.73,84.73,Water (test medium),panel,1,https://catalog.data.gov/dataset/solar-cooker-test-data-per-asae-s580-1-nov2013-american-society-of-agricultural-and-biolog,
128,HotPot_Panel,700,25,84.72,84.72,Water (test medium),panel,1,https://catalog.data.gov/dataset/solar-cooker-test-data-per-asae-s580-1-nov2013-american-society-of-agricultural-and-biolog,
129,HotPot_Panel,700,25,84.71,84.71,Water (test medium),panel,1,https://catalog.data.gov/dataset/solar-cooker-test-data-per-asae-s580-1-nov2013-american-society-of-agricultural-and-biolog,
130,HotPot_Panel,700,25,84.7,84.7,Water (test medium),panel,1,https://catalog.data.gov/dataset/solar-cooker-test-data-per-asae-s580-1-nov2013-american-society-of-agricultural-and-biolog,
131,HotPot_Panel,700,25,84.77,84.77,Water (test medium),panel,1,https://catalog.data.gov/dataset/solar-cooker-test-data-per-asae-s580-1-nov2013-american-society-of-agricultural-and-biolog,
132,HotPot_Panel,700,25,84.84,84.84,Water (test medium),panel,1,https://catalog.data.gov/dataset/solar-cooker-test-data-per-asae-s580-1-nov2013-american-society-of-agricultural-and-biolog,
133,HotPot_Panel,700,25,84.91,84.91,Water (test medium),panel,1,https://catalog.data.gov/dataset/solar-cooker-test-data-per-asae-s580-1-nov2013-american-society-of-agricultural-and-biolog,
134,HotPot_Panel,700,25,84.98,84.98,Water (test medium),panel,1,https://catalog.data.gov/dataset/solar-cooker-test-data-per-asae-s580-1-nov2013-american-society-of-agricultural-and-biolog,
135,HotPot_Panel,700,25,85.05,85.05,Water (test medium),panel,1,https://catalog.data.gov/dataset/solar-cooker-test-data-per-asae-s580-1-nov2013-american-society-of-agricultural-and-biolog,
136,HotPot_Panel,700,25,85.12,85.12,Water (test medium),panel,1,https://catalog.data.gov/dataset/solar-cooker-test-data-per-asae-s580-1-nov2013-american-society-of-agricultural-and-biolog,
137,HotPot_Panel,700,25,85.19,85.19,Water (test medium),panel,1,https://catalog.data.gov/dataset/solar-cooker-test-data-per-asae-s580-1-nov2013-american-society-of-agricultural-and-biolog,
138,HotPot_Panel,700,25,85.26,85.26,Water (test medium),panel,1,https://catalog.data.gov/dataset/solar-cooker-test-data-per-asae-s580-1-nov2013-american-society-of-agricultural-and-biolog,
139,HotPot_Panel,700,25,85.33,85.33,Water (test medium),panel,1,https://catalog.data.gov/dataset/solar-cooker-test-data-per-asae-s580-1-nov2013-american-society-of-agricultural-and-biolog,
140,HotPot_Panel,700,25,85.4,85.4,Water (test medium),panel,1,https://catalog.data.gov/dataset/solar-cooker-test-data-per-asae-s580-1-nov2013-american-society-of-agricultural-and-biolog,
141,HotPot_Panel,700,25,85.48,85.48,Water (test medium),panel,1,https://catalog.data.gov/dataset/solar-cooker-test-data-per-asae-s580-1-nov2013-american-society-of-agricultural-and-biolog,
142,HotPot_Panel,700,25,85.56,85.56,Water (test medium),panel,1,https://catalog.data.gov/dataset/solar-cooker-test-data-per-asae-s580-1-nov2013-american-society-of-agricultural-and-biolog,
143,HotPot_Panel,700,25,85.64,85.64,Water (test medium),panel,1,https://catalog.data.gov/dataset/solar-cooker-test-data-per-asae-s580-1-nov2013-american-society-of-agricultural-and-biolog,
144,HotPot_Panel,700,25,85.72,85.72,Water (test medium),panel,1,https://catalog.data.gov/dataset/solar-cooker-test-data-per-asae-s580-1-nov2013-american-society-of-agricultural-and-biolog,
145,HotPot_Panel,700,25,85.8,85.8,Water (test medium),panel,1,https://catalog.data.gov/dataset/solar-cooker-test-data-per-asae-s580-1-nov2013-american-society-of-agricultural-and-biolog,
146,HotPot_Panel,700,25,85.88,85.88,Water (test medium),panel,1,https://catalog.data.gov/dataset/solar-cooker-test-data-per-asae-s580-1-nov2013-american-society-of-agricultural-and-biolog,
147,HotPot_Panel,700,25,85.96,85.96,Water (test medium),panel,1,https://catalog.data.gov/dataset/solar-cooker-test-data-per-asae-s580-1-nov2013-american-society-of-agricultural-and-biolog,
148,HotPot_Panel,700,25,86.04,86.04,Water (test medium),panel,1,https://catalog.data.gov/dataset/solar-cooker-test-data-per-asae-s580-1-nov2013-american-society-of-agricultural-and-biolog,
149,HotPot_Panel,700,25,86.12,86.12,Water (test medium),panel,1,https://catalog.data.gov/dataset/solar-cooker-test-data-per-asae-s580-1-nov2013-american-society-of-agricultural-and-biolog,
150,HotPot_Panel,700,25,86.2,86.2,Water (test medium),panel,1,https://catalog.data.gov/dataset/solar-cooker-test-data-per-asae-s580-1-nov2013-american-society-of-agricultural-and-biolog,
151,HotPot_Panel,700,25,86.27,86.27,Water (test medium),panel,1,https://catalog.data.gov/dataset/solar-cooker-test-data-per-asae-s580-1-nov2013-american-society-of-agricultural-and-biolog,
152,HotPot_Panel,700,25,86.34,86.34,Water (test medium),panel,1,https://catalog.data.gov/dataset/solar-cooker-test-data-per-asae-s580-1-nov2013-american-society-of-agricultural-and-biolog,
153,HotPot_Panel,700,25,86.41,86.41,Water (test medium),panel,1,https://catalog.data.gov/dataset/solar-cooker-test-data-per-asae-s580-1-nov2013-american-society-of-agricultural-and-biolog,
154,HotPot_Panel,700,25,86.48,86.48,Water (test medium),panel,1,https://catalog.data.gov/dataset/solar-cooker-test-data-per-asae-s580-1-nov2013-american-society-of-agricultural-and-biolog,
155,HotPot_Panel,700,25,86.55,86.55,Water (test medium),panel,1,https://catalog.data.gov/dataset/solar-cooker-test-data-per-asae-s580-1-nov2013-american-society-of-agricultural-and-biolog,
156,HotPot_Panel,700,25,86.62,86.62,Water (test medium),panel,1,https://catalog.data.gov/dataset/solar-cooker-test-data-per-asae-s580-1-nov2013-american-society-of-agricultural-and-biolog,
157,HotPot_Panel,700,25,86.69,86.69,Water (test medium),panel,1,https://catalog.data.gov/dataset/solar-cooker-test-data-per-asae-s580-1-nov2013-american-society-of-agricultural-and-biolog,
158,HotPot_Panel,700,25,86.76,86.76,Water (test medium),panel,1,https://catalog.data.gov/dataset/solar-cooker-test-data-per-asae-s580-1-nov2013-american-society-of-agricultural-and-biolog,
159,HotPot_Panel,700,25,86.83,86.83,Water (test medium),panel,1,https://catalog.data.gov/dataset/solar-cooker-test-data-per-asae-s580-1-nov2013-american-society-of-agricultural-and-biolog,
160,HotPot_Panel,700,25,86.9,86.9,Water (test medium),panel,1,https://catalog.data.gov/dataset/solar-cooker-test-data-per-asae-s580-1-nov2013-american-society-of-agricultural-and-biolog,
161,HotPot_Panel,700,25,86.96,86.96,Water (test medium),panel,1,https://catalog.data.gov/dataset/solar-cooker-test-data-per-asae-s580-1-nov2013-american-society-of-agricultural-and-biolog,
162,HotPot_Panel,700,25,87.02,87.02,Water (test medium),panel,1,https://catalog.data.gov/dataset/solar-cooker-test-data-per-asae-s580-1-nov2013-american-society-of-agricultural-and-biolog,
163,HotPot_Panel,700,25,87.08,87.08,Water (test medium),panel,1,https://catalog.data.gov/dataset/solar-cooker-test-data-per-asae-s580-1-nov2013-american-society-of-agricultural-and-biolog,
164,HotPot_Panel,700,25,87.14,87.14,Water (test medium),panel,1,https://catalog.data.gov/dataset/solar-cooker-test-data-per-asae-s580-1-nov2013-american-society-of-agricultural-and-biolog,
165,HotPot_Panel,700,25,87.2,87.2,Water (test medium),panel,1,https://catalog.data.gov/dataset/solar-cooker-test-data-per-asae-s580-1-nov2013-american-society-of-agricultural-and-biolog,
166,HotPot_Panel,700,25,87.26,87.26,Water (test medium),panel,1,https://catalog.data.gov/dataset/solar-cooker-test-data-per-asae-s580-1-nov2013-american-society-of-agricultural-and-biolog,
167,HotPot_Panel,700,25,87.32,87.32,Water (test medium),panel,1,https://catalog.data.gov/dataset/solar-cooker-test-data-per-asae-s580-1-nov2013-american-society-of-agricultural-and-biolog,
168,HotPot_Panel,700,25,87.38,87.38,Water (test medium),panel,1,https://catalog.data.gov/dataset/solar-cooker-test-data-per-asae-s580-1-nov2013-american-society-of-agricultural-and-biolog,
169,HotPot_Panel,700,25,87.44,87.44,Water (test medium),panel,1,https://catalog.data.gov/dataset/solar-cooker-test-data-per-asae-s580-1-nov2013-american-society-of-agricultural-and-biolog,
170,HotPot_Panel,700,25,87.5,87.5,Water (test medium),panel,1,https://catalog.data.gov/dataset/solar-cooker-test-data-per-asae-s580-1-nov2013-american-society-of-agricultural-and-biolog,
171,HotPot_Panel,700,25,87.59,87.59,Water (test medium),panel,1,https://catalog.data.gov/dataset/solar-cooker-test-data-per-asae-s580-1-nov2013-american-society-of-agricultural-and-biolog,
172,HotPot_Panel,700,25,87.68,87.68,Water (test medium),panel,1,https://catalog.data.gov/dataset/solar-cooker-test-data-per-asae-s580-1-nov2013-american-society-of-agricultural-and-biolog,
173,HotPot_Panel,700,25,87.77,87.77,Water (test medium),panel,1,https://catalog.data.gov/dataset/solar-cooker-test-data-per-asae-s580-1-nov2013-american-society-of-agricultural-and-biolog,
174,HotPot_Panel,700,25,87.86,87.86,Water (test medium),panel,1,https://catalog.data.gov/dataset/solar-cooker-test-data-per-asae-s580-1-nov2013-american-society-of-agricultural-and-biolog,
175,HotPot_Panel,700,25,87.95,87.95,Water (test medium),panel,1,https://catalog.data.gov/dataset/solar-cooker-test-data-per-asae-s580-1-nov2013-american-society-of-agricultural-and-biolog,
176,HotPot_Panel,700,25,88.04,88.04,Water (test medium),panel,1,https://catalog.data.gov/dataset/solar-cooker-test-data-per-asae-s580-1-nov2013-american-society-of-agricultural-and-biolog,
177,HotPot_Panel,700,25,88.13,88.13,Water (test medium),panel,1,https://catalog.data.gov/dataset/solar-cooker-test-data-per-asae-s580-1-nov2013-american-society-of-agricultural-and-biolog,
178,HotPot_Panel,700,25,88.22,88.22,Water (test medium),panel,1,https://catalog.data.gov/dataset/solar-cooker-test-data-per-asae-s580-1-nov2013-american-society-of-agricultural-and-biolog,
179,HotPot_Panel,700,25,88.31,88.31,Water (test medium),panel,1,https://catalog.data.gov/dataset/solar-cooker-test-data-per-asae-s580-1-nov2013-american-society-of-agricultural-and-biolog,
180,HotPot_Panel,700,25,88.4,88.4,Water (test medium),panel,1,https://catalog.data.gov/dataset/solar-cooker-test-data-per-asae-s580-1-nov2013-american-society-of-agricultural-and-biolog,
181,HotPot_Panel,700,25,83.06,83.06,Water (test medium),panel,1,https://catalog.data.gov/dataset/solar-cooker-test-data-per-asae-s580-1-nov2013-american-society-of-agricultural-and-biolog,
182,HotPot_Panel,700,25,77.72,77.72,Water (test medium),panel,1,https://catalog.data.gov/dataset/solar-cooker-test-data-per-asae-s580-1-nov2013-american-society-of-agricultural-and-biolog,
183,HotPot_Panel,700,25,72.38,72.38,Water (test medium),panel,1,https://catalog.data.gov/dataset/solar-cooker-test-data-per-asae-s580-1-nov2013-american-society-of-agricultural-and-biolog,
184,HotPot_Panel,700,25,67.04,67.04,Water (test medium),panel,1,https://catalog.data.gov/dataset/solar-cooker-test-data-per-asae-s580-1-nov2013-american-society-of-agricultural-and-biolog,
185,HotPot_Panel,700,25,61.7,61.7,Water (test medium),panel,1,https://catalog.data.gov/dataset/solar-cooker-test-data-per-asae-s580-1-nov2013-american-society-of-agricultural-and-biolog,
186,HotPot_Panel,700,25,56.36,56.36,Water (test medium),panel,1,https://catalog.data.gov/dataset/solar-cooker-test-data-per-asae-s580-1-nov2013-american-society-of-agricultural-and-biolog,
187,HotPot_Panel,700,25,51.02,51.02,Water (test medium),panel,1,https://catalog.data.gov/dataset/solar-cooker-test-data-per-asae-s580-1-nov2013-american-society-of-agricultural-and-biolog,
188,HotPot_Panel,700,25,45.68,45.68,Water (test medium),panel,1,https://catalog.data.gov/dataset/solar-cooker-test-data-per-asae-s580-1-nov2013-american-society-of-agricultural-and-biolog,
189,HotPot_Panel,700,25,40.34,40.34,Water (test medium),panel,1,https://catalog.data.gov/dataset/solar-cooker-test-data-per-asae-s580-1-nov2013-american-society-of-agricultural-and-biolog,
190,HotPot_Panel,700,25,35,35,Water (test medium),panel,1,https://catalog.data.gov/dataset/solar-cooker-test-data-per-asae-s580-1-nov2013-american-society-of-agricultural-and-biolog,
191,HotPot_Panel,700,25,35.51,35.51,Water (test medium),panel,1,https://catalog.data.gov/dataset/solar-cooker-test-data-per-asae-s580-1-nov2013-american-society-of-agricultural-and-biolog,
192,HotPot_Panel,700,25,36.02,36.02,Water (test medium),panel,1,https://catalog.data.gov/dataset/solar-cooker-test-data-per-asae-s580-1-nov2013-american-society-of-agricultural-and-biolog,
193,HotPot_Panel,700,25,36.53,36.53,Water (test medium),panel,1,https://catalog.data.gov/dataset/solar-cooker-test-data-per-asae-s580-1-nov2013-american-society-of-agricultural-and-biolog,
194,HotPot_Panel,700,25,37.04,37.04,Water (test medium),panel,1,https://catalog.data.gov/dataset/solar-cooker-test-data-per-asae-s580-1-nov2013-american-society-of-agricultural-and-biolog,
195,HotPot_Panel,700,25,37.55,37.55,Water (test medium),panel,1,https://catalog.data.gov/dataset/solar-cooker-test-data-per-asae-s580-1-nov2013-american-society-of-agricultural-and-biolog,
196,HotPot_Panel,700,25,38.06,38.06,Water (test medium),panel,1,https://catalog.data.gov/dataset/solar-cooker-test-data-per-asae-s580-1-nov2013-american-society-of-agricultural-and-biolog,
197,HotPot_Panel,700,25,38.57,38.57,Water (test medium),panel,1,https://catalog.data.gov/dataset/solar-cooker-test-data-per-asae-s580-1-nov2013-american-society-of-agricultural-and-biolog,
198,HotPot_Panel,700,25,39.08,39.08,Water (test medium),panel,1,https://catalog.data.gov/dataset/solar-cooker-test-data-per-asae-s580-1-nov2013-american-society-of-agricultural-and-biolog,
199,HotPot_Panel,700,25,39.59,39.59,Water (test medium),panel,1,https://catalog.data.gov/dataset/solar-cooker-test-data-per-asae-s580-1-nov2013-american-society-of-agricultural-and-biolog,
200,HotPot_Panel,700,25,40.1,40.1,Water (test medium),panel,1,https://catalog.data.gov/dataset/solar-cooker-test-data-per-asae-s580-1-nov2013-american-society-of-agricultural-and-biolog,
201,HotPot_Panel,700,25,39.47,39.47,Water (test medium),panel,1,https://catalog.data.gov/dataset/solar-cooker-test-data-per-asae-s580-1-nov2013-american-society-of-agricultural-and-biolog,
202,HotPot_Panel,700,25,38.84,38.84,Water (test medium),panel,1,https://catalog.data.gov/dataset/solar-cooker-test-data-per-asae-s580-1-nov2013-american-society-of-agricultural-and-biolog,
203,HotPot_Panel,700,25,38.21,38.21,Water (test medium),panel,1,https://catalog.data.gov/dataset/solar-cooker-test-data-per-asae-s580-1-nov2013-american-society-of-agricultural-and-biolog,
204,HotPot_Panel,700,25,37.58,37.58,Water (test medium),panel,1,https://catalog.data.gov/dataset/solar-cooker-test-data-per-asae-s580-1-nov2013-american-society-of-agricultural-and-biolog,
205,HotPot_Panel,700,25,36.95,36.95,Water (test medium),panel,1,https://catalog.data.gov/dataset/solar-cooker-test-data-per-asae-s580-1-nov2013-american-society-of-agricultural-and-biolog,
206,HotPot_Panel,700,25,36.32,36.32,Water (test medium),panel,1,https://catalog.data.gov/dataset/solar-cooker-test-data-per-asae-s580-1-nov2013-american-society-of-agricultural-and-biolog,
207,HotPot_Panel,700,25,35.69,35.69,Water (test medium),panel,1,https://catalog.data.gov/dataset/solar-cooker-test-data-per-asae-s580-1-nov2013-american-society-of-agricultural-and-biolog,
208,HotPot_Panel,700,25,35.06,35.06,Water (test medium),panel,1,https://catalog.data.gov/dataset/solar-cooker-test-data-per-asae-s580-1-nov2013-american-society-of-agricultural-and-biolog,
209,HotPot_Panel,700,25,34.43,34.43,Water (test medium),panel,1,https://catalog.data.gov/dataset/solar-cooker-test-data-per-asae-s580-1-nov2013-american-society-of-agricultural-and-biolog,
210,HotPot_Panel,700,25,33.8,33.8,Water (test medium),panel,1,https://catalog.data.gov/dataset/solar-cooker-test-data-per-asae-s580-1-nov2013-american-society-of-agricultural-and-biolog,
211,HotPot_Panel,700,25,34.56,34.56,Water (test medium),panel,1,https://catalog.data.gov/dataset/solar-cooker-test-data-per-asae-s580-1-nov2013-american-society-of-agricultural-and-biolog,
212,HotPot_Panel,700,25,35.32,35.32,Water (test medium),panel,1,https://catalog.data.gov/dataset/solar-cooker-test-data-per-asae-s580-1-nov2013-american-society-of-agricultural-and-biolog,
213,HotPot_Panel,700,25,36.08,36.08,Water (test medium),panel,1,https://catalog.data.gov/dataset/solar-cooker-test-data-per-asae-s580-1-nov2013-american-society-of-agricultural-and-biolog,
214,HotPot_Panel,700,25,36.84,36.84,Water (test medium),panel,1,https://catalog.data.gov/dataset/solar-cooker-test-data-per-asae-s580-1-nov2013-american-society-of-agricultural-and-biolog,
215,HotPot_Panel,700,25,37.6,37.6,Water (test medium),panel,1,https://catalog.data.gov/dataset/solar-cooker-test-data-per-asae-s580-1-nov2013-american-society-of-agricultural-and-biolog,
216,HotPot_Panel,700,25,38.36,38.36,Water (test medium),panel,1,https://catalog.data.gov/dataset/solar-cooker-test-data-per-asae-s580-1-nov2013-american-society-of-agricultural-and-biolog,
217,HotPot_Panel,700,25,39.12,39.12,Water (test medium),panel,1,https://catalog.data.gov/dataset/solar-cooker-test-data-per-asae-s580-1-nov2013-american-society-of-agricultural-and-biolog,
218,HotPot_Panel,700,25,39.88,39.88,Water (test medium),panel,1,https://catalog.data.gov/dataset/solar-cooker-test-data-per-asae-s580-1-nov2013-american-society-of-agricultural-and-biolog,
219,HotPot_Panel,700,25,40.64,40.64,Water (test medium),panel,1,https://catalog.data.gov/dataset/solar-cooker-test-data-per-asae-s580-1-nov2013-american-society-of-agricultural-and-biolog,
220,HotPot_Panel,700,25,41.4,41.4,Water (test medium),panel,1,https://catalog.data.gov/dataset/solar-cooker-test-data-per-asae-s580-1-nov2013-american-society-of-agricultural-and-biolog,
221,HotPot_Panel,700,25,42.12,42.12,Water (test medium),panel,1,https://catalog.data.gov/dataset/solar-cooker-test-data-per-asae-s580-1-nov2013-american-society-of-agricultural-and-biolog,
222,HotPot_Panel,700,25,42.84,42.84,Water (test medium),panel,1,https://catalog.data.gov/dataset/solar-cooker-test-data-per-asae-s580-1-nov2013-american-society-of-agricultural-and-biolog,
223,HotPot_Panel,700,25,43.56,43.56,Water (test medium),panel,1,https://catalog.data.gov/dataset/solar-cooker-test-data-per-asae-s580-1-nov2013-american-society-of-agricultural-and-biolog,
224,HotPot_Panel,700,25,44.28,44.28,Water (test medium),panel,1,https://catalog.data.gov/dataset/solar-cooker-test-data-per-asae-s580-1-nov2013-american-society-of-agricultural-and-biolog,
225,HotPot_Panel,700,25,45,45,Water (test medium),panel,1,https://catalog.data.gov/dataset/solar-cooker-test-data-per-asae-s580-1-nov2013-american-society-of-agricultural-and-biolog,
226,HotPot_Panel,700,25,45.72,45.72,Water (test medium),panel,1,https://catalog.data.gov/dataset/solar-cooker-test-data-per-asae-s580-1-nov2013-american-society-of-agricultural-and-biolog,
227,HotPot_Panel,700,25,46.44,46.44,Water (test medium),panel,1,https://catalog.data.gov/dataset/solar-cooker-test-data-per-asae-s580-1-nov2013-american-society-of-agricultural-and-biolog,
228,HotPot_Panel,700,25,47.16,47.16,Water (test medium),panel,1,https://catalog.data.gov/dataset/solar-cooker-test-data-per-asae-s580-1-nov2013-american-society-of-agricultural-and-biolog,
229,HotPot_Panel,700,25,47.88,47.88,Water (test medium),panel,1,https://catalog.data.gov/dataset/solar-cooker-test-data-per-asae-s580-1-nov2013-american-society-of-agricultural-and-biolog,
230,HotPot_Panel,700,25,48.6,48.6,Water (test medium),panel,1,https://catalog.data.gov/dataset/solar-cooker-test-data-per-asae-s580-1-nov2013-american-society-of-agricultural-and-biolog,
231,HotPot_Panel,700,25,49.18,49.18,Water (test medium),panel,1,https://catalog.data.gov/dataset/solar-cooker-test-data-per-asae-s580-1-nov2013-american-society-of-agricultural-and-biolog,
232,HotPot_Panel,700,25,49.76,49.76,Water (test medium),panel,1,https://catalog.data.gov/dataset/solar-cooker-test-data-per-asae-s580-1-nov2013-american-society-of-agricultural-and-biolog,
233,HotPot_Panel,700,25,50.34,50.34,Water (test medium),panel,1,https://catalog.data.gov/dataset/solar-cooker-test-data-per-asae-s580-1-nov2013-american-society-of-agricultural-and-biolog,
234,HotPot_Panel,700,25,50.92,50.92,Water (test medium),panel,1,https://catalog.data.gov/dataset/solar-cooker-test-data-per-asae-s580-1-nov2013-american-society-of-agricultural-and-biolog,
235,HotPot_Panel,700,25,51.5,51.5,Water (test medium),panel,1,https://catalog.data.gov/dataset/solar-cooker-test-data-per-asae-s580-1-nov2013-american-society-of-agricultural-and-biolog,
236,HotPot_Panel,700,25,52.08,52.08,Water (test medium),panel,1,https://catalog.data.gov/dataset/solar-cooker-test-data-per-asae-s580-1-nov2013-american-society-of-agricultural-and-biolog,
237,HotPot_Panel,700,25,52.66,52.66,Water (test medium),panel,1,https://catalog.data.gov/dataset/solar-cooker-test-data-per-asae-s580-1-nov2013-american-society-of-agricultural-and-biolog,
238,HotPot_Panel,700,25,53.24,53.24,Water (test medium),panel,1,https://catalog.data.gov/dataset/solar-cooker-test-data-per-asae-s580-1-nov2013-american-society-of-agricultural-and-biolog,
239,HotPot_Panel,700,25,53.82,53.82,Water (test medium),panel,1,https://catalog.data.gov/dataset/solar-cooker-test-data-per-asae-s580-1-nov2013-american-society-of-agricultural-and-biolog,
240,HotPot_Panel,700,25,54.4,54.4,Water (test medium),panel,1,https://catalog.data.gov/dataset/solar-cooker-test-data-per-asae-s580-1-nov2013-american-society-of-agricultural-and-biolog,
241,HotPot_Panel,700,25,54.94,54.94,Water (test medium),panel,1,https://catalog.data.gov/dataset/solar-cooker-test-data-per-asae-s580-1-nov2013-american-society-of-agricultural-and-biolog,
242,HotPot_Panel,700,25,55.48,55.48,Water (test medium),panel,1,https://catalog.data.gov/dataset/solar-cooker-test-data-per-asae-s580-1-nov2013-american-society-of-agricultural-and-biolog,
243,HotPot_Panel,700,25,56.02,56.02,Water (test medium),panel,1,https://catalog.data.gov/dataset/solar-cooker-test-data-per-asae-s580-1-nov2013-american-society-of-agricultural-and-biolog,
244,HotPot_Panel,700,25,56.56,56.56,Water (test medium),panel,1,https://catalog.data.gov/dataset/solar-cooker-test-data-per-asae-s580-1-nov2013-american-society-of-agricultural-and-biolog,
245,HotPot_Panel,700,25,57.1,57.1,Water (test medium),panel,1,https://catalog.data.gov/dataset/solar-cooker-test-data-per-asae-s580-1-nov2013-american-society-of-agricultural-and-biolog,
246,HotPot_Panel,700,25,57.64,57.64,Water (test medium),panel,1,https://catalog.data.gov/dataset/solar-cooker-test-data-per-asae-s580-1-nov2013-american-society-of-agricultural-and-biolog,
247,HotPot_Panel,700,25,58.18,58.18,Water (test medium),panel,1,https://catalog.data.gov/dataset/solar-cooker-test-data-per-asae-s580-1-nov2013-american-society-of-agricultural-and-biolog,
248,HotPot_Panel,700,25,58.72,58.72,Water (test medium),panel,1,https://catalog.data.gov/dataset/solar-cooker-test-data-per-asae-s580-1-nov2013-american-society-of-agricultural-and-biolog,
249,HotPot_Panel,700,25,59.26,59.26,Water (test medium),panel,1,https://catalog.data.gov/dataset/solar-cooker-test-data-per-asae-s580-1-nov2013-american-society-of-agricultural-and-biolog,
250,HotPot_Panel,700,25,59.8,59.8,Water (test medium),panel,1,https://catalog.data.gov/dataset/solar-cooker-test-data-per-asae-s580-1-nov2013-american-society-of-agricultural-and-biolog,
251,HotPot_Panel,700,25,60.21,60.21,Water (test medium),panel,1,https://catalog.data.gov/dataset/solar-cooker-test-data-per-asae-s580-1-nov2013-american-society-of-agricultural-and-biolog,
252,HotPot_Panel,700,25,60.62,60.62,Water (test medium),panel,1,https://catalog.data.gov/dataset/solar-cooker-test-data-per-asae-s580-1-nov2013-american-society-of-agricultural-and-biolog,
253,HotPot_Panel,700,25,61.03,61.03,Water (test medium),panel,1,https://catalog.data.gov/dataset/solar-cooker-test-data-per-asae-s580-1-nov2013-american-society-of-agricultural-and-biolog,
254,HotPot_Panel,700,25,61.44,61.44,Water (test medium),panel,1,https://catalog.data.gov/dataset/solar-cooker-test-data-per-asae-s580-1-nov2013-american-society-of-agricultural-and-biolog,
255,HotPot_Panel,700,25,61.85,61.85,Water (test medium),panel,1,https://catalog.data.gov/dataset/solar-cooker-test-data-per-asae-s580-1-nov2013-american-society-of-agricultural-and-biolog,
256,HotPot_Panel,700,25,62.26,62.26,Water (test medium),panel,1,https://catalog.data.gov/dataset/solar-cooker-test-data-per-asae-s580-1-nov2013-american-society-of-agricultural-and-biolog,
257,HotPot_Panel,700,25,62.67,62.67,Water (test medium),panel,1,https://catalog.data.gov/dataset/solar-cooker-test-data-per-asae-s580-1-nov2013-american-society-of-agricultural-and-biolog,
258,HotPot_Panel,700,25,63.08,63.08,Water (test medium),panel,1,https://catalog.data.gov/dataset/solar-cooker-test-data-per-asae-s580-1-nov2013-american-society-of-agricultural-and-biolog,
259,HotPot_Panel,700,25,63.49,63.49,Water (test medium),panel,1,https://catalog.data.gov/dataset/solar-cooker-test-data-per-asae-s580-1-nov2013-american-society-of-agricultural-and-biolog,
260,HotPot_Panel,700,25,63.9,63.9,Water (test medium),panel,1,https://catalog.data.gov/dataset/solar-cooker-test-data-per-asae-s580-1-nov2013-american-society-of-agricultural-and-biolog,
261,HotPot_Panel,700,25,64.31,64.31,Water (test medium),panel,1,https://catalog.data.gov/dataset/solar-cooker-test-data-per-asae-s580-1-nov2013-american-society-of-agricultural-and-biolog,
262,HotPot_Panel,700,25,64.72,64.72,Water (test medium),panel,1,https://catalog.data.gov/dataset/solar-cooker-test-data-per-asae-s580-1-nov2013-american-society-of-agricultural-and-biolog,
263,HotPot_Panel,700,25,65.13,65.13,Water (test medium),panel,1,https://catalog.data.gov/dataset/solar-cooker-test-data-per-asae-s580-1-nov2013-american-society-of-agricultural-and-biolog,
264,HotPot_Panel,700,25,65.54,65.54,Water (test medium),panel,1,https://catalog.data.gov/dataset/solar-cooker-test-data-per-asae-s580-1-nov2013-american-society-of-agricultural-and-biolog,
265,HotPot_Panel,700,25,65.95,65.95,Water (test medium),panel,1,https://catalog.data.gov/dataset/solar-cooker-test-data-per-asae-s580-1-nov2013-american-society-of-agricultural-and-biolog,
266,HotPot_Panel,700,25,66.36,66.36,Water (test medium),panel,1,https://catalog.data.gov/dataset/solar-cooker-test-data-per-asae-s580-1-nov2013-american-society-of-agricultural-and-biolog,
267,HotPot_Panel,700,25,66.77,66.77,Water (test medium),panel,1,https://catalog.data.gov/dataset/solar-cooker-test-data-per-asae-s580-1-nov2013-american-society-of-agricultural-and-biolog,
268,HotPot_Panel,700,25,67.18,67.18,Water (test medium),panel,1,https://catalog.data.gov/dataset/solar-cooker-test-data-per-asae-s580-1-nov2013-american-society-of-agricultural-and-biolog,
269,HotPot_Panel,700,25,67.59,67.59,Water (test medium),panel,1,https://catalog.data.gov/dataset/solar-cooker-test-data-per-asae-s580-1-nov2013-american-society-of-agricultural-and-biolog,
270,HotPot_Panel,700,25,68,68,Water (test medium),panel,1,https://catalog.data.gov/dataset/solar-cooker-test-data-per-asae-s580-1-nov2013-american-society-of-agricultural-and-biolog,
271,HotPot_Panel,700,25,68.29,68.29,Water (test medium),panel,1,https://catalog.data.gov/dataset/solar-cooker-test-data-per-asae-s580-1-nov2013-american-society-of-agricultural-and-biolog,
272,HotPot_Panel,700,25,68.58,68.58,Water (test medium),panel,1,https://catalog.data.gov/dataset/solar-cooker-test-data-per-asae-s580-1-nov2013-american-society-of-agricultural-and-biolog,
273,HotPot_Panel,700,25,68.87,68.87,Water (test medium),panel,1,https://catalog.data.gov/dataset/solar-cooker-test-data-per-asae-s580-1-nov2013-american-society-of-agricultural-and-biolog,
274,HotPot_Panel,700,25,69.16,69.16,Water (test medium),panel,1,https://catalog.data.gov/dataset/solar-cooker-test-data-per-asae-s580-1-nov2013-american-society-of-agricultural-and-biolog,
275,HotPot_Panel,700,25,69.45,69.45,Water (test medium),panel,1,https://catalog.data.gov/dataset/solar-cooker-test-data-per-asae-s580-1-nov2013-american-society-of-agricultural-and-biolog,
276,HotPot_Panel,700,25,69.74,69.74,Water (test medium),panel,1,https://catalog.data.gov/dataset/solar-cooker-test-data-per-asae-s580-1-nov2013-american-society-of-agricultural-and-biolog,
277,HotPot_Panel,700,25,70.03,70.03,Water (test medium),panel,1,https://catalog.data.gov/dataset/solar-cooker-test-data-per-asae-s580-1-nov2013-american-society-of-agricultural-and-biolog,
278,HotPot_Panel,700,25,70.32,70.32,Water (test medium),panel,1,https://catalog.data.gov/dataset/solar-cooker-test-data-per-asae-s580-1-nov2013-american-society-of-agricultural-and-biolog,
279,HotPot_Panel,700,25,70.61,70.61,Water (test medium),panel,1,https://catalog.data.gov/dataset/solar-cooker-test-data-per-asae-s580-1-nov2013-american-society-of-agricultural-and-biolog,
280,HotPot_Panel,700,25,70.9,70.9,Water (test medium),panel,1,https://catalog.data.gov/dataset/solar-cooker-test-data-per-asae-s580-1-nov2013-american-society-of-agricultural-and-biolog,
281,HotPot_Panel,700,25,71.18,71.18,Water (test medium),panel,1,https://catalog.data.gov/dataset/solar-cooker-test-data-per-asae-s580-1-nov2013-american-society-of-agricultural-and-biolog,
282,HotPot_Panel,700,25,71.46,71.46,Water (test medium),panel,1,https://catalog.data.gov/dataset/solar-cooker-test-data-per-asae-s580-1-nov2013-american-society-of-agricultural-and-biolog,
283,HotPot_Panel,700,25,71.74,71.74,Water (test medium),panel,1,https://catalog.data.gov/dataset/solar-cooker-test-data-per-asae-s580-1-nov2013-american-society-of-agricultural-and-biolog,
284,HotPot_Panel,700,25,72.02,72.02,Water (test medium),panel,1,https://catalog.data.gov/dataset/solar-cooker-test-data-per-asae-s580-1-nov2013-american-society-of-agricultural-and-biolog,
285,HotPot_Panel,700,25,72.3,72.3,Water (test medium),panel,1,https://catalog.data.gov/dataset/solar-cooker-test-data-per-asae-s580-1-nov2013-american-society-of-agricultural-and-biolog,
286,HotPot_Panel,700,25,72.58,72.58,Water (test medium),panel,1,https://catalog.data.gov/dataset/solar-cooker-test-data-per-asae-s580-1-nov2013-american-society-of-agricultural-and-biolog,
287,HotPot_Panel,700,25,72.86,72.86,Water (test medium),panel,1,https://catalog.data.gov/dataset/solar-cooker-test-data-per-asae-s580-1-nov2013-american-society-of-agricultural-and-biolog,
288,HotPot_Panel,700,25,73.14,73.14,Water (test medium),panel,1,https://catalog.data.gov/dataset/solar-cooker-test-data-per-asae-s580-1-nov2013-american-society-of-agricultural-and-biolog,
289,HotPot_Panel,700,25,73.42,73.42,Water (test medium),panel,1,https://catalog.data.gov/dataset/solar-cooker-test-data-per-asae-s580-1-nov2013-american-society-of-agricultural-and-biolog,
290,HotPot_Panel,700,25,73.7,73.7,Water (test medium),panel,1,https://catalog.data.gov/dataset/solar-cooker-test-data-per-asae-s580-1-nov2013-american-society-of-agricultural-and-biolog,
291,HotPot_Panel,700,25,73.89,73.89,Water (test medium),panel,1,https://catalog.data.gov/dataset/solar-cooker-test-data-per-asae-s580-1-nov2013-american-society-of-agricultural-and-biolog,
292,HotPot_Panel,700,25,74.08,74.08,Water (test medium),panel,1,https://catalog.data.gov/dataset/solar-cooker-test-data-per-asae-s580-1-nov2013-american-society-of-agricultural-and-biolog,
293,HotPot_Panel,700,25,74.27,74.27,Water (test medium),panel,1,https://catalog.data.gov/dataset/solar-cooker-test-data-per-asae-s580-1-nov2013-american-society-of-agricultural-and-biolog,
294,HotPot_Panel,700,25,74.46,74.46,Water (test medium),panel,1,https://catalog.data.gov/dataset/solar-cooker-test-data-per-asae-s580-1-nov2013-american-society-of-agricultural-and-biolog,
295,HotPot_Panel,700,25,74.65,74.65,Water (test medium),panel,1,https://catalog.data.gov/dataset/solar-cooker-test-data-per-asae-s580-1-nov2013-american-society-of-agricultural-and-biolog,
296,HotPot_Panel,700,25,74.84,74.84,Water (test medium),panel,1,https://catalog.data.gov/dataset/solar-cooker-test-data-per-asae-s580-1-nov2013-american-society-of-agricultural-and-biolog,
297,HotPot_Panel,700,25,75.03,75.03,Water (test medium),panel,1,https://catalog.data.gov/dataset/solar-cooker-test-data-per-asae-s580-1-nov2013-american-society-of-agricultural-and-biolog,
298,HotPot_Panel,700,25,75.22,75.22,Water (test medium),panel,1,https://catalog.data.gov/dataset/solar-cooker-test-data-per-asae-s580-1-nov2013-american-society-of-agricultural-and-biolog,
299,HotPot_Panel,700,25,75.41,75.41,Water (test medium),panel,1,https://catalog.data.gov/dataset/solar-cooker-test-data-per-asae-s580-1-nov2013-american-society-of-agricultural-and-biolog,
300,HotPot_Panel,700,25,75.6,75.6,Water (test medium),panel,1,https://catalog.data.gov/dataset/solar-cooker-test-data-per-asae-s580-1-nov2013-american-society-of-agricultural-and-biolog,
301,HotPot_Panel,700,25,75.76,75.76,Water (test medium),panel,1,https://catalog.data.gov/dataset/solar-cooker-test-data-per-asae-s580-1-nov2013-american-society-of-agricultural-and-biolog,
302,HotPot_Panel,700,25,75.92,75.92,Water (test medium),panel,1,https://catalog.data.gov/dataset/solar-cooker-test-data-per-asae-s580-1-nov2013-american-society-of-agricultural-and-biolog,
303,HotPot_Panel,700,25,76.08,76.08,Water (test medium),panel,1,https://catalog.data.gov/dataset/solar-cooker-test-data-per-asae-s580-1-nov2013-american-society-of-agricultural-and-biolog,
304,HotPot_Panel,700,25,76.24,76.24,Water (test medium),panel,1,https://catalog.data.gov/dataset/solar-cooker-test-data-per-asae-s580-1-nov2013-american-society-of-agricultural-and-biolog,
305,HotPot_Panel,700,25,76.4,76.4,Water (test medium),panel,1,https://catalog.data.gov/dataset/solar-cooker-test-data-per-asae-s580-1-nov2013-american-society-of-agricultural-and-biolog,
306,HotPot_Panel,700,25,76.56,76.56,Water (test medium),panel,1,https://catalog.data.gov/dataset/solar-cooker-test-data-per-asae-s580-1-nov2013-american-society-of-agricultural-and-biolog,
307,HotPot_Panel,700,25,76.72,76.72,Water (test medium),panel,1,https://catalog.data.gov/dataset/solar-cooker-test-data-per-asae-s580-1-nov2013-american-society-of-agricultural-and-biolog,
308,HotPot_Panel,700,25,76.88,76.88,Water (test medium),panel,1,https://catalog.data.gov/dataset/solar-cooker-test-data-per-asae-s580-1-nov2013-american-society-of-agricultural-and-biolog,
309,HotPot_Panel,700,25,77.04,77.04,Water (test medium),panel,1,https://catalog.data.gov/dataset/solar-cooker-test-data-per-asae-s580-1-nov2013-american-society-of-agricultural-and-biolog,
310,HotPot_Panel,700,25,77.2,77.2,Water (test medium),panel,1,https://catalog.data.gov/dataset/solar-cooker-test-data-per-asae-s580-1-nov2013-american-society-of-agricultural-and-biolog,
311,HotPot_Panel,700,25,77.31,77.31,Water (test medium),panel,1,https://catalog.data.gov/dataset/solar-cooker-test-data-per-asae-s580-1-nov2013-american-society-of-agricultural-and-biolog,
312,HotPot_Panel,700,25,77.42,77.42,Water (test medium),panel,1,https://catalog.data.gov/dataset/solar-cooker-test-data-per-asae-s580-1-nov2013-american-society-of-agricultural-and-biolog,
313,HotPot_Panel,700,25,77.53,77.53,Water (test medium),panel,1,https://catalog.data.gov/dataset/solar-cooker-test-data-per-asae-s580-1-nov2013-american-society-of-agricultural-and-biolog,
314,HotPot_Panel,700,25,77.64,77.64,Water (test medium),panel,1,https://catalog.data.gov/dataset/solar-cooker-test-data-per-asae-s580-1-nov2013-american-society-of-agricultural-and-biolog,
315,HotPot_Panel,700,25,77.75,77.75,Water (test medium),panel,1,https://catalog.data.gov/dataset/solar-cooker-test-data-per-asae-s580-1-nov2013-american-society-of-agricultural-and-biolog,
316,HotPot_Panel,700,25,77.86,77.86,Water (test medium),panel,1,https://catalog.data.gov/dataset/solar-cooker-test-data-per-asae-s580-1-nov2013-american-society-of-agricultural-and-biolog,
317,HotPot_Panel,700,25,77.97,77.97,Water (test medium),panel,1,https://catalog.data.gov/dataset/solar-cooker-test-data-per-asae-s580-1-nov2013-american-society-of-agricultural-and-biolog,
318,HotPot_Panel,700,25,78.08,78.08,Water (test medium),panel,1,https://catalog.data.gov/dataset/solar-cooker-test-data-per-asae-s580-1-nov2013-american-society-of-agricultural-and-biolog,
319,HotPot_Panel,700,25,78.19,78.19,Water (test medium),panel,1,https://catalog.data.gov/dataset/solar-cooker-test-data-per-asae-s580-1-nov2013-american-society-of-agricultural-and-biolog,
320,HotPot_Panel,700,25,78.3,78.3,Water (test medium),panel,1,https://catalog.data.gov/dataset/solar-cooker-test-data-per-asae-s580-1-nov2013-american-society-of-agricultural-and-biolog,
321,HotPot_Panel,700,25,78.24,78.24,Water (test medium),panel,1,https://catalog.data.gov/dataset/solar-cooker-test-data-per-asae-s580-1-nov2013-american-society-of-agricultural-and-biolog,
322,HotPot_Panel,700,25,78.18,78.18,Water (test medium),panel,1,https://catalog.data.gov/dataset/solar-cooker-test-data-per-asae-s580-1-nov2013-american-society-of-agricultural-and-biolog,
323,HotPot_Panel,700,25,78.12,78.12,Water (test medium),panel,1,https://catalog.data.gov/dataset/solar-cooker-test-data-per-asae-s580-1-nov2013-american-society-of-agricultural-and-biolog,
324,HotPot_Panel,700,25,78.06,78.06,Water (test medium),panel,1,https://catalog.data.gov/dataset/solar-cooker-test-data-per-asae-s580-1-nov2013-american-society-of-agricultural-and-biolog,
325,HotPot_Panel,700,25,78,78,Water (test medium),panel,1,https://catalog.data.gov/dataset/solar-cooker-test-data-per-asae-s580-1-nov2013-american-society-of-agricultural-and-biolog,
326,HotPot_Panel,700,25,77.94,77.94,Water (test medium),panel,1,https://catalog.data.gov/dataset/solar-cooker-test-data-per-asae-s580-1-nov2013-american-society-of-agricultural-and-biolog,
327,HotPot_Panel,700,25,77.88,77.88,Water (test medium),panel,1,https://catalog.data.gov/dataset/solar-cooker-test-data-per-asae-s580-1-nov2013-american-society-of-agricultural-and-biolog,
328,HotPot_Panel,700,25,77.82,77.82,Water (test medium),panel,1,https://catalog.data.gov/dataset/solar-cooker-test-data-per-asae-s580-1-nov2013-american-society-of-agricultural-and-biolog,
329,HotPot_Panel,700,25,77.76,77.76,Water (test medium),panel,1,https://catalog.data.gov/dataset/solar-cooker-test-data-per-asae-s580-1-nov2013-american-society-of-agricultural-and-biolog,
330,HotPot_Panel,700,25,77.7,77.7,Water (test medium),panel,1,https://catalog.data.gov/dataset/solar-cooker-test-data-per-asae-s580-1-nov2013-american-society-of-agricultural-and-biolog,
331,HotPot_Panel,700,25,77.72,77.72,Water (test medium),panel,1,https://catalog.data.gov/dataset/solar-cooker-test-data-per-asae-s580-1-nov2013-american-society-of-agricultural-and-biolog,
332,HotPot_Panel,700,25,77.74,77.74,Water (test medium),panel,1,https://catalog.data.gov/dataset/solar-cooker-test-data-per-asae-s580-1-nov2013-american-society-of-agricultural-and-biolog,
333,HotPot_Panel,700,25,77.76,77.76,Water (test medium),panel,1,https://catalog.data.gov/dataset/solar-cooker-test-data-per-asae-s580-1-nov2013-american-society-of-agricultural-and-biolog,
334,HotPot_Panel,700,25,77.78,77.78,Water (test medium),panel,1,https://catalog.data.gov/dataset/solar-cooker-test-data-per-asae-s580-1-nov2013-american-society-of-agricultural-and-biolog,
335,HotPot_Panel,700,25,77.8,77.8,Water (test medium),panel,1,https://catalog.data.gov/dataset/solar-cooker-test-data-per-asae-s580-1-nov2013-american-society-of-agricultural-and-biolog,
336,HotPot_Panel,700,25,77.82,77.82,Water (test medium),panel,1,https://catalog.data.gov/dataset/solar-cooker-test-data-per-asae-s580-1-nov2013-american-society-of-agricultural-and-biolog,
337,HotPot_Panel,700,25,77.84,77.84,Water (test medium),panel,1,https://catalog.data.gov/dataset/solar-cooker-test-data-per-asae-s580-1-nov2013-american-society-of-agricultural-and-biolog,
338,HotPot_Panel,700,25,77.86,77.86,Water (test medium),panel,1,https://catalog.data.gov/dataset/solar-cooker-test-data-per-asae-s580-1-nov2013-american-society-of-agricultural-and-biolog,
339,HotPot_Panel,700,25,77.88,77.88,Water (test medium),panel,1,https://catalog.data.gov/dataset/solar-cooker-test-data-per-asae-s580-1-nov2013-american-society-of-agricultural-and-biolog,
340,HotPot_Panel,700,25,77.9,77.9,Water (test medium),panel,1,https://catalog.data.gov/dataset/solar-cooker-test-data-per-asae-s580-1-nov2013-american-society-of-agricultural-and-biolog,
341,HotPot_Panel,700,25,77.92,77.92,Water (test medium),panel,1,https://catalog.data.gov/dataset/solar-cooker-test-data-per-asae-s580-1-nov2013-american-society-of-agricultural-and-biolog,
342,HotPot_Panel,700,25,77.94,77.94,Water (test medium),panel,1,https://catalog.data.gov/dataset/solar-cooker-test-data-per-asae-s580-1-nov2013-american-society-of-agricultural-and-biolog,
343,HotPot_Panel,700,25,77.96,77.96,Water (test medium),panel,1,https://catalog.data.gov/dataset/solar-cooker-test-data-per-asae-s580-1-nov2013-american-society-of-agricultural-and-biolog,
344,HotPot_Panel,700,25,77.98,77.98,Water (test medium),panel,1,https://catalog.data.gov/dataset/solar-cooker-test-data-per-asae-s580-1-nov2013-american-society-of-agricultural-and-biolog,
345,HotPot_Panel,700,25,78,78,Water (test medium),panel,1,https://catalog.data.gov/dataset/solar-cooker-test-data-per-asae-s580-1-nov2013-american-society-of-agricultural-and-biolog,
346,HotPot_Panel,700,25,78.02,78.02,Water (test medium),panel,1,https://catalog.data.gov/dataset/solar-cooker-test-data-per-asae-s580-1-nov2013-american-society-of-agricultural-and-biolog,
347,HotPot_Panel,700,25,78.04,78.04,Water (test medium),panel,1,https://catalog.data.gov/dataset/solar-cooker-test-data-per-asae-s580-1-nov2013-american-society-of-agricultural-and-biolog,
348,HotPot_Panel,700,25,78.06,78.06,Water (test medium),panel,1,https://catalog.data.gov/dataset/solar-cooker-test-data-per-asae-s580-1-nov2013-american-society-of-agricultural-and-biolog,
349,HotPot_Panel,700,25,78.08,78.08,Water (test medium),panel,1,https://catalog.data.gov/dataset/solar-cooker-test-data-per-asae-s580-1-nov2013-american-society-of-agricultural-and-biolog,
350,HotPot_Panel,700,25,78.1,78.1,Water (test medium),panel,1,https://catalog.data.gov/dataset/solar-cooker-test-data-per-asae-s580-1-nov2013-american-society-of-agricultural-and-biolog,
351,HotPot_Panel,700,25,73.67,73.67,Water (test medium),panel,1,https://catalog.data.gov/dataset/solar-cooker-test-data-per-asae-s580-1-nov2013-american-society-of-agricultural-and-biolog,
352,HotPot_Panel,700,25,69.24,69.24,Water (test medium),panel,1,https://catalog.data.gov/dataset/solar-cooker-test-data-per-asae-s580-1-nov2013-american-society-of-agricultural-and-biolog,
353,HotPot_Panel,700,25,64.81,64.81,Water (test medium),panel,1,https://catalog.data.gov/dataset/solar-cooker-test-data-per-asae-s580-1-nov2013-american-society-of-agricultural-and-biolog,
354,HotPot_Panel,700,25,60.38,60.38,Water (test medium),panel,1,https://catalog.data.gov/dataset/solar-cooker-test-data-per-asae-s580-1-nov2013-american-society-of-agricultural-and-biolog,
355,HotPot_Panel,700,25,55.95,55.95,Water (test medium),panel,1,https://catalog.data.gov/dataset/solar-cooker-test-data-per-asae-s580-1-nov2013-american-society-of-agricultural-and-biolog,
356,HotPot_Panel,700,25,51.52,51.52,Water (test medium),panel,1,https://catalog.data.gov/dataset/solar-cooker-test-data-per-asae-s580-1-nov2013-american-society-of-agricultural-and-biolog,
357,HotPot_Panel,700,25,47.09,47.09,Water (test medium),panel,1,https://catalog.data.gov/dataset/solar-cooker-test-data-per-asae-s580-1-nov2013-american-society-of-agricultural-and-biolog,
358,HotPot_Panel,700,25,42.66,42.66,Water (test medium),panel,1,https://catalog.data.gov/dataset/solar-cooker-test-data-per-asae-s580-1-nov2013-american-society-of-agricultural-and-biolog,
359,HotPot_Panel,700,25,38.23,38.23,Water (test medium),panel,1,https://catalog.data.gov/dataset/solar-cooker-test-data-per-asae-s580-1-nov2013-american-society-of-agricultural-and-biolog,
360,HotPot_Panel,700,25,33.8,33.8,Water (test medium),panel,1,https://catalog.data.gov/dataset/solar-cooker-test-data-per-asae-s580-1-nov2013-american-society-of-agricultural-and-biolog,
361,HotPot_Panel,700,25,34.37,34.37,Water (test medium),panel,1,https://catalog.data.gov/dataset/solar-cooker-test-data-per-asae-s580-1-nov2013-american-society-of-agricultural-and-biolog,
362,HotPot_Panel,700,25,34.94,34.94,Water (test medium),panel,1,https://catalog.data.gov/dataset/solar-cooker-test-data-per-asae-s580-1-nov2013-american-society-of-agricultural-and-biolog,
363,HotPot_Panel,700,25,35.51,35.51,Water (test medium),panel,1,https://catalog.data.gov/dataset/solar-cooker-test-data-per-asae-s580-1-nov2013-american-society-of-agricultural-and-biolog,
364,HotPot_Panel,700,25,36.08,36.08,Water (test medium),panel,1,https://catalog.data.gov/dataset/solar-cooker-test-data-per-asae-s580-1-nov2013-american-society-of-agricultural-and-biolog,
365,HotPot_Panel,700,25,36.65,36.65,Water (test medium),panel,1,https://catalog.data.gov/dataset/solar-cooker-test-data-per-asae-s580-1-nov2013-american-society-of-agricultural-and-biolog,
366,HotPot_Panel,700,25,37.22,37.22,Water (test medium),panel,1,https://catalog.data.gov/dataset/solar-cooker-test-data-per-asae-s580-1-nov2013-american-society-of-agricultural-and-biolog,
367,HotPot_Panel,700,25,37.79,37.79,Water (test medium),panel,1,https://catalog.data.gov/dataset/solar-cooker-test-data-per-asae-s580-1-nov2013-american-society-of-agricultural-and-biolog,
368,HotPot_Panel,700,25,38.36,38.36,Water (test medium),panel,1,https://catalog.data.gov/dataset/solar-cooker-test-data-per-asae-s580-1-nov2013-american-society-of-agricultural-and-biolog,
369,HotPot_Panel,700,25,38.93,38.93,Water (test medium),panel,1,https://catalog.data.gov/dataset/solar-cooker-test-data-per-asae-s580-1-nov2013-american-society-of-agricultural-and-biolog,
370,HotPot_Panel,700,25,39.5,39.5,Water (test medium),panel,1,https://catalog.data.gov/dataset/solar-cooker-test-data-per-asae-s580-1-nov2013-american-society-of-agricultural-and-biolog,
371,HotPot_Panel,700,25,40.03,40.03,Water (test medium),panel,1,https://catalog.data.gov/dataset/solar-cooker-test-data-per-asae-s580-1-nov2013-american-society-of-agricultural-and-biolog,
372,HotPot_Panel,700,25,40.56,40.56,Water (test medium),panel,1,https://catalog.data.gov/dataset/solar-cooker-test-data-per-asae-s580-1-nov2013-american-society-of-agricultural-and-biolog,
373,HotPot_Panel,700,25,41.09,41.09,Water (test medium),panel,1,https://catalog.data.gov/dataset/solar-cooker-test-data-per-asae-s580-1-nov2013-american-society-of-agricultural-and-biolog,
374,HotPot_Panel,700,25,41.62,41.62,Water (test medium),panel,1,https://catalog.data.gov/dataset/solar-cooker-test-data-per-asae-s580-1-nov2013-american-society-of-agricultural-and-biolog,
375,HotPot_Panel,700,25,42.15,42.15,Water (test medium),panel,1,https://catalog.data.gov/dataset/solar-cooker-test-data-per-asae-s580-1-nov2013-american-society-of-agricultural-and-biolog,
376,HotPot_Panel,700,25,42.68,42.68,Water (test medium),panel,1,https://catalog.data.gov/dataset/solar-cooker-test-data-per-asae-s580-1-nov2013-american-society-of-agricultural-and-biolog,
377,HotPot_Panel,700,25,43.21,43.21,Water (test medium),panel,1,https://catalog.data.gov/dataset/solar-cooker-test-data-per-asae-s580-1-nov2013-american-society-of-agricultural-and-biolog,
378,HotPot_Panel,700,25,43.74,43.74,Water (test medium),panel,1,https://catalog.data.gov/dataset/solar-cooker-test-data-per-asae-s580-1-nov2013-american-society-of-agricultural-and-biolog,
379,HotPot_Panel,700,25,44.27,44.27,Water (test medium),panel,1,https://catalog.data.gov/dataset/solar-cooker-test-data-per-asae-s580-1-nov2013-american-society-of-agricultural-and-biolog,
380,HotPot_Panel,700,25,44.8,44.8,Water (test medium),panel,1,https://catalog.data.gov/dataset/solar-cooker-test-data-per-asae-s580-1-nov2013-american-society-of-agricultural-and-biolog,
381,HotPot_Panel,700,25,45.38,45.38,Water (test medium),panel,1,https://catalog.data.gov/dataset/solar-cooker-test-data-per-asae-s580-1-nov2013-american-society-of-agricultural-and-biolog,
382,HotPot_Panel,700,25,45.96,45.96,Water (test medium),panel,1,https://catalog.data.gov/dataset/solar-cooker-test-data-per-asae-s580-1-nov2013-american-society-of-agricultural-and-biolog,
383,HotPot_Panel,700,25,46.54,46.54,Water (test medium),panel,1,https://catalog.data.gov/dataset/solar-cooker-test-data-per-asae-s580-1-nov2013-american-society-of-agricultural-and-biolog,
384,HotPot_Panel,700,25,47.12,47.12,Water (test medium),panel,1,https://catalog.data.gov/dataset/solar-cooker-test-data-per-asae-s580-1-nov2013-american-society-of-agricultural-and-biolog,
385,HotPot_Panel,700,25,47.7,47.7,Water (test medium),panel,1,https://catalog.data.gov/dataset/solar-cooker-test-data-per-asae-s580-1-nov2013-american-society-of-agricultural-and-biolog,
386,HotPot_Panel,700,25,48.28,48.28,Water (test medium),panel,1,https://catalog.data.gov/dataset/solar-cooker-test-data-per-asae-s580-1-nov2013-american-society-of-agricultural-and-biolog,
387,HotPot_Panel,700,25,48.86,48.86,Water (test medium),panel,1,https://catalog.data.gov/dataset/solar-cooker-test-data-per-asae-s580-1-nov2013-american-society-of-agricultural-and-biolog,
388,HotPot_Panel,700,25,49.44,49.44,Water (test medium),panel,1,https://catalog.data.gov/dataset/solar-cooker-test-data-per-asae-s580-1-nov2013-american-society-of-agricultural-and-biolog,
389,HotPot_Panel,700,25,50.02,50.02,Water (test medium),panel,1,https://catalog.data.gov/dataset/solar-cooker-test-data-per-asae-s580-1-nov2013-american-society-of-agricultural-and-biolog,
390,HotPot_Panel,700,25,50.6,50.6,Water (test medium),panel,1,https://catalog.data.gov/dataset/solar-cooker-test-data-per-asae-s580-1-nov2013-american-society-of-agricultural-and-biolog,
391,HotPot_Panel,700,25,51.43,51.43,Water (test medium),panel,1,https://catalog.data.gov/dataset/solar-cooker-test-data-per-asae-s580-1-nov2013-american-society-of-agricultural-and-biolog,
392,HotPot_Panel,700,25,52.26,52.26,Water (test medium),panel,1,https://catalog.data.gov/dataset/solar-cooker-test-data-per-asae-s580-1-nov2013-american-society-of-agricultural-and-biolog,
393,HotPot_Panel,700,25,53.09,53.09,Water (test medium),panel,1,https://catalog.data.gov/dataset/solar-cooker-test-data-per-asae-s580-1-nov2013-american-society-of-agricultural-and-biolog,
394,HotPot_Panel,700,25,53.92,53.92,Water (test medium),panel,1,https://catalog.data.gov/dataset/solar-cooker-test-data-per-asae-s580-1-nov2013-american-society-of-agricultural-and-biolog,
395,HotPot_Panel,700,25,54.75,54.75,Water (test medium),panel,1,https://catalog.data.gov/dataset/solar-cooker-test-data-per-asae-s580-1-nov2013-american-society-of-agricultural-and-biolog,
396,HotPot_Panel,700,25,55.58,55.58,Water (test medium),panel,1,https://catalog.data.gov/dataset/solar-cooker-test-data-per-asae-s580-1-nov2013-american-society-of-agricultural-and-biolog,
397,HotPot_Panel,700,25,56.41,56.41,Water (test medium),panel,1,https://catalog.data.gov/dataset/solar-cooker-test-data-per-asae-s580-1-nov2013-american-society-of-agricultural-and-biolog,
398,HotPot_Panel,700,25,57.24,57.24,Water (test medium),panel,1,https://catalog.data.gov/dataset/solar-cooker-test-data-per-asae-s580-1-nov2013-american-society-of-agricultural-and-biolog,
399,HotPot_Panel,700,25,58.07,58.07,Water (test medium),panel,1,https://catalog.data.gov/dataset/solar-cooker-test-data-per-asae-s580-1-nov2013-american-society-of-agricultural-and-biolog,
400,HotPot_Panel,700,25,58.9,58.9,Water (test medium),panel,1,https://catalog.data.gov/dataset/solar-cooker-test-data-per-asae-s580-1-nov2013-american-society-of-agricultural-and-biolog,
401,HotPot_Panel,700,25,59.34,59.34,Water (test medium),panel,1,https://catalog.data.gov/dataset/solar-cooker-test-data-per-asae-s580-1-nov2013-american-society-of-agricultural-and-biolog,
402,HotPot_Panel,700,25,59.78,59.78,Water (test medium),panel,1,https://catalog.data.gov/dataset/solar-cooker-test-data-per-asae-s580-1-nov2013-american-society-of-agricultural-and-biolog,
403,HotPot_Panel,700,25,60.22,60.22,Water (test medium),panel,1,https://catalog.data.gov/dataset/solar-cooker-test-data-per-asae-s580-1-nov2013-american-society-of-agricultural-and-biolog,
404,HotPot_Panel,700,25,60.66,60.66,Water (test medium),panel,1,https://catalog.data.gov/dataset/solar-cooker-test-data-per-asae-s580-1-nov2013-american-society-of-agricultural-and-biolog,
405,HotPot_Panel,700,25,61.1,61.1,Water (test medium),panel,1,https://catalog.data.gov/dataset/solar-cooker-test-data-per-asae-s580-1-nov2013-american-society-of-agricultural-and-biolog,
406,HotPot_Panel,700,25,61.54,61.54,Water (test medium),panel,1,https://catalog.data.gov/dataset/solar-cooker-test-data-per-asae-s580-1-nov2013-american-society-of-agricultural-and-biolog,
407,HotPot_Panel,700,25,61.98,61.98,Water (test medium),panel,1,https://catalog.data.gov/dataset/solar-cooker-test-data-per-asae-s580-1-nov2013-american-society-of-agricultural-and-biolog,
408,HotPot_Panel,700,25,62.42,62.42,Water (test medium),panel,1,https://catalog.data.gov/dataset/solar-cooker-test-data-per-asae-s580-1-nov2013-american-society-of-agricultural-and-biolog,
409,HotPot_Panel,700,25,62.86,62.86,Water (test medium),panel,1,https://catalog.data.gov/dataset/solar-cooker-test-data-per-asae-s580-1-nov2013-american-society-of-agricultural-and-biolog,
410,HotPot_Panel,700,25,63.3,63.3,Water (test medium),panel,1,https://catalog.data.gov/dataset/solar-cooker-test-data-per-asae-s580-1-nov2013-american-society-of-agricultural-and-biolog,
411,HotPot_Panel,700,25,63.7,63.7,Water (test medium),panel,1,https://catalog.data.gov/dataset/solar-cooker-test-data-per-asae-s580-1-nov2013-american-society-of-agricultural-and-biolog,
412,HotPot_Panel,700,25,64.1,64.1,Water (test medium),panel,1,https://catalog.data.gov/dataset/solar-cooker-test-data-per-asae-s580-1-nov2013-american-society-of-agricultural-and-biolog,
413,HotPot_Panel,700,25,64.5,64.5,Water (test medium),panel,1,https://catalog.data.gov/dataset/solar-cooker-test-data-per-asae-s580-1-nov2013-american-society-of-agricultural-and-biolog,
414,HotPot_Panel,700,25,64.9,64.9,Water (test medium),panel,1,https://catalog.data.gov/dataset/solar-cooker-test-data-per-asae-s580-1-nov2013-american-society-of-agricultural-and-biolog,
415,HotPot_Panel,700,25,65.3,65.3,Water (test medium),panel,1,https://catalog.data.gov/dataset/solar-cooker-test-data-per-asae-s580-1-nov2013-american-society-of-agricultural-and-biolog,
416,HotPot_Panel,700,25,65.7,65.7,Water (test medium),panel,1,https://catalog.data.gov/dataset/solar-cooker-test-data-per-asae-s580-1-nov2013-american-society-of-agricultural-and-biolog,
417,HotPot_Panel,700,25,66.1,66.1,Water (test medium),panel,1,https://catalog.data.gov/dataset/solar-cooker-test-data-per-asae-s580-1-nov2013-american-society-of-agricultural-and-biolog,
418,HotPot_Panel,700,25,66.5,66.5,Water (test medium),panel,1,https://catalog.data.gov/dataset/solar-cooker-test-data-per-asae-s580-1-nov2013-american-society-of-agricultural-and-biolog,
419,HotPot_Panel,700,25,66.9,66.9,Water (test medium),panel,1,https://catalog.data.gov/dataset/solar-cooker-test-data-per-asae-s580-1-nov2013-american-society-of-agricultural-and-biolog,
420,HotPot_Panel,700,25,67.3,67.3,Water (test medium),panel,1,https://catalog.data.gov/dataset/solar-cooker-test-data-per-asae-s580-1-nov2013-american-society-of-agricultural-and-biolog,
421,HotPot_Panel,700,25,67.84,67.84,Water (test medium),panel,1,https://catalog.data.gov/dataset/solar-cooker-test-data-per-asae-s580-1-nov2013-american-society-of-agricultural-and-biolog,
422,HotPot_Panel,700,25,68.38,68.38,Water (test medium),panel,1,https://catalog.data.gov/dataset/solar-cooker-test-data-per-asae-s580-1-nov2013-american-society-of-agricultural-and-biolog,
423,HotPot_Panel,700,25,68.92,68.92,Water (test medium),panel,1,https://catalog.data.gov/dataset/solar-cooker-test-data-per-asae-s580-1-nov2013-american-society-of-agricultural-and-biolog,
424,HotPot_Panel,700,25,69.46,69.46,Water (test medium),panel,1,https://catalog.data.gov/dataset/solar-cooker-test-data-per-asae-s580-1-nov2013-american-society-of-agricultural-and-biolog,
425,HotPot_Panel,700,25,70,70,Water (test medium),panel,1,https://catalog.data.gov/dataset/solar-cooker-test-data-per-asae-s580-1-nov2013-american-society-of-agricultural-and-biolog,
426,HotPot_Panel,700,25,70.54,70.54,Water (test medium),panel,1,https://catalog.data.gov/dataset/solar-cooker-test-data-per-asae-s580-1-nov2013-american-society-of-agricultural-and-biolog,
427,HotPot_Panel,700,25,71.08,71.08,Water (test medium),panel,1,https://catalog.data.gov/dataset/solar-cooker-test-data-per-asae-s580-1-nov2013-american-society-of-agricultural-and-biolog,
428,HotPot_Panel,700,25,71.62,71.62,Water (test medium),panel,1,https://catalog.data.gov/dataset/solar-cooker-test-data-per-asae-s580-1-nov2013-american-society-of-agricultural-and-biolog,
429,HotPot_Panel,700,25,72.16,72.16,Water (test medium),panel,1,https://catalog.data.gov/dataset/solar-cooker-test-data-per-asae-s580-1-nov2013-american-society-of-agricultural-and-biolog,
430,HotPot_Panel,700,25,72.7,72.7,Water (test medium),panel,1,https://catalog.data.gov/dataset/solar-cooker-test-data-per-asae-s580-1-nov2013-american-society-of-agricultural-and-biolog,
431,HotPot_Panel,700,25,72.94,72.94,Water (test medium),panel,1,https://catalog.data.gov/dataset/solar-cooker-test-data-per-asae-s580-1-nov2013-american-society-of-agricultural-and-biolog,
432,HotPot_Panel,700,25,73.18,73.18,Water (test medium),panel,1,https://catalog.data.gov/dataset/solar-cooker-test-data-per-asae-s580-1-nov2013-american-society-of-agricultural-and-biolog,
433,HotPot_Panel,700,25,73.42,73.42,Water (test medium),panel,1,https://catalog.data.gov/dataset/solar-cooker-test-data-per-asae-s580-1-nov2013-american-society-of-agricultural-and-biolog,
434,HotPot_Panel,700,25,73.66,73.66,Water (test medium),panel,1,https://catalog.data.gov/dataset/solar-cooker-test-data-per-asae-s580-1-nov2013-american-society-of-agricultural-and-biolog,
435,HotPot_Panel,700,25,73.9,73.9,Water (test medium),panel,1,https://catalog.data.gov/dataset/solar-cooker-test-data-per-asae-s580-1-nov2013-american-society-of-agricultural-and-biolog,
436,HotPot_Panel,700,25,74.14,74.14,Water (test medium),panel,1,https://catalog.data.gov/dataset/solar-cooker-test-data-per-asae-s580-1-nov2013-american-society-of-agricultural-and-biolog,
437,HotPot_Panel,700,25,74.38,74.38,Water (test medium),panel,1,https://catalog.data.gov/dataset/solar-cooker-test-data-per-asae-s580-1-nov2013-american-society-of-agricultural-and-biolog,
438,HotPot_Panel,700,25,74.62,74.62,Water (test medium),panel,1,https://catalog.data.gov/dataset/solar-cooker-test-data-per-asae-s580-1-nov2013-american-society-of-agricultural-and-biolog,
439,HotPot_Panel,700,25,74.86,74.86,Water (test medium),panel,1,https://catalog.data.gov/dataset/solar-cooker-test-data-per-asae-s580-1-nov2013-american-society-of-agricultural-and-biolog,
440,HotPot_Panel,700,25,75.1,75.1,Water (test medium),panel,1,https://catalog.data.gov/dataset/solar-cooker-test-data-per-asae-s580-1-nov2013-american-society-of-agricultural-and-biolog,
441,HotPot_Panel,700,25,75.22,75.22,Water (test medium),panel,1,https://catalog.data.gov/dataset/solar-cooker-test-data-per-asae-s580-1-nov2013-american-society-of-agricultural-and-biolog,
442,HotPot_Panel,700,25,75.34,75.34,Water (test medium),panel,1,https://catalog.data.gov/dataset/solar-cooker-test-data-per-asae-s580-1-nov2013-american-society-of-agricultural-and-biolog,
443,HotPot_Panel,700,25,75.46,75.46,Water (test medium),panel,1,https://catalog.data.gov/dataset/solar-cooker-test-data-per-asae-s580-1-nov2013-american-society-of-agricultural-and-biolog,
444,HotPot_Panel,700,25,75.58,75.58,Water (test medium),panel,1,https://catalog.data.gov/dataset/solar-cooker-test-data-per-asae-s580-1-nov2013-american-society-of-agricultural-and-biolog,
445,HotPot_Panel,700,25,75.7,75.7,Water (test medium),panel,1,https://catalog.data.gov/dataset/solar-cooker-test-data-per-asae-s580-1-nov2013-american-society-of-agricultural-and-biolog,
446,HotPot_Panel,700,25,75.82,75.82,Water (test medium),panel,1,https://catalog.data.gov/dataset/solar-cooker-test-data-per-asae-s580-1-nov2013-american-society-of-agricultural-and-biolog,
447,HotPot_Panel,700,25,75.94,75.94,Water (test medium),panel,1,https://catalog.data.gov/dataset/solar-cooker-test-data-per-asae-s580-1-nov2013-american-society-of-agricultural-and-biolog,
448,HotPot_Panel,700,25,76.06,76.06,Water (test medium),panel,1,https://catalog.data.gov/dataset/solar-cooker-test-data-per-asae-s580-1-nov2013-american-society-of-agricultural-and-biolog,
449,HotPot_Panel,700,25,76.18,76.18,Water (test medium),panel,1,https://catalog.data.gov/dataset/solar-cooker-test-data-per-asae-s580-1-nov2013-american-society-of-agricultural-and-biolog,
450,HotPot_Panel,700,25,76.3,76.3,Water (test medium),panel,1,https://catalog.data.gov/dataset/solar-cooker-test-data-per-asae-s580-1-nov2013-american-society-of-agricultural-and-biolog,
451,HotPot_Panel,700,25,76.52,76.52,Water (test medium),panel,1,https://catalog.data.gov/dataset/solar-cooker-test-data-per-asae-s580-1-nov2013-american-society-of-agricultural-and-biolog,
452,HotPot_Panel,700,25,76.74,76.74,Water (test medium),panel,1,https://catalog.data.gov/dataset/solar-cooker-test-data-per-asae-s580-1-nov2013-american-society-of-agricultural-and-biolog,
453,HotPot_Panel,700,25,76.96,76.96,Water (test medium),panel,1,https://catalog.data.gov/dataset/solar-cooker-test-data-per-asae-s580-1-nov2013-american-society-of-agricultural-and-biolog,
454,HotPot_Panel,700,25,77.18,77.18,Water (test medium),panel,1,https://catalog.data.gov/dataset/solar-cooker-test-data-per-asae-s580-1-nov2013-american-society-of-agricultural-and-biolog,
455,HotPot_Panel,700,25,77.4,77.4,Water (test medium),panel,1,https://catalog.data.gov/dataset/solar-cooker-test-data-per-asae-s580-1-nov2013-american-society-of-agricultural-and-biolog,
456,HotPot_Panel,700,25,77.62,77.62,Water (test medium),panel,1,https://catalog.data.gov/dataset/solar-cooker-test-data-per-asae-s580-1-nov2013-american-society-of-agricultural-and-biolog,
457,HotPot_Panel,700,25,77.84,77.84,Water (test medium),panel,1,https://catalog.data.gov/dataset/solar-cooker-test-data-per-asae-s580-1-nov2013-american-society-of-agricultural-and-biolog,
458,HotPot_Panel,700,25,78.06,78.06,Water (test medium),panel,1,https://catalog.data.gov/dataset/solar-cooker-test-data-per-asae-s580-1-nov2013-american-society-of-agricultural-and-biolog,
459,HotPot_Panel,700,25,78.28,78.28,Water (test medium),panel,1,https://catalog.data.gov/dataset/solar-cooker-test-data-per-asae-s580-1-nov2013-american-society-of-agricultural-and-biolog,
460,HotPot_Panel,700,25,78.5,78.5,Water (test medium),panel,1,https://catalog.data.gov/dataset/solar-cooker-test-data-per-asae-s580-1-nov2013-american-society-of-agricultural-and-biolog,
461,HotPot_Panel,700,25,78.54,78.54,Water (test medium),panel,1,https://catalog.data.gov/dataset/solar-cooker-test-data-per-asae-s580-1-nov2013-american-society-of-agricultural-and-biolog,
462,HotPot_Panel,700,25,78.58,78.58,Water (test medium),panel,1,https://catalog.data.gov/dataset/solar-cooker-test-data-per-asae-s580-1-nov2013-american-society-of-agricultural-and-biolog,
463,HotPot_Panel,700,25,78.62,78.62,Water (test medium),panel,1,https://catalog.data.gov/dataset/solar-cooker-test-data-per-asae-s580-1-nov2013-american-society-of-agricultural-and-biolog,
464,HotPot_Panel,700,25,78.66,78.66,Water (test medium),panel,1,https://catalog.data.gov/dataset/solar-cooker-test-data-per-asae-s580-1-nov2013-american-society-of-agricultural-and-biolog,
465,HotPot_Panel,700,25,78.7,78.7,Water (test medium),panel,1,https://catalog.data.gov/dataset/solar-cooker-test-data-per-asae-s580-1-nov2013-american-society-of-agricultural-and-biolog,
466,HotPot_Panel,700,25,78.74,78.74,Water (test medium),panel,1,https://catalog.data.gov/dataset/solar-cooker-test-data-per-asae-s580-1-nov2013-american-society-of-agricultural-and-biolog,
467,HotPot_Panel,700,25,78.78,78.78,Water (test medium),panel,1,https://catalog.data.gov/dataset/solar-cooker-test-data-per-asae-s580-1-nov2013-american-society-of-agricultural-and-biolog,
468,HotPot_Panel,700,25,78.82,78.82,Water (test medium),panel,1,https://catalog.data.gov/dataset/solar-cooker-test-data-per-asae-s580-1-nov2013-american-society-of-agricultural-and-biolog,
469,HotPot_Panel,700,25,78.86,78.86,Water (test medium),panel,1,https://catalog.data.gov/dataset/solar-cooker-test-data-per-asae-s580-1-nov2013-american-society-of-agricultural-and-biolog,
470,HotPot_Panel,700,25,78.9,78.9,Water (test medium),panel,1,https://catalog.data.gov/dataset/solar-cooker-test-data-per-asae-s580-1-nov2013-american-society-of-agricultural-and-biolog,
471,HotPot_Panel,700,25,79.05,79.05,Water (test medium),panel,1,https://catalog.data.gov/dataset/solar-cooker-test-data-per-asae-s580-1-nov2013-american-society-of-agricultural-and-biolog,
472,HotPot_Panel,700,25,79.2,79.2,Water (test medium),panel,1,https://catalog.data.gov/dataset/solar-cooker-test-data-per-asae-s580-1-nov2013-american-society-of-agricultural-and-biolog,
473,HotPot_Panel,700,25,79.35,79.35,Water (test medium),panel,1,https://catalog.data.gov/dataset/solar-cooker-test-data-per-asae-s580-1-nov2013-american-society-of-agricultural-and-biolog,
474,HotPot_Panel,700,25,79.5,79.5,Water (test medium),panel,1,https://catalog.data.gov/dataset/solar-cooker-test-data-per-asae-s580-1-nov2013-american-society-of-agricultural-and-biolog,
475,HotPot_Panel,700,25,79.65,79.65,Water (test medium),panel,1,https://catalog.data.gov/dataset/solar-cooker-test-data-per-asae-s580-1-nov2013-american-society-of-agricultural-and-biolog,
476,HotPot_Panel,700,25,79.8,79.8,Water (test medium),panel,1,https://catalog.data.gov/dataset/solar-cooker-test-data-per-asae-s580-1-nov2013-american-society-of-agricultural-and-biolog,
477,HotPot_Panel,700,25,79.95,79.95,Water (test medium),panel,1,https://catalog.data.gov/dataset/solar-cooker-test-data-per-asae-s580-1-nov2013-american-society-of-agricultural-and-biolog,
478,HotPot_Panel,700,25,80.1,80.1,Water (test medium),panel,1,https://catalog.data.gov/dataset/solar-cooker-test-data-per-asae-s580-1-nov2013-american-society-of-agricultural-and-biolog,
479,HotPot_Panel,700,25,80.25,80.25,Water (test medium),panel,1,https://catalog.data.gov/dataset/solar-cooker-test-data-per-asae-s580-1-nov2013-american-society-of-agricultural-and-biolog,
480,HotPot_Panel,700,25,80.4,80.4,Water (test medium),panel,1,https://catalog.data.gov/dataset/solar-cooker-test-data-per-asae-s580-1-nov2013-american-society-of-agricultural-and-biolog,
481,HotPot_Panel,700,25,80.67,80.67,Water (test medium),panel,1,https://catalog.data.gov/dataset/solar-cooker-test-data-per-asae-s580-1-nov2013-american-society-of-agricultural-and-biolog,
482,HotPot_Panel,700,25,80.94,80.94,Water (test medium),panel,1,https://catalog.data.gov/dataset/solar-cooker-test-data-per-asae-s580-1-nov2013-american-society-of-agricultural-and-biolog,
483,HotPot_Panel,700,25,81.21,81.21,Water (test medium),panel,1,https://catalog.data.gov/dataset/solar-cooker-test-data-per-asae-s580-1-nov2013-american-society-of-agricultural-and-biolog,
484,HotPot_Panel,700,25,81.48,81.48,Water (test medium),panel,1,https://catalog.data.gov/dataset/solar-cooker-test-data-per-asae-s580-1-nov2013-american-society-of-agricultural-and-biolog,
485,HotPot_Panel,700,25,81.75,81.75,Water (test medium),panel,1,https://catalog.data.gov/dataset/solar-cooker-test-data-per-asae-s580-1-nov2013-american-society-of-agricultural-and-biolog,
486,HotPot_Panel,700,25,82.02,82.02,Water (test medium),panel,1,https://catalog.data.gov/dataset/solar-cooker-test-data-per-asae-s580-1-nov2013-american-society-of-agricultural-and-biolog,
487,HotPot_Panel,700,25,82.29,82.29,Water (test medium),panel,1,https://catalog.data.gov/dataset/solar-cooker-test-data-per-asae-s580-1-nov2013-american-society-of-agricultural-and-biolog,
488,HotPot_Panel,700,25,82.56,82.56,Water (test medium),panel,1,https://catalog.data.gov/dataset/solar-cooker-test-data-per-asae-s580-1-nov2013-american-society-of-agricultural-and-biolog,
489,HotPot_Panel,700,25,82.83,82.83,Water (test medium),panel,1,https://catalog.data.gov/dataset/solar-cooker-test-data-per-asae-s580-1-nov2013-american-society-of-agricultural-and-biolog,
490,HotPot_Panel,700,25,83.1,83.1,Water (test medium),panel,1,https://catalog.data.gov/dataset/solar-cooker-test-data-per-asae-s580-1-nov2013-american-society-of-agricultural-and-biolog,
491,HotPot_Panel,700,25,83.34,83.34,Water (test medium),panel,1,https://catalog.data.gov/dataset/solar-cooker-test-data-per-asae-s580-1-nov2013-american-society-of-agricultural-and-biolog,
492,HotPot_Panel,700,25,83.58,83.58,Water (test medium),panel,1,https://catalog.data.gov/dataset/solar-cooker-test-data-per-asae-s580-1-nov2013-american-society-of-agricultural-and-biolog,
493,HotPot_Panel,700,25,83.82,83.82,Water (test medium),panel,1,https://catalog.data.gov/dataset/solar-cooker-test-data-per-asae-s580-1-nov2013-american-society-of-agricultural-and-biolog,
494,HotPot_Panel,700,25,84.06,84.06,Water (test medium),panel,1,https://catalog.data.gov/dataset/solar-cooker-test-data-per-asae-s580-1-nov2013-american-society-of-agricultural-and-biolog,
495,HotPot_Panel,700,25,84.3,84.3,Water (test medium),panel,1,https://catalog.data.gov/dataset/solar-cooker-test-data-per-asae-s580-1-nov2013-american-society-of-agricultural-and-biolog,
496,HotPot_Panel,700,25,84.54,84.54,Water (test medium),panel,1,https://catalog.data.gov/dataset/solar-cooker-test-data-per-asae-s580-1-nov2013-american-society-of-agricultural-and-biolog,
497,HotPot_Panel,700,25,84.78,84.78,Water (test medium),panel,1,https://catalog.data.gov/dataset/solar-cooker-test-data-per-asae-s580-1-nov2013-american-society-of-agricultural-and-biolog,
498,HotPot_Panel,700,25,85.02,85.02,Water (test medium),panel,1,https://catalog.data.gov/dataset/solar-cooker-test-data-per-asae-s580-1-nov2013-american-society-of-agricultural-and-biolog,
499,HotPot_Panel,700,25,85.26,85.26,Water (test medium),panel,1,https://catalog.data.gov/dataset/solar-cooker-test-data-per-asae-s580-1-nov2013-american-society-of-agricultural-and-biolog,
500,HotPot_Panel,700,25,85.5,85.5,Water (test medium),panel,1,https://catalog.data.gov/dataset/solar-cooker-test-data-per-asae-s580-1-nov2013-american-society-of-agricultural-and-biolog,
501,HotPot_Panel,700,25,85.5,85.5,Water (test medium),panel,1,https://catalog.data.gov/dataset/solar-cooker-test-data-per-asae-s580-1-nov2013-american-society-of-agricultural-and-biolog,
502,HotPot_Panel,700,25,85.5,85.5,Water (test medium),panel,1,https://catalog.data.gov/dataset/solar-cooker-test-data-per-asae-s580-1-nov2013-american-society-of-agricultural-and-biolog,
503,HotPot_Panel,700,25,85.5,85.5,Water (test medium),panel,1,https://catalog.data.gov/dataset/solar-cooker-test-data-per-asae-s580-1-nov2013-american-society-of-agricultural-and-biolog,
504,HotPot_Panel,700,25,85.5,85.5,Water (test medium),panel,1,https://catalog.data.gov/dataset/solar-cooker-test-data-per-asae-s580-1-nov2013-american-society-of-agricultural-and-biolog,
505,HotPot_Panel,700,25,85.5,85.5,Water (test medium),panel,1,https://catalog.data.gov/dataset/solar-cooker-test-data-per-asae-s580-1-nov2013-american-society-of-agricultural-and-biolog,
506,HotPot_Panel,700,25,85.5,85.5,Water (test medium),panel,1,https://catalog.data.gov/dataset/solar-cooker-test-data-per-asae-s580-1-nov2013-american-society-of-agricultural-and-biolog,
507,HotPot_Panel,700,25,85.5,85.5,Water (test medium),panel,1,https://catalog.data.gov/dataset/solar-cooker-test-data-per-asae-s580-1-nov2013-american-society-of-agricultural-and-biolog,
508,HotPot_Panel,700,25,85.5,85.5,Water (test medium),panel,1,https://catalog.data.gov/dataset/solar-cooker-test-data-per-asae-s580-1-nov2013-american-society-of-agricultural-and-biolog,
509,HotPot_Panel,700,25,85.5,85.5,Water (test medium),panel,1,https://catalog.data.gov/dataset/solar-cooker-test-data-per-asae-s580-1-nov2013-american-society-of-agricultural-and-biolog,
510,HotPot_Panel,700,25,85.5,85.5,Water (test medium),panel,1,https://catalog.data.gov/dataset/solar-cooker-test-data-per-asae-s580-1-nov2013-american-society-of-agricultural-and-biolog,
511,HotPot_Panel,700,25,85.78,85.78,Water (test medium),panel,1,https://catalog.data.gov/dataset/solar-cooker-test-data-per-asae-s580-1-nov2013-american-society-of-agricultural-and-biolog,
512,HotPot_Panel,700,25,86.06,86.06,Water (test medium),panel,1,https://catalog.data.gov/dataset/solar-cooker-test-data-per-asae-s580-1-nov2013-american-society-of-agricultural-and-biolog,
513,HotPot_Panel,700,25,86.34,86.34,Water (test medium),panel,1,https://catalog.data.gov/dataset/solar-cooker-test-data-per-asae-s580-1-nov2013-american-society-of-agricultural-and-biolog,
514,HotPot_Panel,700,25,86.62,86.62,Water (test medium),panel,1,https://catalog.data.gov/dataset/solar-cooker-test-data-per-asae-s580-1-nov2013-american-society-of-agricultural-and-biolog,
515,HotPot_Panel,700,25,86.9,86.9,Water (test medium),panel,1,https://catalog.data.gov/dataset/solar-cooker-test-data-per-asae-s580-1-nov2013-american-society-of-agricultural-and-biolog,
516,HotPot_Panel,700,25,87.18,87.18,Water (test medium),panel,1,https://catalog.data.gov/dataset/solar-cooker-test-data-per-asae-s580-1-nov2013-american-society-of-agricultural-and-biolog,
517,HotPot_Panel,700,25,87.46,87.46,Water (test medium),panel,1,https://catalog.data.gov/dataset/solar-cooker-test-data-per-asae-s580-1-nov2013-american-society-of-agricultural-and-biolog,
518,HotPot_Panel,700,25,87.74,87.74,Water (test medium),panel,1,https://catalog.data.gov/dataset/solar-cooker-test-data-per-asae-s580-1-nov2013-american-society-of-agricultural-and-biolog,
519,HotPot_Panel,700,25,88.02,88.02,Water (test medium),panel,1,https://catalog.data.gov/dataset/solar-cooker-test-data-per-asae-s580-1-nov2013-american-society-of-agricultural-and-biolog,
520,HotPot_Panel,700,25,88.3,88.3,Water (test medium),panel,1,https://catalog.data.gov/dataset/solar-cooker-test-data-per-asae-s580-1-nov2013-american-society-of-agricultural-and-biolog,
0,SunChef_Parabolic,700,25,35,35,Water (test medium),parabolic,1,https://catalog.data.gov/dataset/solar-cooker-test-data-per-asae-s580-1-nov2013-american-society-of-agricultural-and-biolog,
1,SunChef_Parabolic,700,25,35.99,35.99,Water (test medium),parabolic,1,https://catalog.data.gov/dataset/solar-cooker-test-data-per-asae-s580-1-nov2013-american-society-of-agricultural-and-biolog,
2,SunChef_Parabolic,700,25,36.98,36.98,Water (test medium),parabolic,1,https://catalog.data.gov/dataset/solar-cooker-test-data-per-asae-s580-1-nov2013-american-society-of-agricultural-and-biolog,
3,SunChef_Parabolic,700,25,37.97,37.97,Water (test medium),parabolic,1,https://catalog.data.gov/dataset/solar-cooker-test-data-per-asae-s580-1-nov2013-american-society-of-agricultural-and-biolog,
4,SunChef_Parabolic,700,25,38.96,38.96,Water (test medium),parabolic,1,https://catalog.data.gov/dataset/solar-cooker-test-data-per-asae-s580-1-nov2013-american-society-of-agricultural-and-biolog,
5,SunChef_Parabolic,700,25,39.95,39.95,Water (test medium),parabolic,1,https://catalog.data.gov/dataset/solar-cooker-test-data-per-asae-s580-1-nov2013-american-society-of-agricultural-and-biolog,
6,SunChef_Parabolic,700,25,40.94,40.94,Water (test medium),parabolic,1,https://catalog.data.gov/dataset/solar-cooker-test-data-per-asae-s580-1-nov2013-american-society-of-agricultural-and-biolog,
7,SunChef_Parabolic,700,25,41.93,41.93,Water (test medium),parabolic,1,https://catalog.data.gov/dataset/solar-cooker-test-data-per-asae-s580-1-nov2013-american-society-of-agricultural-and-biolog,
8,SunChef_Parabolic,700,25,42.92,42.92,Water (test medium),parabolic,1,https://catalog.data.gov/dataset/solar-cooker-test-data-per-asae-s580-1-nov2013-american-society-of-agricultural-and-biolog,
9,SunChef_Parabolic,700,25,43.91,43.91,Water (test medium),parabolic,1,https://catalog.data.gov/dataset/solar-cooker-test-data-per-asae-s580-1-nov2013-american-society-of-agricultural-and-biolog,
10,SunChef_Parabolic,700,25,44.9,44.9,Water (test medium),parabolic,1,https://catalog.data.gov/dataset/solar-cooker-test-data-per-asae-s580-1-nov2013-american-society-of-agricultural-and-biolog,
11,SunChef_Parabolic,700,25,45.83,45.83,Water (test medium),parabolic,1,https://catalog.data.gov/dataset/solar-cooker-test-data-per-asae-s580-1-nov2013-american-society-of-agricultural-and-biolog,
12,SunChef_Parabolic,700,25,46.76,46.76,Water (test medium),parabolic,1,https://catalog.data.gov/dataset/solar-cooker-test-data-per-asae-s580-1-nov2013-american-society-of-agricultural-and-biolog,
13,SunChef_Parabolic,700,25,47.69,47.69,Water (test medium),parabolic,1,https://catalog.data.gov/dataset/solar-cooker-test-data-per-asae-s580-1-nov2013-american-society-of-agricultural-and-biolog,
14,SunChef_Parabolic,700,25,48.62,48.62,Water (test medium),parabolic,1,https://catalog.data.gov/dataset/solar-cooker-test-data-per-asae-s580-1-nov2013-american-society-of-agricultural-and-biolog,
15,SunChef_Parabolic,700,25,49.55,49.55,Water (test medium),parabolic,1,https://catalog.data.gov/dataset/solar-cooker-test-data-per-asae-s580-1-nov2013-american-society-of-agricultural-and-biolog,
16,SunChef_Parabolic,700,25,50.48,50.48,Water (test medium),parabolic,1,https://catalog.data.gov/dataset/solar-cooker-test-data-per-asae-s580-1-nov2013-american-society-of-agricultural-and-biolog,
17,SunChef_Parabolic,700,25,51.41,51.41,Water (test medium),parabolic,1,https://catalog.data.gov/dataset/solar-cooker-test-data-per-asae-s580-1-nov2013-american-society-of-agricultural-and-biolog,
18,SunChef_Parabolic,700,25,52.34,52.34,Water (test medium),parabolic,1,https://catalog.data.gov/dataset/solar-cooker-test-data-per-asae-s580-1-nov2013-american-society-of-agricultural-and-biolog,
19,SunChef_Parabolic,700,25,53.27,53.27,Water (test medium),parabolic,1,https://catalog.data.gov/dataset/solar-cooker-test-data-per-asae-s580-1-nov2013-american-society-of-agricultural-and-biolog,
20,SunChef_Parabolic,700,25,54.2,54.2,Water (test medium),parabolic,1,https://catalog.data.gov/dataset/solar-cooker-test-data-per-asae-s580-1-nov2013-american-society-of-agricultural-and-biolog,
21,SunChef_Parabolic,700,25,55.03,55.03,Water (test medium),parabolic,1,https://catalog.data.gov/dataset/solar-cooker-test-data-per-asae-s580-1-nov2013-american-society-of-agricultural-and-biolog,
22,SunChef_Parabolic,700,25,55.86,55.86,Water (test medium),parabolic,1,https://catalog.data.gov/dataset/solar-cooker-test-data-per-asae-s580-1-nov2013-american-society-of-agricultural-and-biolog,
23,SunChef_Parabolic,700,25,56.69,56.69,Water (test medium),parabolic,1,https://catalog.data.gov/dataset/solar-cooker-test-data-per-asae-s580-1-nov2013-american-society-of-agricultural-and-biolog,
24,SunChef_Parabolic,700,25,57.52,57.52,Water (test medium),parabolic,1,https://catalog.data.gov/dataset/solar-cooker-test-data-per-asae-s580-1-nov2013-american-society-of-agricultural-and-biolog,
25,SunChef_Parabolic,700,25,58.35,58.35,Water (test medium),parabolic,1,https://catalog.data.gov/dataset/solar-cooker-test-data-per-asae-s580-1-nov2013-american-society-of-agricultural-and-biolog,
26,SunChef_Parabolic,700,25,59.18,59.18,Water (test medium),parabolic,1,https://catalog.data.gov/dataset/solar-cooker-test-data-per-asae-s580-1-nov2013-american-society-of-agricultural-and-biolog,
27,SunChef_Parabolic,700,25,60.01,60.01,Water (test medium),parabolic,1,https://catalog.data.gov/dataset/solar-cooker-test-data-per-asae-s580-1-nov2013-american-society-of-agricultural-and-biolog,
28,SunChef_Parabolic,700,25,60.84,60.84,Water (test medium),parabolic,1,https://catalog.data.gov/dataset/solar-cooker-test-data-per-asae-s580-1-nov2013-american-society-of-agricultural-and-biolog,
29,SunChef_Parabolic,700,25,61.67,61.67,Water (test medium),parabolic,1,https://catalog.data.gov/dataset/solar-cooker-test-data-per-asae-s580-1-nov2013-american-society-of-agricultural-and-biolog,
30,SunChef_Parabolic,700,25,62.5,62.5,Water (test medium),parabolic,1,https://catalog.data.gov/dataset/solar-cooker-test-data-per-asae-s580-1-nov2013-american-society-of-agricultural-and-biolog,
31,SunChef_Parabolic,700,25,63.24,63.24,Water (test medium),parabolic,1,https://catalog.data.gov/dataset/solar-cooker-test-data-per-asae-s580-1-nov2013-american-society-of-agricultural-and-biolog,
32,SunChef_Parabolic,700,25,63.98,63.98,Water (test medium),parabolic,1,https://catalog.data.gov/dataset/solar-cooker-test-data-per-asae-s580-1-nov2013-american-society-of-agricultural-and-biolog,
33,SunChef_Parabolic,700,25,64.72,64.72,Water (test medium),parabolic,1,https://catalog.data.gov/dataset/solar-cooker-test-data-per-asae-s580-1-nov2013-american-society-of-agricultural-and-biolog,
34,SunChef_Parabolic,700,25,65.46,65.46,Water (test medium),parabolic,1,https://catalog.data.gov/dataset/solar-cooker-test-data-per-asae-s580-1-nov2013-american-society-of-agricultural-and-biolog,
35,SunChef_Parabolic,700,25,66.2,66.2,Water (test medium),parabolic,1,https://catalog.data.gov/dataset/solar-cooker-test-data-per-asae-s580-1-nov2013-american-society-of-agricultural-and-biolog,
36,SunChef_Parabolic,700,25,66.94,66.94,Water (test medium),parabolic,1,https://catalog.data.gov/dataset/solar-cooker-test-data-per-asae-s580-1-nov2013-american-society-of-agricultural-and-biolog,
37,SunChef_Parabolic,700,25,67.68,67.68,Water (test medium),parabolic,1,https://catalog.data.gov/dataset/solar-cooker-test-data-per-asae-s580-1-nov2013-american-society-of-agricultural-and-biolog,
38,SunChef_Parabolic,700,25,68.42,68.42,Water (test medium),parabolic,1,https://catalog.data.gov/dataset/solar-cooker-test-data-per-asae-s580-1-nov2013-american-society-of-agricultural-and-biolog,
39,SunChef_Parabolic,700,25,69.16,69.16,Water (test medium),parabolic,1,https://catalog.data.gov/dataset/solar-cooker-test-data-per-asae-s580-1-nov2013-american-society-of-agricultural-and-biolog,
40,SunChef_Parabolic,700,25,69.9,69.9,Water (test medium),parabolic,1,https://catalog.data.gov/dataset/solar-cooker-test-data-per-asae-s580-1-nov2013-american-society-of-agricultural-and-biolog,
41,SunChef_Parabolic,700,25,70.62,70.62,Water (test medium),parabolic,1,https://catalog.data.gov/dataset/solar-cooker-test-data-per-asae-s580-1-nov2013-american-society-of-agricultural-and-biolog,
42,SunChef_Parabolic,700,25,71.34,71.34,Water (test medium),parabolic,1,https://catalog.data.gov/dataset/solar-cooker-test-data-per-asae-s580-1-nov2013-american-society-of-agricultural-and-biolog,
43,SunChef_Parabolic,700,25,72.06,72.06,Water (test medium),parabolic,1,https://catalog.data.gov/dataset/solar-cooker-test-data-per-asae-s580-1-nov2013-american-society-of-agricultural-and-biolog,
44,SunChef_Parabolic,700,25,72.78,72.78,Water (test medium),parabolic,1,https://catalog.data.gov/dataset/solar-cooker-test-data-per-asae-s580-1-nov2013-american-society-of-agricultural-and-biolog,
45,SunChef_Parabolic,700,25,73.5,73.5,Water (test medium),parabolic,1,https://catalog.data.gov/dataset/solar-cooker-test-data-per-asae-s580-1-nov2013-american-society-of-agricultural-and-biolog,
46,SunChef_Parabolic,700,25,74.22,74.22,Water (test medium),parabolic,1,https://catalog.data.gov/dataset/solar-cooker-test-data-per-asae-s580-1-nov2013-american-society-of-agricultural-and-biolog,
47,SunChef_Parabolic,700,25,74.94,74.94,Water (test medium),parabolic,1,https://catalog.data.gov/dataset/solar-cooker-test-data-per-asae-s580-1-nov2013-american-society-of-agricultural-and-biolog,
48,SunChef_Parabolic,700,25,75.66,75.66,Water (test medium),parabolic,1,https://catalog.data.gov/dataset/solar-cooker-test-data-per-asae-s580-1-nov2013-american-society-of-agricultural-and-biolog,
49,SunChef_Parabolic,700,25,76.38,76.38,Water (test medium),parabolic,1,https://catalog.data.gov/dataset/solar-cooker-test-data-per-asae-s580-1-nov2013-american-society-of-agricultural-and-biolog,
50,SunChef_Parabolic,700,25,77.1,77.1,Water (test medium),parabolic,1,https://catalog.data.gov/dataset/solar-cooker-test-data-per-asae-s580-1-nov2013-american-society-of-agricultural-and-biolog,
51,SunChef_Parabolic,700,25,77.71,77.71,Water (test medium),parabolic,1,https://catalog.data.gov/dataset/solar-cooker-test-data-per-asae-s580-1-nov2013-american-society-of-agricultural-and-biolog,
52,SunChef_Parabolic,700,25,78.32,78.32,Water (test medium),parabolic,1,https://catalog.data.gov/dataset/solar-cooker-test-data-per-asae-s580-1-nov2013-american-society-of-agricultural-and-biolog,
53,SunChef_Parabolic,700,25,78.93,78.93,Water (test medium),parabolic,1,https://catalog.data.gov/dataset/solar-cooker-test-data-per-asae-s580-1-nov2013-american-society-of-agricultural-and-biolog,
54,SunChef_Parabolic,700,25,79.54,79.54,Water (test medium),parabolic,1,https://catalog.data.gov/dataset/solar-cooker-test-data-per-asae-s580-1-nov2013-american-society-of-agricultural-and-biolog,
55,SunChef_Parabolic,700,25,80.15,80.15,Water (test medium),parabolic,1,https://catalog.data.gov/dataset/solar-cooker-test-data-per-asae-s580-1-nov2013-american-society-of-agricultural-and-biolog,
56,SunChef_Parabolic,700,25,80.76,80.76,Water (test medium),parabolic,1,https://catalog.data.gov/dataset/solar-cooker-test-data-per-asae-s580-1-nov2013-american-society-of-agricultural-and-biolog,
57,SunChef_Parabolic,700,25,81.37,81.37,Water (test medium),parabolic,1,https://catalog.data.gov/dataset/solar-cooker-test-data-per-asae-s580-1-nov2013-american-society-of-agricultural-and-biolog,
58,SunChef_Parabolic,700,25,81.98,81.98,Water (test medium),parabolic,1,https://catalog.data.gov/dataset/solar-cooker-test-data-per-asae-s580-1-nov2013-american-society-of-agricultural-and-biolog,
59,SunChef_Parabolic,700,25,82.59,82.59,Water (test medium),parabolic,1,https://catalog.data.gov/dataset/solar-cooker-test-data-per-asae-s580-1-nov2013-american-society-of-agricultural-and-biolog,
60,SunChef_Parabolic,700,25,83.2,83.2,Water (test medium),parabolic,1,https://catalog.data.gov/dataset/solar-cooker-test-data-per-asae-s580-1-nov2013-american-society-of-agricultural-and-biolog,
61,SunChef_Parabolic,700,25,78.41,78.41,Water (test medium),parabolic,1,https://catalog.data.gov/dataset/solar-cooker-test-data-per-asae-s580-1-nov2013-american-society-of-agricultural-and-biolog,
62,SunChef_Parabolic,700,25,73.62,73.62,Water (test medium),parabolic,1,https://catalog.data.gov/dataset/solar-cooker-test-data-per-asae-s580-1-nov2013-american-society-of-agricultural-and-biolog,
63,SunChef_Parabolic,700,25,68.83,68.83,Water (test medium),parabolic,1,https://catalog.data.gov/dataset/solar-cooker-test-data-per-asae-s580-1-nov2013-american-society-of-agricultural-and-biolog,
64,SunChef_Parabolic,700,25,64.04,64.04,Water (test medium),parabolic,1,https://catalog.data.gov/dataset/solar-cooker-test-data-per-asae-s580-1-nov2013-american-society-of-agricultural-and-biolog,
65,SunChef_Parabolic,700,25,59.25,59.25,Water (test medium),parabolic,1,https://catalog.data.gov/dataset/solar-cooker-test-data-per-asae-s580-1-nov2013-american-society-of-agricultural-and-biolog,
66,SunChef_Parabolic,700,25,54.46,54.46,Water (test medium),parabolic,1,https://catalog.data.gov/dataset/solar-cooker-test-data-per-asae-s580-1-nov2013-american-society-of-agricultural-and-biolog,
67,SunChef_Parabolic,700,25,49.67,49.67,Water (test medium),parabolic,1,https://catalog.data.gov/dataset/solar-cooker-test-data-per-asae-s580-1-nov2013-american-society-of-agricultural-and-biolog,
68,SunChef_Parabolic,700,25,44.88,44.88,Water (test medium),parabolic,1,https://catalog.data.gov/dataset/solar-cooker-test-data-per-asae-s580-1-nov2013-american-society-of-agricultural-and-biolog,
69,SunChef_Parabolic,700,25,40.09,40.09,Water (test medium),parabolic,1,https://catalog.data.gov/dataset/solar-cooker-test-data-per-asae-s580-1-nov2013-american-society-of-agricultural-and-biolog,
70,SunChef_Parabolic,700,25,35.3,35.3,Water (test medium),parabolic,1,https://catalog.data.gov/dataset/solar-cooker-test-data-per-asae-s580-1-nov2013-american-society-of-agricultural-and-biolog,
71,SunChef_Parabolic,700,25,38.68,38.68,Water (test medium),parabolic,1,https://catalog.data.gov/dataset/solar-cooker-test-data-per-asae-s580-1-nov2013-american-society-of-agricultural-and-biolog,
72,SunChef_Parabolic,700,25,42.06,42.06,Water (test medium),parabolic,1,https://catalog.data.gov/dataset/solar-cooker-test-data-per-asae-s580-1-nov2013-american-society-of-agricultural-and-biolog,
73,SunChef_Parabolic,700,25,45.44,45.44,Water (test medium),parabolic,1,https://catalog.data.gov/dataset/solar-cooker-test-data-per-asae-s580-1-nov2013-american-society-of-agricultural-and-biolog,
74,SunChef_Parabolic,700,25,48.82,48.82,Water (test medium),parabolic,1,https://catalog.data.gov/dataset/solar-cooker-test-data-per-asae-s580-1-nov2013-american-society-of-agricultural-and-biolog,
75,SunChef_Parabolic,700,25,52.2,52.2,Water (test medium),parabolic,1,https://catalog.data.gov/dataset/solar-cooker-test-data-per-asae-s580-1-nov2013-american-society-of-agricultural-and-biolog,
76,SunChef_Parabolic,700,25,55.58,55.58,Water (test medium),parabolic,1,https://catalog.data.gov/dataset/solar-cooker-test-data-per-asae-s580-1-nov2013-american-society-of-agricultural-and-biolog,
77,SunChef_Parabolic,700,25,58.96,58.96,Water (test medium),parabolic,1,https://catalog.data.gov/dataset/solar-cooker-test-data-per-asae-s580-1-nov2013-american-society-of-agricultural-and-biolog,
78,SunChef_Parabolic,700,25,62.34,62.34,Water (test medium),parabolic,1,https://catalog.data.gov/dataset/solar-cooker-test-data-per-asae-s580-1-nov2013-american-society-of-agricultural-and-biolog,
79,SunChef_Parabolic,700,25,65.72,65.72,Water (test medium),parabolic,1,https://catalog.data.gov/dataset/solar-cooker-test-data-per-asae-s580-1-nov2013-american-society-of-agricultural-and-biolog,
80,SunChef_Parabolic,700,25,69.1,69.1,Water (test medium),parabolic,1,https://catalog.data.gov/dataset/solar-cooker-test-data-per-asae-s580-1-nov2013-american-society-of-agricultural-and-biolog,
81,SunChef_Parabolic,700,25,69.8,69.8,Water (test medium),parabolic,1,https://catalog.data.gov/dataset/solar-cooker-test-data-per-asae-s580-1-nov2013-american-society-of-agricultural-and-biolog,
82,SunChef_Parabolic,700,25,70.5,70.5,Water (test medium),parabolic,1,https://catalog.data.gov/dataset/solar-cooker-test-data-per-asae-s580-1-nov2013-american-society-of-agricultural-and-biolog,
83,SunChef_Parabolic,700,25,71.2,71.2,Water (test medium),parabolic,1,https://catalog.data.gov/dataset/solar-cooker-test-data-per-asae-s580-1-nov2013-american-society-of-agricultural-and-biolog,
84,SunChef_Parabolic,700,25,71.9,71.9,Water (test medium),parabolic,1,https://catalog.data.gov/dataset/solar-cooker-test-data-per-asae-s580-1-nov2013-american-society-of-agricultural-and-biolog,
85,SunChef_Parabolic,700,25,72.6,72.6,Water (test medium),parabolic,1,https://catalog.data.gov/dataset/solar-cooker-test-data-per-asae-s580-1-nov2013-american-society-of-agricultural-and-biolog,
86,SunChef_Parabolic,700,25,73.3,73.3,Water (test medium),parabolic,1,https://catalog.data.gov/dataset/solar-cooker-test-data-per-asae-s580-1-nov2013-american-society-of-agricultural-and-biolog,
87,SunChef_Parabolic,700,25,74,74,Water (test medium),parabolic,1,https://catalog.data.gov/dataset/solar-cooker-test-data-per-asae-s580-1-nov2013-american-society-of-agricultural-and-biolog,
88,SunChef_Parabolic,700,25,74.7,74.7,Water (test medium),parabolic,1,https://catalog.data.gov/dataset/solar-cooker-test-data-per-asae-s580-1-nov2013-american-society-of-agricultural-and-biolog,
89,SunChef_Parabolic,700,25,75.4,75.4,Water (test medium),parabolic,1,https://catalog.data.gov/dataset/solar-cooker-test-data-per-asae-s580-1-nov2013-american-society-of-agricultural-and-biolog,
90,SunChef_Parabolic,700,25,76.1,76.1,Water (test medium),parabolic,1,https://catalog.data.gov/dataset/solar-cooker-test-data-per-asae-s580-1-nov2013-american-society-of-agricultural-and-biolog,
91,SunChef_Parabolic,700,25,76.69,76.69,Water (test medium),parabolic,1,https://catalog.data.gov/dataset/solar-cooker-test-data-per-asae-s580-1-nov2013-american-society-of-agricultural-and-biolog,
92,SunChef_Parabolic,700,25,77.28,77.28,Water (test medium),parabolic,1,https://catalog.data.gov/dataset/solar-cooker-test-data-per-asae-s580-1-nov2013-american-society-of-agricultural-and-biolog,
93,SunChef_Parabolic,700,25,77.87,77.87,Water (test medium),parabolic,1,https://catalog.data.gov/dataset/solar-cooker-test-data-per-asae-s580-1-nov2013-american-society-of-agricultural-and-biolog,
94,SunChef_Parabolic,700,25,78.46,78.46,Water (test medium),parabolic,1,https://catalog.data.gov/dataset/solar-cooker-test-data-per-asae-s580-1-nov2013-american-society-of-agricultural-and-biolog,
95,SunChef_Parabolic,700,25,79.05,79.05,Water (test medium),parabolic,1,https://catalog.data.gov/dataset/solar-cooker-test-data-per-asae-s580-1-nov2013-american-society-of-agricultural-and-biolog,
96,SunChef_Parabolic,700,25,79.64,79.64,Water (test medium),parabolic,1,https://catalog.data.gov/dataset/solar-cooker-test-data-per-asae-s580-1-nov2013-american-society-of-agricultural-and-biolog,
97,SunChef_Parabolic,700,25,80.23,80.23,Water (test medium),parabolic,1,https://catalog.data.gov/dataset/solar-cooker-test-data-per-asae-s580-1-nov2013-american-society-of-agricultural-and-biolog,
98,SunChef_Parabolic,700,25,80.82,80.82,Water (test medium),parabolic,1,https://catalog.data.gov/dataset/solar-cooker-test-data-per-asae-s580-1-nov2013-american-society-of-agricultural-and-biolog,
99,SunChef_Parabolic,700,25,81.41,81.41,Water (test medium),parabolic,1,https://catalog.data.gov/dataset/solar-cooker-test-data-per-asae-s580-1-nov2013-american-society-of-agricultural-and-biolog,
100,SunChef_Parabolic,700,25,82,82,Water (test medium),parabolic,1,https://catalog.data.gov/dataset/solar-cooker-test-data-per-asae-s580-1-nov2013-american-society-of-agricultural-and-biolog,
101,SunChef_Parabolic,700,25,82.59,82.59,Water (test medium),parabolic,1,https://catalog.data.gov/dataset/solar-cooker-test-data-per-asae-s580-1-nov2013-american-society-of-agricultural-and-biolog,
102,SunChef_Parabolic,700,25,83.18,83.18,Water (test medium),parabolic,1,https://catalog.data.gov/dataset/solar-cooker-test-data-per-asae-s580-1-nov2013-american-society-of-agricultural-and-biolog,
103,SunChef_Parabolic,700,25,83.77,83.77,Water (test medium),parabolic,1,https://catalog.data.gov/dataset/solar-cooker-test-data-per-asae-s580-1-nov2013-american-society-of-agricultural-and-biolog,
104,SunChef_Parabolic,700,25,84.36,84.36,Water (test medium),parabolic,1,https://catalog.data.gov/dataset/solar-cooker-test-data-per-asae-s580-1-nov2013-american-society-of-agricultural-and-biolog,
105,SunChef_Parabolic,700,25,84.95,84.95,Water (test medium),parabolic,1,https://catalog.data.gov/dataset/solar-cooker-test-data-per-asae-s580-1-nov2013-american-society-of-agricultural-and-biolog,
106,SunChef_Parabolic,700,25,85.54,85.54,Water (test medium),parabolic,1,https://catalog.data.gov/dataset/solar-cooker-test-data-per-asae-s580-1-nov2013-american-society-of-agricultural-and-biolog,
107,SunChef_Parabolic,700,25,86.13,86.13,Water (test medium),parabolic,1,https://catalog.data.gov/dataset/solar-cooker-test-data-per-asae-s580-1-nov2013-american-society-of-agricultural-and-biolog,
108,SunChef_Parabolic,700,25,86.72,86.72,Water (test medium),parabolic,1,https://catalog.data.gov/dataset/solar-cooker-test-data-per-asae-s580-1-nov2013-american-society-of-agricultural-and-biolog,
109,SunChef_Parabolic,700,25,87.31,87.31,Water (test medium),parabolic,1,https://catalog.data.gov/dataset/solar-cooker-test-data-per-asae-s580-1-nov2013-american-society-of-agricultural-and-biolog,
110,SunChef_Parabolic,700,25,87.9,87.9,Water (test medium),parabolic,1,https://catalog.data.gov/dataset/solar-cooker-test-data-per-asae-s580-1-nov2013-american-society-of-agricultural-and-biolog,
111,SunChef_Parabolic,700,25,82.57,82.57,Water (test medium),parabolic,1,https://catalog.data.gov/dataset/solar-cooker-test-data-per-asae-s580-1-nov2013-american-society-of-agricultural-and-biolog,
112,SunChef_Parabolic,700,25,77.24,77.24,Water (test medium),parabolic,1,https://catalog.data.gov/dataset/solar-cooker-test-data-per-asae-s580-1-nov2013-american-society-of-agricultural-and-biolog,
113,SunChef_Parabolic,700,25,71.91,71.91,Water (test medium),parabolic,1,https://catalog.data.gov/dataset/solar-cooker-test-data-per-asae-s580-1-nov2013-american-society-of-agricultural-and-biolog,
114,SunChef_Parabolic,700,25,66.58,66.58,Water (test medium),parabolic,1,https://catalog.data.gov/dataset/solar-cooker-test-data-per-asae-s580-1-nov2013-american-society-of-agricultural-and-biolog,
115,SunChef_Parabolic,700,25,61.25,61.25,Water (test medium),parabolic,1,https://catalog.data.gov/dataset/solar-cooker-test-data-per-asae-s580-1-nov2013-american-society-of-agricultural-and-biolog,
116,SunChef_Parabolic,700,25,55.92,55.92,Water (test medium),parabolic,1,https://catalog.data.gov/dataset/solar-cooker-test-data-per-asae-s580-1-nov2013-american-society-of-agricultural-and-biolog,
117,SunChef_Parabolic,700,25,50.59,50.59,Water (test medium),parabolic,1,https://catalog.data.gov/dataset/solar-cooker-test-data-per-asae-s580-1-nov2013-american-society-of-agricultural-and-biolog,
118,SunChef_Parabolic,700,25,45.26,45.26,Water (test medium),parabolic,1,https://catalog.data.gov/dataset/solar-cooker-test-data-per-asae-s580-1-nov2013-american-society-of-agricultural-and-biolog,
119,SunChef_Parabolic,700,25,39.93,39.93,Water (test medium),parabolic,1,https://catalog.data.gov/dataset/solar-cooker-test-data-per-asae-s580-1-nov2013-american-society-of-agricultural-and-biolog,
120,SunChef_Parabolic,700,25,34.6,34.6,Water (test medium),parabolic,1,https://catalog.data.gov/dataset/solar-cooker-test-data-per-asae-s580-1-nov2013-american-society-of-agricultural-and-biolog,
121,SunChef_Parabolic,700,25,35.44,35.44,Water (test medium),parabolic,1,https://catalog.data.gov/dataset/solar-cooker-test-data-per-asae-s580-1-nov2013-american-society-of-agricultural-and-biolog,
122,SunChef_Parabolic,700,25,36.28,36.28,Water (test medium),parabolic,1,https://catalog.data.gov/dataset/solar-cooker-test-data-per-asae-s580-1-nov2013-american-society-of-agricultural-and-biolog,
123,SunChef_Parabolic,700,25,37.12,37.12,Water (test medium),parabolic,1,https://catalog.data.gov/dataset/solar-cooker-test-data-per-asae-s580-1-nov2013-american-society-of-agricultural-and-biolog,
124,SunChef_Parabolic,700,25,37.96,37.96,Water (test medium),parabolic,1,https://catalog.data.gov/dataset/solar-cooker-test-data-per-asae-s580-1-nov2013-american-society-of-agricultural-and-biolog,
125,SunChef_Parabolic,700,25,38.8,38.8,Water (test medium),parabolic,1,https://catalog.data.gov/dataset/solar-cooker-test-data-per-asae-s580-1-nov2013-american-society-of-agricultural-and-biolog,
126,SunChef_Parabolic,700,25,39.64,39.64,Water (test medium),parabolic,1,https://catalog.data.gov/dataset/solar-cooker-test-data-per-asae-s580-1-nov2013-american-society-of-agricultural-and-biolog,
127,SunChef_Parabolic,700,25,40.48,40.48,Water (test medium),parabolic,1,https://catalog.data.gov/dataset/solar-cooker-test-data-per-asae-s580-1-nov2013-american-society-of-agricultural-and-biolog,
128,SunChef_Parabolic,700,25,41.32,41.32,Water (test medium),parabolic,1,https://catalog.data.gov/dataset/solar-cooker-test-data-per-asae-s580-1-nov2013-american-society-of-agricultural-and-biolog,
129,SunChef_Parabolic,700,25,42.16,42.16,Water (test medium),parabolic,1,https://catalog.data.gov/dataset/solar-cooker-test-data-per-asae-s580-1-nov2013-american-society-of-agricultural-and-biolog,
130,SunChef_Parabolic,700,25,43,43,Water (test medium),parabolic,1,https://catalog.data.gov/dataset/solar-cooker-test-data-per-asae-s580-1-nov2013-american-society-of-agricultural-and-biolog,
131,SunChef_Parabolic,700,25,43.83,43.83,Water (test medium),parabolic,1,https://catalog.data.gov/dataset/solar-cooker-test-data-per-asae-s580-1-nov2013-american-society-of-agricultural-and-biolog,
132,SunChef_Parabolic,700,25,44.66,44.66,Water (test medium),parabolic,1,https://catalog.data.gov/dataset/solar-cooker-test-data-per-asae-s580-1-nov2013-american-society-of-agricultural-and-biolog,
133,SunChef_Parabolic,700,25,45.49,45.49,Water (test medium),parabolic,1,https://catalog.data.gov/dataset/solar-cooker-test-data-per-asae-s580-1-nov2013-american-society-of-agricultural-and-biolog,
134,SunChef_Parabolic,700,25,46.32,46.32,Water (test medium),parabolic,1,https://catalog.data.gov/dataset/solar-cooker-test-data-per-asae-s580-1-nov2013-american-society-of-agricultural-and-biolog,
135,SunChef_Parabolic,700,25,47.15,47.15,Water (test medium),parabolic,1,https://catalog.data.gov/dataset/solar-cooker-test-data-per-asae-s580-1-nov2013-american-society-of-agricultural-and-biolog,
136,SunChef_Parabolic,700,25,47.98,47.98,Water (test medium),parabolic,1,https://catalog.data.gov/dataset/solar-cooker-test-data-per-asae-s580-1-nov2013-american-society-of-agricultural-and-biolog,
137,SunChef_Parabolic,700,25,48.81,48.81,Water (test medium),parabolic,1,https://catalog.data.gov/dataset/solar-cooker-test-data-per-asae-s580-1-nov2013-american-society-of-agricultural-and-biolog,
138,SunChef_Parabolic,700,25,49.64,49.64,Water (test medium),parabolic,1,https://catalog.data.gov/dataset/solar-cooker-test-data-per-asae-s580-1-nov2013-american-society-of-agricultural-and-biolog,
139,SunChef_Parabolic,700,25,50.47,50.47,Water (test medium),parabolic,1,https://catalog.data.gov/dataset/solar-cooker-test-data-per-asae-s580-1-nov2013-american-society-of-agricultural-and-biolog,
140,SunChef_Parabolic,700,25,51.3,51.3,Water (test medium),parabolic,1,https://catalog.data.gov/dataset/solar-cooker-test-data-per-asae-s580-1-nov2013-american-society-of-agricultural-and-biolog,
141,SunChef_Parabolic,700,25,52.08,52.08,Water (test medium),parabolic,1,https://catalog.data.gov/dataset/solar-cooker-test-data-per-asae-s580-1-nov2013-american-society-of-agricultural-and-biolog,
142,SunChef_Parabolic,700,25,52.86,52.86,Water (test medium),parabolic,1,https://catalog.data.gov/dataset/solar-cooker-test-data-per-asae-s580-1-nov2013-american-society-of-agricultural-and-biolog,
143,SunChef_Parabolic,700,25,53.64,53.64,Water (test medium),parabolic,1,https://catalog.data.gov/dataset/solar-cooker-test-data-per-asae-s580-1-nov2013-american-society-of-agricultural-and-biolog,
144,SunChef_Parabolic,700,25,54.42,54.42,Water (test medium),parabolic,1,https://catalog.data.gov/dataset/solar-cooker-test-data-per-asae-s580-1-nov2013-american-society-of-agricultural-and-biolog,
145,SunChef_Parabolic,700,25,55.2,55.2,Water (test medium),parabolic,1,https://catalog.data.gov/dataset/solar-cooker-test-data-per-asae-s580-1-nov2013-american-society-of-agricultural-and-biolog,
146,SunChef_Parabolic,700,25,55.98,55.98,Water (test medium),parabolic,1,https://catalog.data.gov/dataset/solar-cooker-test-data-per-asae-s580-1-nov2013-american-society-of-agricultural-and-biolog,
147,SunChef_Parabolic,700,25,56.76,56.76,Water (test medium),parabolic,1,https://catalog.data.gov/dataset/solar-cooker-test-data-per-asae-s580-1-nov2013-american-society-of-agricultural-and-biolog,
148,SunChef_Parabolic,700,25,57.54,57.54,Water (test medium),parabolic,1,https://catalog.data.gov/dataset/solar-cooker-test-data-per-asae-s580-1-nov2013-american-society-of-agricultural-and-biolog,
149,SunChef_Parabolic,700,25,58.32,58.32,Water (test medium),parabolic,1,https://catalog.data.gov/dataset/solar-cooker-test-data-per-asae-s580-1-nov2013-american-society-of-agricultural-and-biolog,
150,SunChef_Parabolic,700,25,59.1,59.1,Water (test medium),parabolic,1,https://catalog.data.gov/dataset/solar-cooker-test-data-per-asae-s580-1-nov2013-american-society-of-agricultural-and-biolog,
151,SunChef_Parabolic,700,25,59.79,59.79,Water (test medium),parabolic,1,https://catalog.data.gov/dataset/solar-cooker-test-data-per-asae-s580-1-nov2013-american-society-of-agricultural-and-biolog,
152,SunChef_Parabolic,700,25,60.48,60.48,Water (test medium),parabolic,1,https://catalog.data.gov/dataset/solar-cooker-test-data-per-asae-s580-1-nov2013-american-society-of-agricultural-and-biolog,
153,SunChef_Parabolic,700,25,61.17,61.17,Water (test medium),parabolic,1,https://catalog.data.gov/dataset/solar-cooker-test-data-per-asae-s580-1-nov2013-american-society-of-agricultural-and-biolog,
154,SunChef_Parabolic,700,25,61.86,61.86,Water (test medium),parabolic,1,https://catalog.data.gov/dataset/solar-cooker-test-data-per-asae-s580-1-nov2013-american-society-of-agricultural-and-biolog,
155,SunChef_Parabolic,700,25,62.55,62.55,Water (test medium),parabolic,1,https://catalog.data.gov/dataset/solar-cooker-test-data-per-asae-s580-1-nov2013-american-society-of-agricultural-and-biolog,
156,SunChef_Parabolic,700,25,63.24,63.24,Water (test medium),parabolic,1,https://catalog.data.gov/dataset/solar-cooker-test-data-per-asae-s580-1-nov2013-american-society-of-agricultural-and-biolog,
157,SunChef_Parabolic,700,25,63.93,63.93,Water (test medium),parabolic,1,https://catalog.data.gov/dataset/solar-cooker-test-data-per-asae-s580-1-nov2013-american-society-of-agricultural-and-biolog,
158,SunChef_Parabolic,700,25,64.62,64.62,Water (test medium),parabolic,1,https://catalog.data.gov/dataset/solar-cooker-test-data-per-asae-s580-1-nov2013-american-society-of-agricultural-and-biolog,
159,SunChef_Parabolic,700,25,65.31,65.31,Water (test medium),parabolic,1,https://catalog.data.gov/dataset/solar-cooker-test-data-per-asae-s580-1-nov2013-american-society-of-agricultural-and-biolog,
160,SunChef_Parabolic,700,25,66,66,Water (test medium),parabolic,1,https://catalog.data.gov/dataset/solar-cooker-test-data-per-asae-s580-1-nov2013-american-society-of-agricultural-and-biolog,
161,SunChef_Parabolic,700,25,66.65,66.65,Water (test medium),parabolic,1,https://catalog.data.gov/dataset/solar-cooker-test-data-per-asae-s580-1-nov2013-american-society-of-agricultural-and-biolog,
162,SunChef_Parabolic,700,25,67.3,67.3,Water (test medium),parabolic,1,https://catalog.data.gov/dataset/solar-cooker-test-data-per-asae-s580-1-nov2013-american-society-of-agricultural-and-biolog,
163,SunChef_Parabolic,700,25,67.95,67.95,Water (test medium),parabolic,1,https://catalog.data.gov/dataset/solar-cooker-test-data-per-asae-s580-1-nov2013-american-society-of-agricultural-and-biolog,
164,SunChef_Parabolic,700,25,68.6,68.6,Water (test medium),parabolic,1,https://catalog.data.gov/dataset/solar-cooker-test-data-per-asae-s580-1-nov2013-american-society-of-agricultural-and-biolog,
165,SunChef_Parabolic,700,25,69.25,69.25,Water (test medium),parabolic,1,https://catalog.data.gov/dataset/solar-cooker-test-data-per-asae-s580-1-nov2013-american-society-of-agricultural-and-biolog,
166,SunChef_Parabolic,700,25,69.9,69.9,Water (test medium),parabolic,1,https://catalog.data.gov/dataset/solar-cooker-test-data-per-asae-s580-1-nov2013-american-society-of-agricultural-and-biolog,
167,SunChef_Parabolic,700,25,70.55,70.55,Water (test medium),parabolic,1,https://catalog.data.gov/dataset/solar-cooker-test-data-per-asae-s580-1-nov2013-american-society-of-agricultural-and-biolog,
168,SunChef_Parabolic,700,25,71.2,71.2,Water (test medium),parabolic,1,https://catalog.data.gov/dataset/solar-cooker-test-data-per-asae-s580-1-nov2013-american-society-of-agricultural-and-biolog,
169,SunChef_Parabolic,700,25,71.85,71.85,Water (test medium),parabolic,1,https://catalog.data.gov/dataset/solar-cooker-test-data-per-asae-s580-1-nov2013-american-society-of-agricultural-and-biolog,
170,SunChef_Parabolic,700,25,72.5,72.5,Water (test medium),parabolic,1,https://catalog.data.gov/dataset/solar-cooker-test-data-per-asae-s580-1-nov2013-american-society-of-agricultural-and-biolog,
171,SunChef_Parabolic,700,25,73.08,73.08,Water (test medium),parabolic,1,https://catalog.data.gov/dataset/solar-cooker-test-data-per-asae-s580-1-nov2013-american-society-of-agricultural-and-biolog,
172,SunChef_Parabolic,700,25,73.66,73.66,Water (test medium),parabolic,1,https://catalog.data.gov/dataset/solar-cooker-test-data-per-asae-s580-1-nov2013-american-society-of-agricultural-and-biolog,
173,SunChef_Parabolic,700,25,74.24,74.24,Water (test medium),parabolic,1,https://catalog.data.gov/dataset/solar-cooker-test-data-per-asae-s580-1-nov2013-american-society-of-agricultural-and-biolog,
174,SunChef_Parabolic,700,25,74.82,74.82,Water (test medium),parabolic,1,https://catalog.data.gov/dataset/solar-cooker-test-data-per-asae-s580-1-nov2013-american-society-of-agricultural-and-biolog,
175,SunChef_Parabolic,700,25,75.4,75.4,Water (test medium),parabolic,1,https://catalog.data.gov/dataset/solar-cooker-test-data-per-asae-s580-1-nov2013-american-society-of-agricultural-and-biolog,
176,SunChef_Parabolic,700,25,75.98,75.98,Water (test medium),parabolic,1,https://catalog.data.gov/dataset/solar-cooker-test-data-per-asae-s580-1-nov2013-american-society-of-agricultural-and-biolog,
177,SunChef_Parabolic,700,25,76.56,76.56,Water (test medium),parabolic,1,https://catalog.data.gov/dataset/solar-cooker-test-data-per-asae-s580-1-nov2013-american-society-of-agricultural-and-biolog,
178,SunChef_Parabolic,700,25,77.14,77.14,Water (test medium),parabolic,1,https://catalog.data.gov/dataset/solar-cooker-test-data-per-asae-s580-1-nov2013-american-society-of-agricultural-and-biolog,
179,SunChef_Parabolic,700,25,77.72,77.72,Water (test medium),parabolic,1,https://catalog.data.gov/dataset/solar-cooker-test-data-per-asae-s580-1-nov2013-american-society-of-agricultural-and-biolog,
180,SunChef_Parabolic,700,25,78.3,78.3,Water (test medium),parabolic,1,https://catalog.data.gov/dataset/solar-cooker-test-data-per-asae-s580-1-nov2013-american-society-of-agricultural-and-biolog,
181,SunChef_Parabolic,700,25,78.85,78.85,Water (test medium),parabolic,1,https://catalog.data.gov/dataset/solar-cooker-test-data-per-asae-s580-1-nov2013-american-society-of-agricultural-and-biolog,
182,SunChef_Parabolic,700,25,79.4,79.4,Water (test medium),parabolic,1,https://catalog.data.gov/dataset/solar-cooker-test-data-per-asae-s580-1-nov2013-american-society-of-agricultural-and-biolog,
183,SunChef_Parabolic,700,25,79.95,79.95,Water (test medium),parabolic,1,https://catalog.data.gov/dataset/solar-cooker-test-data-per-asae-s580-1-nov2013-american-society-of-agricultural-and-biolog,
184,SunChef_Parabolic,700,25,80.5,80.5,Water (test medium),parabolic,1,https://catalog.data.gov/dataset/solar-cooker-test-data-per-asae-s580-1-nov2013-american-society-of-agricultural-and-biolog,
185,SunChef_Parabolic,700,25,81.05,81.05,Water (test medium),parabolic,1,https://catalog.data.gov/dataset/solar-cooker-test-data-per-asae-s580-1-nov2013-american-society-of-agricultural-and-biolog,
186,SunChef_Parabolic,700,25,81.6,81.6,Water (test medium),parabolic,1,https://catalog.data.gov/dataset/solar-cooker-test-data-per-asae-s580-1-nov2013-american-society-of-agricultural-and-biolog,
187,SunChef_Parabolic,700,25,82.15,82.15,Water (test medium),parabolic,1,https://catalog.data.gov/dataset/solar-cooker-test-data-per-asae-s580-1-nov2013-american-society-of-agricultural-and-biolog,
188,SunChef_Parabolic,700,25,82.7,82.7,Water (test medium),parabolic,1,https://catalog.data.gov/dataset/solar-cooker-test-data-per-asae-s580-1-nov2013-american-society-of-agricultural-and-biolog,
189,SunChef_Parabolic,700,25,83.25,83.25,Water (test medium),parabolic,1,https://catalog.data.gov/dataset/solar-cooker-test-data-per-asae-s580-1-nov2013-american-society-of-agricultural-and-biolog,
190,SunChef_Parabolic,700,25,83.8,83.8,Water (test medium),parabolic,1,https://catalog.data.gov/dataset/solar-cooker-test-data-per-asae-s580-1-nov2013-american-society-of-agricultural-and-biolog,
191,SunChef_Parabolic,700,25,78.87,78.87,Water (test medium),parabolic,1,https://catalog.data.gov/dataset/solar-cooker-test-data-per-asae-s580-1-nov2013-american-society-of-agricultural-and-biolog,
192,SunChef_Parabolic,700,25,73.94,73.94,Water (test medium),parabolic,1,https://catalog.data.gov/dataset/solar-cooker-test-data-per-asae-s580-1-nov2013-american-society-of-agricultural-and-biolog,
193,SunChef_Parabolic,700,25,69.01,69.01,Water (test medium),parabolic,1,https://catalog.data.gov/dataset/solar-cooker-test-data-per-asae-s580-1-nov2013-american-society-of-agricultural-and-biolog,
194,SunChef_Parabolic,700,25,64.08,64.08,Water (test medium),parabolic,1,https://catalog.data.gov/dataset/solar-cooker-test-data-per-asae-s580-1-nov2013-american-society-of-agricultural-and-biolog,
195,SunChef_Parabolic,700,25,59.15,59.15,Water (test medium),parabolic,1,https://catalog.data.gov/dataset/solar-cooker-test-data-per-asae-s580-1-nov2013-american-society-of-agricultural-and-biolog,
196,SunChef_Parabolic,700,25,54.22,54.22,Water (test medium),parabolic,1,https://catalog.data.gov/dataset/solar-cooker-test-data-per-asae-s580-1-nov2013-american-society-of-agricultural-and-biolog,
197,SunChef_Parabolic,700,25,49.29,49.29,Water (test medium),parabolic,1,https://catalog.data.gov/dataset/solar-cooker-test-data-per-asae-s580-1-nov2013-american-society-of-agricultural-and-biolog,
198,SunChef_Parabolic,700,25,44.36,44.36,Water (test medium),parabolic,1,https://catalog.data.gov/dataset/solar-cooker-test-data-per-asae-s580-1-nov2013-american-society-of-agricultural-and-biolog,
199,SunChef_Parabolic,700,25,39.43,39.43,Water (test medium),parabolic,1,https://catalog.data.gov/dataset/solar-cooker-test-data-per-asae-s580-1-nov2013-american-society-of-agricultural-and-biolog,
200,SunChef_Parabolic,700,25,34.5,34.5,Water (test medium),parabolic,1,https://catalog.data.gov/dataset/solar-cooker-test-data-per-asae-s580-1-nov2013-american-society-of-agricultural-and-biolog,
201,SunChef_Parabolic,700,25,35.41,35.41,Water (test medium),parabolic,1,https://catalog.data.gov/dataset/solar-cooker-test-data-per-asae-s580-1-nov2013-american-society-of-agricultural-and-biolog,
202,SunChef_Parabolic,700,25,36.32,36.32,Water (test medium),parabolic,1,https://catalog.data.gov/dataset/solar-cooker-test-data-per-asae-s580-1-nov2013-american-society-of-agricultural-and-biolog,
203,SunChef_Parabolic,700,25,37.23,37.23,Water (test medium),parabolic,1,https://catalog.data.gov/dataset/solar-cooker-test-data-per-asae-s580-1-nov2013-american-society-of-agricultural-and-biolog,
204,SunChef_Parabolic,700,25,38.14,38.14,Water (test medium),parabolic,1,https://catalog.data.gov/dataset/solar-cooker-test-data-per-asae-s580-1-nov2013-american-society-of-agricultural-and-biolog,
205,SunChef_Parabolic,700,25,39.05,39.05,Water (test medium),parabolic,1,https://catalog.data.gov/dataset/solar-cooker-test-data-per-asae-s580-1-nov2013-american-society-of-agricultural-and-biolog,
206,SunChef_Parabolic,700,25,39.96,39.96,Water (test medium),parabolic,1,https://catalog.data.gov/dataset/solar-cooker-test-data-per-asae-s580-1-nov2013-american-society-of-agricultural-and-biolog,
207,SunChef_Parabolic,700,25,40.87,40.87,Water (test medium),parabolic,1,https://catalog.data.gov/dataset/solar-cooker-test-data-per-asae-s580-1-nov2013-american-society-of-agricultural-and-biolog,
208,SunChef_Parabolic,700,25,41.78,41.78,Water (test medium),parabolic,1,https://catalog.data.gov/dataset/solar-cooker-test-data-per-asae-s580-1-nov2013-american-society-of-agricultural-and-biolog,
209,SunChef_Parabolic,700,25,42.69,42.69,Water (test medium),parabolic,1,https://catalog.data.gov/dataset/solar-cooker-test-data-per-asae-s580-1-nov2013-american-society-of-agricultural-and-biolog,
210,SunChef_Parabolic,700,25,43.6,43.6,Water (test medium),parabolic,1,https://catalog.data.gov/dataset/solar-cooker-test-data-per-asae-s580-1-nov2013-american-society-of-agricultural-and-biolog,
211,SunChef_Parabolic,700,25,44.4,44.4,Water (test medium),parabolic,1,https://catalog.data.gov/dataset/solar-cooker-test-data-per-asae-s580-1-nov2013-american-society-of-agricultural-and-biolog,
212,SunChef_Parabolic,700,25,45.2,45.2,Water (test medium),parabolic,1,https://catalog.data.gov/dataset/solar-cooker-test-data-per-asae-s580-1-nov2013-american-society-of-agricultural-and-biolog,
213,SunChef_Parabolic,700,25,46,46,Water (test medium),parabolic,1,https://catalog.data.gov/dataset/solar-cooker-test-data-per-asae-s580-1-nov2013-american-society-of-agricultural-and-biolog,
214,SunChef_Parabolic,700,25,46.8,46.8,Water (test medium),parabolic,1,https://catalog.data.gov/dataset/solar-cooker-test-data-per-asae-s580-1-nov2013-american-society-of-agricultural-and-biolog,
215,SunChef_Parabolic,700,25,47.6,47.6,Water (test medium),parabolic,1,https://catalog.data.gov/dataset/solar-cooker-test-data-per-asae-s580-1-nov2013-american-society-of-agricultural-and-biolog,
216,SunChef_Parabolic,700,25,48.4,48.4,Water (test medium),parabolic,1,https://catalog.data.gov/dataset/solar-cooker-test-data-per-asae-s580-1-nov2013-american-society-of-agricultural-and-biolog,
217,SunChef_Parabolic,700,25,49.2,49.2,Water (test medium),parabolic,1,https://catalog.data.gov/dataset/solar-cooker-test-data-per-asae-s580-1-nov2013-american-society-of-agricultural-and-biolog,
218,SunChef_Parabolic,700,25,50,50,Water (test medium),parabolic,1,https://catalog.data.gov/dataset/solar-cooker-test-data-per-asae-s580-1-nov2013-american-society-of-agricultural-and-biolog,
219,SunChef_Parabolic,700,25,50.8,50.8,Water (test medium),parabolic,1,https://catalog.data.gov/dataset/solar-cooker-test-data-per-asae-s580-1-nov2013-american-society-of-agricultural-and-biolog,
220,SunChef_Parabolic,700,25,51.6,51.6,Water (test medium),parabolic,1,https://catalog.data.gov/dataset/solar-cooker-test-data-per-asae-s580-1-nov2013-american-society-of-agricultural-and-biolog,
221,SunChef_Parabolic,700,25,52.37,52.37,Water (test medium),parabolic,1,https://catalog.data.gov/dataset/solar-cooker-test-data-per-asae-s580-1-nov2013-american-society-of-agricultural-and-biolog,
222,SunChef_Parabolic,700,25,53.14,53.14,Water (test medium),parabolic,1,https://catalog.data.gov/dataset/solar-cooker-test-data-per-asae-s580-1-nov2013-american-society-of-agricultural-and-biolog,
223,SunChef_Parabolic,700,25,53.91,53.91,Water (test medium),parabolic,1,https://catalog.data.gov/dataset/solar-cooker-test-data-per-asae-s580-1-nov2013-american-society-of-agricultural-and-biolog,
224,SunChef_Parabolic,700,25,54.68,54.68,Water (test medium),parabolic,1,https://catalog.data.gov/dataset/solar-cooker-test-data-per-asae-s580-1-nov2013-american-society-of-agricultural-and-biolog,
225,SunChef_Parabolic,700,25,55.45,55.45,Water (test medium),parabolic,1,https://catalog.data.gov/dataset/solar-cooker-test-data-per-asae-s580-1-nov2013-american-society-of-agricultural-and-biolog,
226,SunChef_Parabolic,700,25,56.22,56.22,Water (test medium),parabolic,1,https://catalog.data.gov/dataset/solar-cooker-test-data-per-asae-s580-1-nov2013-american-society-of-agricultural-and-biolog,
227,SunChef_Parabolic,700,25,56.99,56.99,Water (test medium),parabolic,1,https://catalog.data.gov/dataset/solar-cooker-test-data-per-asae-s580-1-nov2013-american-society-of-agricultural-and-biolog,
228,SunChef_Parabolic,700,25,57.76,57.76,Water (test medium),parabolic,1,https://catalog.data.gov/dataset/solar-cooker-test-data-per-asae-s580-1-nov2013-american-society-of-agricultural-and-biolog,
229,SunChef_Parabolic,700,25,58.53,58.53,Water (test medium),parabolic,1,https://catalog.data.gov/dataset/solar-cooker-test-data-per-asae-s580-1-nov2013-american-society-of-agricultural-and-biolog,
230,SunChef_Parabolic,700,25,59.3,59.3,Water (test medium),parabolic,1,https://catalog.data.gov/dataset/solar-cooker-test-data-per-asae-s580-1-nov2013-american-society-of-agricultural-and-biolog,
231,SunChef_Parabolic,700,25,56.88,56.88,Water (test medium),parabolic,1,https://catalog.data.gov/dataset/solar-cooker-test-data-per-asae-s580-1-nov2013-american-society-of-agricultural-and-biolog,
232,SunChef_Parabolic,700,25,54.46,54.46,Water (test medium),parabolic,1,https://catalog.data.gov/dataset/solar-cooker-test-data-per-asae-s580-1-nov2013-american-society-of-agricultural-and-biolog,
233,SunChef_Parabolic,700,25,52.04,52.04,Water (test medium),parabolic,1,https://catalog.data.gov/dataset/solar-cooker-test-data-per-asae-s580-1-nov2013-american-society-of-agricultural-and-biolog,
234,SunChef_Parabolic,700,25,49.62,49.62,Water (test medium),parabolic,1,https://catalog.data.gov/dataset/solar-cooker-test-data-per-asae-s580-1-nov2013-american-society-of-agricultural-and-biolog,
235,SunChef_Parabolic,700,25,47.2,47.2,Water (test medium),parabolic,1,https://catalog.data.gov/dataset/solar-cooker-test-data-per-asae-s580-1-nov2013-american-society-of-agricultural-and-biolog,
236,SunChef_Parabolic,700,25,44.78,44.78,Water (test medium),parabolic,1,https://catalog.data.gov/dataset/solar-cooker-test-data-per-asae-s580-1-nov2013-american-society-of-agricultural-and-biolog,
237,SunChef_Parabolic,700,25,42.36,42.36,Water (test medium),parabolic,1,https://catalog.data.gov/dataset/solar-cooker-test-data-per-asae-s580-1-nov2013-american-society-of-agricultural-and-biolog,
238,SunChef_Parabolic,700,25,39.94,39.94,Water (test medium),parabolic,1,https://catalog.data.gov/dataset/solar-cooker-test-data-per-asae-s580-1-nov2013-american-society-of-agricultural-and-biolog,
239,SunChef_Parabolic,700,25,37.52,37.52,Water (test medium),parabolic,1,https://catalog.data.gov/dataset/solar-cooker-test-data-per-asae-s580-1-nov2013-american-society-of-agricultural-and-biolog,
240,SunChef_Parabolic,700,25,35.1,35.1,Water (test medium),parabolic,1,https://catalog.data.gov/dataset/solar-cooker-test-data-per-asae-s580-1-nov2013-american-society-of-agricultural-and-biolog,
241,SunChef_Parabolic,700,25,35.81,35.81,Water (test medium),parabolic,1,https://catalog.data.gov/dataset/solar-cooker-test-data-per-asae-s580-1-nov2013-american-society-of-agricultural-and-biolog,
242,SunChef_Parabolic,700,25,36.52,36.52,Water (test medium),parabolic,1,https://catalog.data.gov/dataset/solar-cooker-test-data-per-asae-s580-1-nov2013-american-society-of-agricultural-and-biolog,
243,SunChef_Parabolic,700,25,37.23,37.23,Water (test medium),parabolic,1,https://catalog.data.gov/dataset/solar-cooker-test-data-per-asae-s580-1-nov2013-american-society-of-agricultural-and-biolog,
244,SunChef_Parabolic,700,25,37.94,37.94,Water (test medium),parabolic,1,https://catalog.data.gov/dataset/solar-cooker-test-data-per-asae-s580-1-nov2013-american-society-of-agricultural-and-biolog,
245,SunChef_Parabolic,700,25,38.65,38.65,Water (test medium),parabolic,1,https://catalog.data.gov/dataset/solar-cooker-test-data-per-asae-s580-1-nov2013-american-society-of-agricultural-and-biolog,
246,SunChef_Parabolic,700,25,39.36,39.36,Water (test medium),parabolic,1,https://catalog.data.gov/dataset/solar-cooker-test-data-per-asae-s580-1-nov2013-american-society-of-agricultural-and-biolog,
247,SunChef_Parabolic,700,25,40.07,40.07,Water (test medium),parabolic,1,https://catalog.data.gov/dataset/solar-cooker-test-data-per-asae-s580-1-nov2013-american-society-of-agricultural-and-biolog,
248,SunChef_Parabolic,700,25,40.78,40.78,Water (test medium),parabolic,1,https://catalog.data.gov/dataset/solar-cooker-test-data-per-asae-s580-1-nov2013-american-society-of-agricultural-and-biolog,
249,SunChef_Parabolic,700,25,41.49,41.49,Water (test medium),parabolic,1,https://catalog.data.gov/dataset/solar-cooker-test-data-per-asae-s580-1-nov2013-american-society-of-agricultural-and-biolog,
250,SunChef_Parabolic,700,25,42.2,42.2,Water (test medium),parabolic,1,https://catalog.data.gov/dataset/solar-cooker-test-data-per-asae-s580-1-nov2013-american-society-of-agricultural-and-biolog,
251,SunChef_Parabolic,700,25,42.9,42.9,Water (test medium),parabolic,1,https://catalog.data.gov/dataset/solar-cooker-test-data-per-asae-s580-1-nov2013-american-society-of-agricultural-and-biolog,
252,SunChef_Parabolic,700,25,43.6,43.6,Water (test medium),parabolic,1,https://catalog.data.gov/dataset/solar-cooker-test-data-per-asae-s580-1-nov2013-american-society-of-agricultural-and-biolog,
253,SunChef_Parabolic,700,25,44.3,44.3,Water (test medium),parabolic,1,https://catalog.data.gov/dataset/solar-cooker-test-data-per-asae-s580-1-nov2013-american-society-of-agricultural-and-biolog,
254,SunChef_Parabolic,700,25,45,45,Water (test medium),parabolic,1,https://catalog.data.gov/dataset/solar-cooker-test-data-per-asae-s580-1-nov2013-american-society-of-agricultural-and-biolog,
255,SunChef_Parabolic,700,25,45.7,45.7,Water (test medium),parabolic,1,https://catalog.data.gov/dataset/solar-cooker-test-data-per-asae-s580-1-nov2013-american-society-of-agricultural-and-biolog,
256,SunChef_Parabolic,700,25,46.4,46.4,Water (test medium),parabolic,1,https://catalog.data.gov/dataset/solar-cooker-test-data-per-asae-s580-1-nov2013-american-society-of-agricultural-and-biolog,
257,SunChef_Parabolic,700,25,47.1,47.1,Water (test medium),parabolic,1,https://catalog.data.gov/dataset/solar-cooker-test-data-per-asae-s580-1-nov2013-american-society-of-agricultural-and-biolog,
258,SunChef_Parabolic,700,25,47.8,47.8,Water (test medium),parabolic,1,https://catalog.data.gov/dataset/solar-cooker-test-data-per-asae-s580-1-nov2013-american-society-of-agricultural-and-biolog,
259,SunChef_Parabolic,700,25,48.5,48.5,Water (test medium),parabolic,1,https://catalog.data.gov/dataset/solar-cooker-test-data-per-asae-s580-1-nov2013-american-society-of-agricultural-and-biolog,
260,SunChef_Parabolic,700,25,49.2,49.2,Water (test medium),parabolic,1,https://catalog.data.gov/dataset/solar-cooker-test-data-per-asae-s580-1-nov2013-american-society-of-agricultural-and-biolog,
261,SunChef_Parabolic,700,25,49.89,49.89,Water (test medium),parabolic,1,https://catalog.data.gov/dataset/solar-cooker-test-data-per-asae-s580-1-nov2013-american-society-of-agricultural-and-biolog,
262,SunChef_Parabolic,700,25,50.58,50.58,Water (test medium),parabolic,1,https://catalog.data.gov/dataset/solar-cooker-test-data-per-asae-s580-1-nov2013-american-society-of-agricultural-and-biolog,
263,SunChef_Parabolic,700,25,51.27,51.27,Water (test medium),parabolic,1,https://catalog.data.gov/dataset/solar-cooker-test-data-per-asae-s580-1-nov2013-american-society-of-agricultural-and-biolog,
264,SunChef_Parabolic,700,25,51.96,51.96,Water (test medium),parabolic,1,https://catalog.data.gov/dataset/solar-cooker-test-data-per-asae-s580-1-nov2013-american-society-of-agricultural-and-biolog,
265,SunChef_Parabolic,700,25,52.65,52.65,Water (test medium),parabolic,1,https://catalog.data.gov/dataset/solar-cooker-test-data-per-asae-s580-1-nov2013-american-society-of-agricultural-and-biolog,
266,SunChef_Parabolic,700,25,53.34,53.34,Water (test medium),parabolic,1,https://catalog.data.gov/dataset/solar-cooker-test-data-per-asae-s580-1-nov2013-american-society-of-agricultural-and-biolog,
267,SunChef_Parabolic,700,25,54.03,54.03,Water (test medium),parabolic,1,https://catalog.data.gov/dataset/solar-cooker-test-data-per-asae-s580-1-nov2013-american-society-of-agricultural-and-biolog,
268,SunChef_Parabolic,700,25,54.72,54.72,Water (test medium),parabolic,1,https://catalog.data.gov/dataset/solar-cooker-test-data-per-asae-s580-1-nov2013-american-society-of-agricultural-and-biolog,
269,SunChef_Parabolic,700,25,55.41,55.41,Water (test medium),parabolic,1,https://catalog.data.gov/dataset/solar-cooker-test-data-per-asae-s580-1-nov2013-american-society-of-agricultural-and-biolog,
270,SunChef_Parabolic,700,25,56.1,56.1,Water (test medium),parabolic,1,https://catalog.data.gov/dataset/solar-cooker-test-data-per-asae-s580-1-nov2013-american-society-of-agricultural-and-biolog,
271,SunChef_Parabolic,700,25,57.74,57.74,Water (test medium),parabolic,1,https://catalog.data.gov/dataset/solar-cooker-test-data-per-asae-s580-1-nov2013-american-society-of-agricultural-and-biolog,
272,SunChef_Parabolic,700,25,59.38,59.38,Water (test medium),parabolic,1,https://catalog.data.gov/dataset/solar-cooker-test-data-per-asae-s580-1-nov2013-american-society-of-agricultural-and-biolog,
273,SunChef_Parabolic,700,25,61.02,61.02,Water (test medium),parabolic,1,https://catalog.data.gov/dataset/solar-cooker-test-data-per-asae-s580-1-nov2013-american-society-of-agricultural-and-biolog,
274,SunChef_Parabolic,700,25,62.66,62.66,Water (test medium),parabolic,1,https://catalog.data.gov/dataset/solar-cooker-test-data-per-asae-s580-1-nov2013-american-society-of-agricultural-and-biolog,
275,SunChef_Parabolic,700,25,64.3,64.3,Water (test medium),parabolic,1,https://catalog.data.gov/dataset/solar-cooker-test-data-per-asae-s580-1-nov2013-american-society-of-agricultural-and-biolog,
276,SunChef_Parabolic,700,25,65.94,65.94,Water (test medium),parabolic,1,https://catalog.data.gov/dataset/solar-cooker-test-data-per-asae-s580-1-nov2013-american-society-of-agricultural-and-biolog,
277,SunChef_Parabolic,700,25,67.58,67.58,Water (test medium),parabolic,1,https://catalog.data.gov/dataset/solar-cooker-test-data-per-asae-s580-1-nov2013-american-society-of-agricultural-and-biolog,
278,SunChef_Parabolic,700,25,69.22,69.22,Water (test medium),parabolic,1,https://catalog.data.gov/dataset/solar-cooker-test-data-per-asae-s580-1-nov2013-american-society-of-agricultural-and-biolog,
279,SunChef_Parabolic,700,25,70.86,70.86,Water (test medium),parabolic,1,https://catalog.data.gov/dataset/solar-cooker-test-data-per-asae-s580-1-nov2013-american-society-of-agricultural-and-biolog,
280,SunChef_Parabolic,700,25,72.5,72.5,Water (test medium),parabolic,1,https://catalog.data.gov/dataset/solar-cooker-test-data-per-asae-s580-1-nov2013-american-society-of-agricultural-and-biolog,
281,SunChef_Parabolic,700,25,73.85,73.85,Water (test medium),parabolic,1,https://catalog.data.gov/dataset/solar-cooker-test-data-per-asae-s580-1-nov2013-american-society-of-agricultural-and-biolog,
282,SunChef_Parabolic,700,25,75.2,75.2,Water (test medium),parabolic,1,https://catalog.data.gov/dataset/solar-cooker-test-data-per-asae-s580-1-nov2013-american-society-of-agricultural-and-biolog,
283,SunChef_Parabolic,700,25,76.55,76.55,Water (test medium),parabolic,1,https://catalog.data.gov/dataset/solar-cooker-test-data-per-asae-s580-1-nov2013-american-society-of-agricultural-and-biolog,
284,SunChef_Parabolic,700,25,77.9,77.9,Water (test medium),parabolic,1,https://catalog.data.gov/dataset/solar-cooker-test-data-per-asae-s580-1-nov2013-american-society-of-agricultural-and-biolog,
285,SunChef_Parabolic,700,25,79.25,79.25,Water (test medium),parabolic,1,https://catalog.data.gov/dataset/solar-cooker-test-data-per-asae-s580-1-nov2013-american-society-of-agricultural-and-biolog,
286,SunChef_Parabolic,700,25,80.6,80.6,Water (test medium),parabolic,1,https://catalog.data.gov/dataset/solar-cooker-test-data-per-asae-s580-1-nov2013-american-society-of-agricultural-and-biolog,
287,SunChef_Parabolic,700,25,81.95,81.95,Water (test medium),parabolic,1,https://catalog.data.gov/dataset/solar-cooker-test-data-per-asae-s580-1-nov2013-american-society-of-agricultural-and-biolog,
288,SunChef_Parabolic,700,25,83.3,83.3,Water (test medium),parabolic,1,https://catalog.data.gov/dataset/solar-cooker-test-data-per-asae-s580-1-nov2013-american-society-of-agricultural-and-biolog,
289,SunChef_Parabolic,700,25,84.65,84.65,Water (test medium),parabolic,1,https://catalog.data.gov/dataset/solar-cooker-test-data-per-asae-s580-1-nov2013-american-society-of-agricultural-and-biolog,
290,SunChef_Parabolic,700,25,86,86,Water (test medium),parabolic,1,https://catalog.data.gov/dataset/solar-cooker-test-data-per-asae-s580-1-nov2013-american-society-of-agricultural-and-biolog,
291,SunChef_Parabolic,700,25,82.81,82.81,Water (test medium),parabolic,1,https://catalog.data.gov/dataset/solar-cooker-test-data-per-asae-s580-1-nov2013-american-society-of-agricultural-and-biolog,
292,SunChef_Parabolic,700,25,79.62,79.62,Water (test medium),parabolic,1,https://catalog.data.gov/dataset/solar-cooker-test-data-per-asae-s580-1-nov2013-american-society-of-agricultural-and-biolog,
293,SunChef_Parabolic,700,25,76.43,76.43,Water (test medium),parabolic,1,https://catalog.data.gov/dataset/solar-cooker-test-data-per-asae-s580-1-nov2013-american-society-of-agricultural-and-biolog,
294,SunChef_Parabolic,700,25,73.24,73.24,Water (test medium),parabolic,1,https://catalog.data.gov/dataset/solar-cooker-test-data-per-asae-s580-1-nov2013-american-society-of-agricultural-and-biolog,
295,SunChef_Parabolic,700,25,70.05,70.05,Water (test medium),parabolic,1,https://catalog.data.gov/dataset/solar-cooker-test-data-per-asae-s580-1-nov2013-american-society-of-agricultural-and-biolog,
296,SunChef_Parabolic,700,25,66.86,66.86,Water (test medium),parabolic,1,https://catalog.data.gov/dataset/solar-cooker-test-data-per-asae-s580-1-nov2013-american-society-of-agricultural-and-biolog,
297,SunChef_Parabolic,700,25,63.67,63.67,Water (test medium),parabolic,1,https://catalog.data.gov/dataset/solar-cooker-test-data-per-asae-s580-1-nov2013-american-society-of-agricultural-and-biolog,
298,SunChef_Parabolic,700,25,60.48,60.48,Water (test medium),parabolic,1,https://catalog.data.gov/dataset/solar-cooker-test-data-per-asae-s580-1-nov2013-american-society-of-agricultural-and-biolog,
299,SunChef_Parabolic,700,25,57.29,57.29,Water (test medium),parabolic,1,https://catalog.data.gov/dataset/solar-cooker-test-data-per-asae-s580-1-nov2013-american-society-of-agricultural-and-biolog,
300,SunChef_Parabolic,700,25,54.1,54.1,Water (test medium),parabolic,1,https://catalog.data.gov/dataset/solar-cooker-test-data-per-asae-s580-1-nov2013-american-society-of-agricultural-and-biolog,
